Year Month,ICB Code,Commissioner / Provider Code,PCN,PCN Code,Practice,BNF Chemical Substance plus Code,Items,Actual Cost,ADQ Usage,DDD Usage,List Size
202405,QHM,00L00,BLYTH PCN,U25489,MARINE MEDICAL GROUP,,,,,,13400
202405,QHM,00L00,BLYTH PCN,U25489,RAILWAY MEDICAL GROUP,,,,,,27264
202405,QHM,00L00,CRAMLINGTON SEATON VALLEY PCN,U24977,FORUM FAMILY PRACTICE,,,,,,8525
202405,QHM,00L00,CRAMLINGTON SEATON VALLEY PCN,U24977,NETHERFIELD HOUSE,,,,,,5983
202405,QHM,00L00,CRAMLINGTON SEATON VALLEY PCN,U24977,VILLAGE MEDICAL GROUP,,,,,,10811
202405,QHM,00L00,DUMMY,-,RIVERSDALE SURGERY,,,,,,5949
202405,QHM,00L00,DUMMY,-,THE ADDERLANE SURGERY,,,,,,2096
202405,QHM,00L00,NORTHUMBRIA PCN,U09980,NPC AMBLE & BROOMHILL,,,,,,12049
202405,QHM,00L00,NORTHUMBRIA PCN,U09980,NPC CENTRAL NORTHUMBERLAND,,,,,,50562
202405,QHM,00L00,NORTHUMBRIA PCN,U09980,NPC CRAMLINGTON,,,,,,5231
202405,QHM,00L00,NORTHUMBRIA PCN,U09980,NPC ELSDON AVENUE,,,,,,4167
202405,QHM,00L00,NORTHUMBRIA PCN,U09980,NPC FELTON & WIDDRINGTON,,,,,,4527
202405,QHM,00L00,NORTHUMBRIA PCN,U09980,NPC HAYDON BRIDGE & ALLENDALE,,,,,,5297
202405,QHM,00L00,NORTHUMBRIA PCN,U09980,NPC PONTELAND,Chloral hydrate (0401010B0),3,1669.3072,140,140,10865
202405,QHM,00L00,NORTHUMBRIA PCN,U09980,NPC ROTHBURY,,,,,,6104
202405,QHM,00L00,WANSBECK PCN,U11112,BEDLINGTONSHIRE MED.GROUP,,,,,,12579
202405,QHM,00L00,WANSBECK PCN,U11112,GUIDEPOST MEDICAL GROUP,,,,,,8044
202405,QHM,00L00,WANSBECK PCN,U11112,SEATON PARK MEDICAL GROUP,,,,,,19359
202405,QHM,00L00,WANSBECK PCN,U11112,THE GABLES MEDICAL GROUP,,,,,,6297
202405,QHM,00L00,WELL UP NORTH PCN,U25545,ALNWICK MEDICAL GROUP,,,,,,18897
202405,QHM,00L00,WELL UP NORTH PCN,U25545,BELFORD MEDICAL PRACTICE,,,,,,4470
202405,QHM,00L00,WELL UP NORTH PCN,U25545,GAS HOUSE LANE SURGERY,Chloral hydrate (0401010B0),1,244.2624,15,15,6851
202405,QHM,00L00,WELL UP NORTH PCN,U25545,GREYSTOKE SURGERY,,,,,,10452
202405,QHM,00L00,WELL UP NORTH PCN,U25545,UNION BRAE & NORHAM PRAC,,,,,,7211
202405,QHM,00L00,WELL UP NORTH PCN,U25545,WELL CLOSE MEDICAL GROUP,,,,,,9164
202405,QHM,00L00,WELL UP NORTH PCN,U25545,WOOLER HEALTH,,,,,,4833
202405,QHM,00L00,WEST NORTHUMBERLAND PCN,U05512,BELLINGHAM PRACTICE,,,,,,3427
202405,QHM,00L00,WEST NORTHUMBERLAND PCN,U05512,BRANCH END SURGERY,,,,,,5346
202405,QHM,00L00,WEST NORTHUMBERLAND PCN,U05512,BURN BRAE MEDICAL GROUP,,,,,,10326
202405,QHM,00L00,WEST NORTHUMBERLAND PCN,U05512,CORBRIDGE HEALTH CENTRE,,,,,,7217
202405,QHM,00L00,WEST NORTHUMBERLAND PCN,U05512,HALTWHISTLE MEDICAL GROUP,,,,,,5555
202405,QHM,00L00,WEST NORTHUMBERLAND PCN,U05512,HUMSHAUGH & WARK MED GRP,,,,,,3448
202405,QHM,00L00,WEST NORTHUMBERLAND PCN,U05512,PRUDHOE MEDICAL GROUP,,,,,,6952
202405,QHM,00L00,WEST NORTHUMBERLAND PCN,U05512,SCOTS GAP MEDICAL GROUP,,,,,,2076
202405,QHM,00L00,WEST NORTHUMBERLAND PCN,U05512,THE SELE MEDICAL PRACTICE,,,,,,5814
202405,QHM,00L00,WEST NORTHUMBERLAND PCN,U05512,WHITE MEDICAL GROUP,,,,,,8465
202405,QHM,00N00,SOUTH TYNESIDE EAST PCN,U20256,FARNHAM MEDICAL CTR.,,,,,,17058
202405,QHM,00N00,SOUTH TYNESIDE EAST PCN,U20256,ST GEORGE & RIVERSIDE MEDICAL PRACTICE,,,,,,7350
202405,QHM,00N00,SOUTH TYNESIDE EAST PCN,U20256,TALBOT MEDICAL CENTRE,,,,,,7854
202405,QHM,00N00,SOUTH TYNESIDE EAST PCN,U20256,TRINITY MEDICAL CENTRE,Chloral hydrate (0401010B0),1,244.2624,15,15,6512
202405,QHM,00N00,SOUTH TYNESIDE EAST PCN,U20256,WENLOCK ROAD SURGERY,,,,,,4534
202405,QHM,00N00,SOUTH TYNESIDE EAST PCN,U20256,WEST VIEW SURGERY,,,,,,2879
202405,QHM,00N00,SOUTH TYNESIDE SOUTH PCN,U89118,CENTRAL SURGERY,,,,,,19121
202405,QHM,00N00,SOUTH TYNESIDE SOUTH PCN,U89118,COLLIERY COURT MEDICAL GROUP,,,,,,8215
202405,QHM,00N00,SOUTH TYNESIDE SOUTH PCN,U89118,DR THORNILEY-WALKER & PARTNERS,,,,,,6144
202405,QHM,00N00,SOUTH TYNESIDE SOUTH PCN,U89118,IMEARY MEDICAL GROUP,,,,,,4170
202405,QHM,00N00,SOUTH TYNESIDE SOUTH PCN,U89118,MARSDEN MEDICAL GROUP,,,,,,22746
202405,QHM,00N00,SOUTH TYNESIDE SOUTH PCN,U89118,WHITBURN SURGERY,,,,,,5379
202405,QHM,00N00,SOUTH TYNESIDE WEST PCN,U37826,ALBERT ROAD SURGERY,,,,,,3257
202405,QHM,00N00,SOUTH TYNESIDE WEST PCN,U37826,EAST WING PRACTICE,,,,,,4263
202405,QHM,00N00,SOUTH TYNESIDE WEST PCN,U37826,ELLISON VIEW SURGERY,,,,,,6156
202405,QHM,00N00,SOUTH TYNESIDE WEST PCN,U37826,MAYFIELD MEDICAL GROUP,,,,,,9156
202405,QHM,00N00,SOUTH TYNESIDE WEST PCN,U37826,RAVENSWORTH SURGERY,,,,,,5912
202405,QHM,00N00,SOUTH TYNESIDE WEST PCN,U37826,THE G.P.SUITE,,,,,,4532
202405,QHM,00N00,SOUTH TYNESIDE WEST PCN,U37826,THE GLEN MEDICAL GROUP,,,,,,11095
202405,QHM,00N00,SOUTH TYNESIDE WEST PCN,U37826,VICTORIA MEDICAL CENTRE,,,,,,3678
202405,QHM,00P00,COALFIELDS PCN,U69720,GRANGEWOOD SURGERY,,,,,,7347
202405,QHM,00P00,COALFIELDS PCN,U69720,HERRINGTON MEDICAL CENTRE,,,,,,9452
202405,QHM,00P00,COALFIELDS PCN,U69720,HETTON GROUP PRACTICE,,,,,,11820
202405,QHM,00P00,COALFIELDS PCN,U69720,"HOUGHTON MEDICAL GROUP,",,,,,,8223
202405,QHM,00P00,COALFIELDS PCN,U69720,KEPIER MEDICAL PRACTICE,,,,,,8497
202405,QHM,00P00,COALFIELDS PCN,U69720,WESTBOURNE MEDICAL GROUP,,,,,,6578
202405,QHM,00P00,DUMMY,-,PALLION PRIMARY CARE SERVICES,,,,,,28
202405,QHM,00P00,SUNDERLAND CENTRAL PCN,U05458,HAPPY HOUSE SURGERY,,,,,,8257
202405,QHM,00P00,SUNDERLAND CENTRAL PCN,U05458,NEW SILKSWORTH MEDICAL PRACTICE,,,,,,9233
202405,QHM,00P00,SUNDERLAND CENTRAL PCN,U05458,SPRINGWELL MEDICAL GROUP,,,,,,6420
202405,QHM,00P00,SUNDERLAND CENTRAL PCN,U05458,SUNDERLAND GP ALLIANCE SOUTH HYLTON SURG,,,,,,4549
202405,QHM,00P00,SUNDERLAND CENTRAL PCN,U05458,VILLAGE SURGERY PARTNERSHIP,,,,,,4737
202405,QHM,00P00,SUNDERLAND EAST PCN,U52297,ASHBURN MEDICAL CENTRE,,,,,,5358
202405,QHM,00P00,SUNDERLAND EAST PCN,U52297,DEERNESS PARK MEDICAL GROUP,,,,,,13455
202405,QHM,00P00,SUNDERLAND EAST PCN,U52297,PARK LANE PRACTICE,,,,,,4393
202405,QHM,00P00,SUNDERLAND EAST PCN,U52297,RIVERVIEW SURGERY,,,,,,7055
202405,QHM,00P00,SUNDERLAND EAST PCN,U52297,SOUTHLANDS MEDICAL GROUP,,,,,,10188
202405,QHM,00P00,SUNDERLAND EAST PCN,U52297,THE NEW CITY MEDICAL GROUP,,,,,,5589
202405,QHM,00P00,SUNDERLAND EAST PCN,U52297,VILLETTE SURGERY,,,,,,5670
202405,QHM,00P00,SUNDERLAND NORTH PCN,U43314,BRIDGE VIEW MEDICAL GROUP,,,,,,15063
202405,QHM,00P00,SUNDERLAND NORTH PCN,U43314,CASTLETOWN MEDICAL CENTRE,,,,,,2124
202405,QHM,00P00,SUNDERLAND NORTH PCN,U43314,"FULWELL MEDICAL CENTRE,",,,,,,9247
202405,QHM,00P00,SUNDERLAND NORTH PCN,U43314,MONKWEARMOUTH HEALTH CENTRE,,,,,,4658
202405,QHM,00P00,SUNDERLAND NORTH PCN,U43314,RED HOUSE MEDICAL CENTRE,,,,,,5493
202405,QHM,00P00,SUNDERLAND NORTH PCN,U43314,ST BEDE MEDICAL CENTRE,,,,,,9316
202405,QHM,00P00,SUNDERLAND WEST 1 PCN,U14646,CHESTER SURGERY,,,,,,3001
202405,QHM,00P00,SUNDERLAND WEST 1 PCN,U14646,FORGE MEDICAL PRACTICE,,,,,,8807
202405,QHM,00P00,SUNDERLAND WEST 1 PCN,U14646,HYLTON MEDICAL GROUP,,,,,,6918
202405,QHM,00P00,SUNDERLAND WEST 1 PCN,U14646,MILLFIELD MEDICAL GROUP,,,,,,14694
202405,QHM,00P00,SUNDERLAND WEST 1 PCN,U14646,PALLION FAMILY PRACTICE,,,,,,10237
202405,QHM,00P00,SUNDERLAND WEST 1 PCN,U14646,THE BROADWAY MEDICAL PRACTICE,,,,,,7388
202405,QHM,00P00,SUNDERLAND WEST 1 PCN,U14646,WEARSIDE MEDICAL PRACTICE - PALLION,,,,,,8283
202405,QHM,00P00,WASHINGTON PCN,U61868,CONCORD MEDICAL PRACTICE,,,,,,5186
202405,QHM,00P00,WASHINGTON PCN,U61868,GALLERIES MEDICAL PRACTICE,,,,,,11329
202405,QHM,00P00,WASHINGTON PCN,U61868,I J HEALTHCARE,,,,,,3689
202405,QHM,00P00,WASHINGTON PCN,U61868,NEW WASHINGTON MEDICAL GROUP,,,,,,7282
202405,QHM,00P00,WASHINGTON PCN,U61868,RICKLETON MEDICAL CENTRE,,,,,,2672
202405,QHM,00P00,WASHINGTON PCN,U61868,SUNDERLAND GP ALLIANCE MEDICAL PRACTICE,,,,,,10268
202405,QHM,00P00,WASHINGTON PCN,U61868,THE STEPHENSON MEDICAL PRACTICE,,,,,,12356
202405,QHM,01H00,CARLISLE HEALTHCARE PCN,U92223,BRAMPTON MEDICAL PRACTICE,,,,,,16795
202405,QHM,01H00,CARLISLE HEALTHCARE PCN,U92223,CARLISLE HEALTHCARE,,,,,,38535
202405,QHM,01H00,CARLISLE HEALTHCARE PCN,U92223,LONGTOWN MEDICAL CENTRE,,,,,,3784
202405,QHM,01H00,CARLISLE HEALTHCARE PCN,U92223,SPENCER ST SURGERY,,,,,,13371
202405,QHM,01H00,CARLISLE PCN,U66688,CARLISLE CENTRAL PRACTICE,,,,,,13895
202405,QHM,01H00,CARLISLE PCN,U66688,EDEN MEDICAL GROUP,,,,,,16483
202405,QHM,01H00,CARLISLE PCN,U66688,WARWICK SQUARE GROUP PRACTICE,,,,,,7729
202405,QHM,01H00,CARLISLE PCN,U66688,FUSEHILL MEDICAL PRACTICE ( C 01-May-25 ),,,,,,3
202405,QHM,01H00,COCKERMOUTH & MARYPORT PCN,U76572,CASTLEGATE AND DERWENT SURGERY,,,,,,18170
202405,QHM,01H00,COCKERMOUTH & MARYPORT PCN,U76572,MARYPORT HEALTH SERVICES,,,,,,13741
202405,QHM,01H00,COPELAND HAVEN PCN,U94879,DISTINGTON SURGERY,,,,,,6166
202405,QHM,01H00,COPELAND HAVEN PCN,U94879,MANSION HOUSE SURGERY,,,,,,7419
202405,QHM,01H00,COPELAND HAVEN PCN,U94879,WESTCROFT HOUSE SURGERY,,,,,,5959
202405,QHM,01H00,COPELAND PCN,U48302,FELLVIEW HEALTHCARE,,,,,,23463
202405,QHM,01H00,COPELAND PCN,U48302,LOWTHER MEDICAL CENTRE,,,,,,13940
202405,QHM,01H00,COPELAND PCN,U48302,SEASCALE HEALTH CENTRE,,,,,,5947
202405,QHM,01H00,EDEN (CUMBRIA) PCN,U08085,ALSTON MEDICAL PRACTICE,,,,,,2224
202405,QHM,01H00,EDEN (CUMBRIA) PCN,U08085,APPLEBY MEDICAL PRACTICE,,,,,,5064
202405,QHM,01H00,EDEN (CUMBRIA) PCN,U08085,BIRBECK MEDICAL GROUP,,,,,,14556
202405,QHM,01H00,EDEN (CUMBRIA) PCN,U08085,COURT THORN SURGERY,,,,,,3720
202405,QHM,01H00,EDEN (CUMBRIA) PCN,U08085,GLENRIDDING HEALTH CENTRE,,,,,,938
202405,QHM,01H00,EDEN (CUMBRIA) PCN,U08085,KIRKOSWALD SURGERY,,,,,,2736
202405,QHM,01H00,EDEN (CUMBRIA) PCN,U08085,SHAP MEDICAL PRACTICE,,,,,,3280
202405,QHM,01H00,EDEN (CUMBRIA) PCN,U08085,TEMPLE SOWERBY MEDICAL PRACTICE,,,,,,4771
202405,QHM,01H00,EDEN (CUMBRIA) PCN,U08085,THE LAKES MEDICAL PRACTICE,,,,,,11180
202405,QHM,01H00,EDEN (CUMBRIA) PCN,U08085,UPPER EDEN MEDICAL PRACTICE,,,,,,6599
202405,QHM,01H00,KESWICK & SOLWAY PCN,U25680,ASPATRIA MEDICAL GROUP,,,,,,7029
202405,QHM,01H00,KESWICK & SOLWAY PCN,U25680,CALDBECK SURGERY,,,,,,4365
202405,QHM,01H00,KESWICK & SOLWAY PCN,U25680,CASTLEHEAD MEDICAL CENTRE,,,,,,8315
202405,QHM,01H00,KESWICK & SOLWAY PCN,U25680,DALSTON MEDICAL GROUP,,,,,,5102
202405,QHM,01H00,KESWICK & SOLWAY PCN,U25680,SILLOTH GROUP MEDICAL PRACTICE,,,,,,4349
202405,QHM,01H00,KESWICK & SOLWAY PCN,U25680,THE CROFT SURGERY,,,,,,3484
202405,QHM,01H00,KESWICK & SOLWAY PCN,U25680,WIGTON GROUP MEDICAL PRACTICE,,,,,,8981
202405,QHM,01H00,WORKINGTON PCN,U67303,JAMES STREET GROUP PRACT,,,,,,33018
202405,QHM,13T00,BIRTLEY AND CENTRAL GATESHEAD PCN,U76028,BIRTLEY MEDICAL GROUP,,,,,,15423
202405,QHM,13T00,BIRTLEY AND CENTRAL GATESHEAD PCN,U76028,OXFORD TCE & RAWLING RD MEDICAL GROUP,,,,,,17556
202405,QHM,13T00,BIRTLEY AND CENTRAL GATESHEAD PCN,U76028,SECOND STREET SURGERY,,,,,,4786
202405,QHM,13T00,BIRTLEY AND CENTRAL GATESHEAD PCN,U76028,THE BRIDGES MEDICAL PRACTICE,,,,,,7824
202405,QHM,13T00,DUMMY,-,GOSFORTH MEMORIAL MED.CTR ( C 01-Oct-25 ),,,,,,10939
202405,QHM,13T00,GATESHEAD CENTRAL SOUTH PCN,U91254,BEACON VIEW MEDICAL CENTRE,,,,,,5578
202405,QHM,13T00,GATESHEAD CENTRAL SOUTH PCN,U91254,BENSHAM FAMILY PRACTICE,,,,,,3914
202405,QHM,13T00,GATESHEAD CENTRAL SOUTH PCN,U91254,BEWICK ROAD SURGERY,,,,,,7774
202405,QHM,13T00,GATESHEAD CENTRAL SOUTH PCN,U91254,CENTRAL GATESHEAD MEDICAL GROUP,,,,,,10691
202405,QHM,13T00,GATESHEAD CENTRAL SOUTH PCN,U91254,FELL COTTAGE SURGERY,,,,,,8570
202405,QHM,13T00,GATESHEAD CENTRAL SOUTH PCN,U91254,FELL TOWER MEDICAL CENTRE,,,,,,7611
202405,QHM,13T00,GATESHEAD CENTRAL SOUTH PCN,U91254,MILLENNIUM FAMILY PRACTICE,,,,,,3993
202405,QHM,13T00,GATESHEAD CENTRAL SOUTH PCN,U91254,WREKENTON MEDICAL GROUP,,,,,,12003
202405,QHM,13T00,GATESHEAD EAST PCN,U13720,CROWHALL MEDICAL CENTRE,,,,,,6395
202405,QHM,13T00,GATESHEAD EAST PCN,U13720,LONGRIGG MEDICAL CENTRE,,,,,,10416
202405,QHM,13T00,GATESHEAD EAST PCN,U13720,PELAW MEDICAL PRACTICE,,,,,,5359
202405,QHM,13T00,GATESHEAD EAST PCN,U13720,ST. ALBANS MEDICAL GROUP,,,,,,7455
202405,QHM,13T00,GATESHEAD INNER WEST PCN,U33691,CHAINBRIDGE MEDICAL PARTNERSHIP,,,,,,11404
202405,QHM,13T00,GATESHEAD INNER WEST PCN,U33691,GLENPARK & TEAMS MEDICAL SERVICES,,,,,,8980
202405,QHM,13T00,GATESHEAD INNER WEST PCN,U33691,SUNNISIDE SURGERY,,,,,,3787
202405,QHM,13T00,GATESHEAD INNER WEST PCN,U33691,WHICKHAM COTTAGE MEDICAL CENTRE,,,,,,15706
202405,QHM,13T00,GATESHEAD INNER WEST PCN,U33691,TEAMS MEDICAL PRACTICE ( C 01-May-26 ),,,,,,5535
202405,QHM,13T00,GATESHEAD OUTER WEST PCN,U41930,CHOPWELL PRIMARY HEALTHCARE CENTRE,,,,,,2557
202405,QHM,13T00,GATESHEAD OUTER WEST PCN,U41930,CRAWCROOK MEDICAL CENTRE,,,,,,20423
202405,QHM,13T00,GATESHEAD OUTER WEST PCN,U41930,HOLLYHURST MEDICAL CENTRE,,,,,,4741
202405,QHM,13T00,GATESHEAD OUTER WEST PCN,U41930,OLDWELL SURGERY,,,,,,4747
202405,QHM,13T00,JESMOND - LOWER GOSFORTH PCN,U34146,JESMOND HEALTH PARTNERSHIP,,,,,,16413
202405,QHM,13T00,JESMOND - LOWER GOSFORTH PCN,U34146,ROSEWORTH SURGERY,,,,,,5796
202405,QHM,13T00,JESMOND - LOWER GOSFORTH PCN,U34146,THE GROVE MEDICAL GROUP,,,,,,13273
202405,QHM,13T00,NEWCASTLE CENTRAL HEALTH PCN,U43524,SAVILLE MEDICAL GROUP,,,,,,42276
202405,QHM,13T00,NEWCASTLE EAST PCN,U17849,BENFIELD PARK MEDICAL GROUP,,,,,,10009
202405,QHM,13T00,NEWCASTLE EAST PCN,U17849,BIDDLESTONE HEALTH GROUP,,,,,,10610
202405,QHM,13T00,NEWCASTLE EAST PCN,U17849,HEATON ROAD SURGERY,,,,,,7590
202405,QHM,13T00,NEWCASTLE EAST PCN,U17849,NEWCASTLE MEDICAL CENTRE,,,,,,20629
202405,QHM,13T00,NEWCASTLE EAST PCN,U17849,ST.ANTHONY'S HEALTH CENTRE,,,,,,6664
202405,QHM,13T00,NEWCASTLE EAST PCN,U17849,THORNFIELD MEDICAL GROUP,,,,,,20222
202405,QHM,13T00,NEWCASTLE EAST PCN,U17849,WALKER MEDICAL GROUP,,,,,,10685
202405,QHM,13T00,NEWCASTLE INNER WEST PCN,U45898,BETTS AVENUE MEDICAL GROUP,,,,,,10945
202405,QHM,13T00,NEWCASTLE INNER WEST PCN,U45898,DILSTON MEDICAL CENTRE,,,,,,9543
202405,QHM,13T00,NEWCASTLE INNER WEST PCN,U45898,ELSWICK FAMILY PRACTICE,,,,,,8004
202405,QHM,13T00,NEWCASTLE INNER WEST PCN,U45898,FENHAM HALL SURGERY,Chloral hydrate (0401010B0),1,1221.2624,75,75,10367
202405,QHM,13T00,NEWCASTLE INNER WEST PCN,U45898,PROSPECT MEDICAL CENTRE,,,,,,15250
202405,QHM,13T00,NEWCASTLE OUTER WEST PCN,U87170,DENTON PARK MEDICAL GROUP,,,,,,7348
202405,QHM,13T00,NEWCASTLE OUTER WEST PCN,U87170,DENTON TURRET MEDICAL CENTRE,Chloral hydrate (0401010B0),1,488.5124,30,30,9029
202405,QHM,13T00,NEWCASTLE OUTER WEST PCN,U87170,NEWBURN SURGERY,,,,,,6053
202405,QHM,13T00,NEWCASTLE OUTER WEST PCN,U87170,PARKWAY MEDICAL GROUP,,,,,,8439
202405,QHM,13T00,NEWCASTLE OUTER WEST PCN,U87170,THROCKLEY PRIMARY CARE CENTRE,,,,,,7262
202405,QHM,13T00,NEWCASTLE OUTER WEST PCN,U87170,WESTERHOPE MEDICAL GROUP,,,,,,13796
202405,QHM,13T00,NORTH GOSFORTH PCN,U70624,BRUNTON PARK,Chloral hydrate (0401010B0),2,488.5248,30,30,7944
202405,QHM,13T00,NORTH GOSFORTH PCN,U70624,PARK MEDICAL GROUP,,,,,,13189
202405,QHM,13T00,NORTH GOSFORTH PCN,U70624,REGENT MEDICAL CENTRE,,,,,,7490
202405,QHM,13T00,WEST END FAMILY HEALTH PCN,U44695,CRUDDAS PARK SURGERY,,,,,,11418
202405,QHM,13T00,WEST END FAMILY HEALTH PCN,U44695,HOLMSIDE MEDICAL GROUP,,,,,,10088
202405,QHM,13T00,WEST END FAMILY HEALTH PCN,U44695,WEST ROAD MEDICAL CENTRE,,,,,,12152
202405,QHM,16C00,BILLINGHAM & NORTON PCN,U94460,DR RASOOL,,,,,,2251
202405,QHM,16C00,BILLINGHAM & NORTON PCN,U94460,KINGSWAY MEDICAL CENTRE,,,,,,9580
202405,QHM,16C00,BILLINGHAM & NORTON PCN,U94460,MARSH HOUSE MEDICAL PRACTICE,,,,,,8556
202405,QHM,16C00,BILLINGHAM & NORTON PCN,U94460,MELROSE SURGERY,,,,,,2459
202405,QHM,16C00,BILLINGHAM & NORTON PCN,U94460,NORTON MEDICAL CENTRE,,,,,,16670
202405,QHM,16C00,BILLINGHAM & NORTON PCN,U94460,QUEENSTREE PRACTICE,,,,,,4155
202405,QHM,16C00,BILLINGHAM & NORTON PCN,U94460,THE ROSEBERRY PRACTICE,,,,,,7970
202405,QHM,16C00,BYTES PCN,U63844,EAGLESCLIFFE MEDICAL PRACTICE,,,,,,12089
202405,QHM,16C00,BYTES PCN,U63844,PARK LANE SURGERY,,,,,,5281
202405,QHM,16C00,BYTES PCN,U63844,THORNABY & BARWICK MEDICAL GROUP,,,,,,21101
202405,QHM,16C00,BYTES PCN,U63844,YARM MEDICAL PRACTICE,,,,,,14908
202405,QHM,16C00,CENTRAL MIDDLESBROUGH PCN,U55830,MARTONSIDE MEDICAL CENTRE,,,,,,7951
202405,QHM,16C00,CENTRAL MIDDLESBROUGH PCN,U55830,PARK SURGERY,,,,,,12085
202405,QHM,16C00,CENTRAL MIDDLESBROUGH PCN,U55830,PROSPECT SURGERY,,,,,,7389
202405,QHM,16C00,CENTRAL MIDDLESBROUGH PCN,U55830,THE DISCOVERY PRACTICE,,,,,,8914
202405,QHM,16C00,CENTRAL MIDDLESBROUGH PCN,U55830,THE ENDEAVOUR PRACTICE,,,,,,9247
202405,QHM,16C00,CENTRAL MIDDLESBROUGH PCN,U55830,THE ERIMUS PRACTICE,Chloral hydrate (0401010B0),2,1302.8848,80,80,6969
202405,QHM,16C00,CENTRAL MIDDLESBROUGH PCN,U55830,THORNTREE SURGERY,,,,,,2751
202405,QHM,16C00,DARLINGTON PCN,U45102,BLACKETTS MEDICAL PRACTICE,,,,,,11083
202405,QHM,16C00,DARLINGTON PCN,U45102,CARMEL MEDICAL PRACTICE,Chloral hydrate (0401010B0),2,1221.2748,64.299,64.299,11525
202405,QHM,16C00,DARLINGTON PCN,U45102,CLIFTON COURT MEDICAL PRACTICE,,,,,,12279
202405,QHM,16C00,DARLINGTON PCN,U45102,DENMARK STREET SURGERY,,,,,,15014
202405,QHM,16C00,DARLINGTON PCN,U45102,MIDDLETON AND DINSDALE MEDICAL PRACTICE,,,,,,5763
202405,QHM,16C00,DARLINGTON PCN,U45102,MOORLANDS SURGERY,,,,,,13311
202405,QHM,16C00,DARLINGTON PCN,U45102,NEASHAM ROAD SURGERY,,,,,,13346
202405,QHM,16C00,DARLINGTON PCN,U45102,ORCHARD COURT SURGERY,,,,,,8595
202405,QHM,16C00,DARLINGTON PCN,U45102,PARKGATE SURGERY,,,,,,4841
202405,QHM,16C00,DARLINGTON PCN,U45102,ROCKLIFFE COURT SURGERY,,,,,,6199
202405,QHM,16C00,DARLINGTON PCN,U45102,WHINFIELD MEDICAL PRACTICE,,,,,,12133
202405,QHM,16C00,DUMMY,-,THE RIDGEWAY HEALTH CENTRE,,,,,,28
202405,QHM,16C00,EAST CLEVELAND PCN,U07842,BROTTON SURGERY,,,,,,7468
202405,QHM,16C00,EAST CLEVELAND PCN,U07842,HILLSIDE PRACTICE,,,,,,9397
202405,QHM,16C00,EAST CLEVELAND PCN,U07842,SPRINGWOOD SURGERY,,,,,,7835
202405,QHM,16C00,EAST CLEVELAND PCN,U07842,THE GARTH,,,,,,11371
202405,QHM,16C00,EAST CLEVELAND PCN,U07842,WOODSIDE SURGERY,,,,,,5949
202405,QHM,16C00,ESTON PCN,U85257,CAMBRIDGE MEDICAL GROUP,,,,,,7325
202405,QHM,16C00,ESTON PCN,U85257,NORMANBY MEDICAL CENTRE,Chloral hydrate (0401010B0),1,488.5124,30,30,22802
202405,QHM,16C00,ESTON PCN,U85257,SOUTH GRANGE MEDICAL GROUP PRACTICE,,,,,,15123
202405,QHM,16C00,ESTON PCN,U85257,THE ESTON SURGERY ( D 01-Oct-25 ),,,,,,3787
202405,QHM,16C00,GREATER MIDDLESBROUGH PCN,U02671,ACKLAM MEDICAL CENTRE,Chloral hydrate (0401010B0),3,2442.5372,150,150,11212
202405,QHM,16C00,GREATER MIDDLESBROUGH PCN,U02671,COULBY MEDICAL PRACTICE,,,,,,9351
202405,QHM,16C00,GREATER MIDDLESBROUGH PCN,U02671,CROSSFELL HEALTH CENTRE,,,,,,8970
202405,QHM,16C00,GREATER MIDDLESBROUGH PCN,U02671,HIRSEL MEDICAL CENTRE,,,,,,3807
202405,QHM,16C00,GREATER MIDDLESBROUGH PCN,U02671,KINGS MEDICAL CENTRE,,,,,,6536
202405,QHM,16C00,GREATER MIDDLESBROUGH PCN,U02671,NEWLANDS MEDICAL CENTRE,,,,,,9947
202405,QHM,16C00,GREATER MIDDLESBROUGH PCN,U02671,PARKWAY MEDICAL CENTRE,,,,,,8947
202405,QHM,16C00,GREATER MIDDLESBROUGH PCN,U02671,WESTBOURNE MEDICAL CENTRE,,,,,,5553
202405,QHM,16C00,HARTLEPOOL HEALTH PCN,U40502,MCKENZIE GROUP PRACTICE,,,,,,6299
202405,QHM,16C00,HARTLEPOOL HEALTH PCN,U40502,MCKENZIE HOUSE SURGERY,Chloral hydrate (0401010B0),2,1823.9648,112,112,18932
202405,QHM,16C00,HARTLEPOOL HEALTH PCN,U40502,THE HEADLAND MEDICAL CENTRE,,,,,,5392
202405,QHM,16C00,HARTLEPOOL PCN,U70212,GLADSTONE HOUSE SURGERY,,,,,,5835
202405,QHM,16C00,HARTLEPOOL PCN,U70212,HART MEDICAL PRACTICE,,,,,,9416
202405,QHM,16C00,HARTLEPOOL PCN,U70212,THE PATEL PRACTICE,,,,,,3921
202405,QHM,16C00,HARTLEPOOL PCN,U70212,WEST QUAY MEDICAL PRACTICE,,,,,,6158
202405,QHM,16C00,HARTLEPOOL PCN,U70212,WEST VIEW MILLENIUM SURGERY A,,,,,,7460
202405,QHM,16C00,HOLGATE PCN,U85008,BOROUGH ROAD & NUNTHORPE MEDICAL GROUP,,,,,,16086
202405,QHM,16C00,HOLGATE PCN,U85008,LINTHORPE SURGERY,,,,,,20850
202405,QHM,16C00,HOLGATE PCN,U85008,VILLAGE MEDICAL CENTRE,,,,,,8410
202405,QHM,16C00,NORTH STOCKTON PCN,U07032,ALMA MEDICAL CENTRE,Chloral hydrate (0401010B0),2,1465.5248,90,90,11109
202405,QHM,16C00,NORTH STOCKTON PCN,U07032,QUEENS PARK MEDICAL CENTRE,,,,,,18711
202405,QHM,16C00,NORTH STOCKTON PCN,U07032,TENNANT STREET MEDICAL PRACTICE,,,,,,14557
202405,QHM,16C00,ONE LIFE HARTLEPOOL PCN,U27349,BANKHOUSE SURGERY,,,,,,10302
202405,QHM,16C00,ONE LIFE HARTLEPOOL PCN,U27349,CHADWICK PRACTICE,,,,,,11723
202405,QHM,16C00,ONE LIFE HARTLEPOOL PCN,U27349,HAVELOCK GRANGE PRACTICE,,,,,,13656
202405,QHM,16C00,REDCAR COASTAL PCN,U23714,BENTLEY MEDICAL PRACTICE,Chloral hydrate (0401010B0),1,488.5124,30,30,10157
202405,QHM,16C00,REDCAR COASTAL PCN,U23714,HUNTCLIFF SURGERY,,,,,,10146
202405,QHM,16C00,REDCAR COASTAL PCN,U23714,THE COATHAM ROAD SURGERY,Chloral hydrate (0401010B0),1,488.5124,30,30,6110
202405,QHM,16C00,REDCAR COASTAL PCN,U23714,THE GREEN HOUSE SURGERY,,,,,,10111
202405,QHM,16C00,REDCAR COASTAL PCN,U23714,THE RAVENSCAR SURGERY,Chloral hydrate (0401010B0),2,651.5648,40,40,3346
202405,QHM,16C00,REDCAR COASTAL PCN,U23714,THE SALTSCAR SURGERY,,,,,,8592
202405,QHM,16C00,REDCAR COASTAL PCN,U23714,ZETLAND MEDICAL PRACTICE,,,,,,6978
202405,QHM,16C00,STOCKTON PCN,U89141,ELM TREE SURGERY,,,,,,11789
202405,QHM,16C00,STOCKTON PCN,U89141,RIVERSIDE MEDICAL PRACTICE,,,,,,6855
202405,QHM,16C00,STOCKTON PCN,U89141,THE ARRIVAL PRACTICE ( D 01-Jun-25 ),,,,,,3189
202405,QHM,16C00,STOCKTON PCN,U89141,THE DENSHAM SURGERY,,,,,,3888
202405,QHM,16C00,STOCKTON PCN,U89141,THE DOVECOT SURGERY,,,,,,4240
202405,QHM,16C00,STOCKTON PCN,U89141,WOODBRIDGE PRACTICE,Chloral hydrate (0401010B0),3,977.3472,60,60,18522
202405,QHM,16C00,STOCKTON PCN,U89141,WOODLANDS FAMILY MEDICAL CENTRE,,,,,,12250
202405,QHM,84H00,BISHOP AUCKLAND PCN,U85067,AUCKLAND MEDICAL GROUP,,,,,,15538
202405,QHM,84H00,BISHOP AUCKLAND PCN,U85067,BISHOPGATE MEDICAL CENTRE,,,,,,13570
202405,QHM,84H00,BISHOP AUCKLAND PCN,U85067,STATION VIEW MEDICAL CENTRE,,,,,,9832
202405,QHM,84H00,CHESTER LE STREET PCN,U77096,BRIDGE END SURGERY,,,,,,7916
202405,QHM,84H00,CHESTER LE STREET PCN,U77096,CESTRIA HEALTH CENTRE,,,,,,12798
202405,QHM,84H00,CHESTER LE STREET PCN,U77096,GREAT LUMLEY SURGERY,,,,,,5392
202405,QHM,84H00,CHESTER LE STREET PCN,U77096,MIDDLE CHARE MEDICAL GROUP,,,,,,9402
202405,QHM,84H00,CHESTER LE STREET PCN,U77096,PELTON & FELLROSE MEDICAL GROUP,,,,,,9791
202405,QHM,84H00,CHESTER LE STREET PCN,U77096,SACRISTON MEDICAL CENTRE,,,,,,10766
202405,QHM,84H00,CHESTER LE STREET PCN,U77096,VILLAGES MEDICAL GROUP,,,,,,4174
202405,QHM,84H00,CLAYPATH & UNIVERSITY MEDICAL GROUP PCN,U38486,CLAYPATH & UNIVERSITY MEDICAL GROUP,,,,,,32778
202405,QHM,84H00,DERWENTSIDE PCN,U70497,ANNFIELD PLAIN SURGERY,,,,,,3552
202405,QHM,84H00,DERWENTSIDE PCN,U70497,BROWNEY HOUSE SURGERY,,,,,,2612
202405,QHM,84H00,DERWENTSIDE PCN,U70497,CEDARS MEDICAL GROUP,,,,,,6080
202405,QHM,84H00,DERWENTSIDE PCN,U70497,CONSETT MEDICAL CENTRE,Chloral hydrate (0401010B0),1,244.2624,15,15,16990
202405,QHM,84H00,DERWENTSIDE PCN,U70497,DRS LAMBERT & NG,,,,,,5240
202405,QHM,84H00,DERWENTSIDE PCN,U70497,LANCHESTER MEDICAL CENTRE,,,,,,4110
202405,QHM,84H00,DERWENTSIDE PCN,U70497,LEADGATE SURGERY,,,,,,5974
202405,QHM,84H00,DERWENTSIDE PCN,U70497,OAKFIELDS HEALTH GROUP,,,,,,7640
202405,QHM,84H00,DERWENTSIDE PCN,U70497,QUEENS ROAD SURGERY,,,,,,15883
202405,QHM,84H00,DERWENTSIDE PCN,U70497,STANLEY MEDICAL GROUP,,,,,,12357
202405,QHM,84H00,DERWENTSIDE PCN,U70497,TANFIELD VIEW MEDICAL GROUP,Chloral hydrate (0401010B0),1,488.5124,30,30,10880
202405,QHM,84H00,DERWENTSIDE PCN,U70497,THE HAVEN SURGERY,,,,,,1719
202405,QHM,84H00,DURHAM COAST PCN,U26864,BEVAN MEDICAL GROUP,,,,,,8355
202405,QHM,84H00,DURHAM COAST PCN,U26864,EAST DURHAM MEDICAL GROUP,,,,,,18252
202405,QHM,84H00,DURHAM COAST PCN,U26864,SOUTHDENE MEDICAL CENTRE,,,,,,3479
202405,QHM,84H00,DURHAM COAST PCN,U26864,WINGATE MEDICAL PRACTICE INTRAHEALTH,,,,,,3445
202405,QHM,84H00,DURHAM EAST PCN,U53962,BELMONT & SHERBURN MEDICAL GROUP,Chloral hydrate (0401010B0),1,244.2624,15,15,6213
202405,QHM,84H00,DURHAM EAST PCN,U53962,BOWBURN MEDICAL CENTRE,,,,,,4387
202405,QHM,84H00,DURHAM EAST PCN,U53962,CHEVELEY PARK MEDICAL CTR,,,,,,4979
202405,QHM,84H00,DURHAM EAST PCN,U53962,COXHOE MEDICAL PRACTICE,,,,,,7397
202405,QHM,84H00,DURHAM EAST PCN,U53962,WEST RAINTON SURGERY,,,,,,5473
202405,QHM,84H00,DURHAM WEST PCN,U01989,CHASTLETON MEDICAL GROUP,,,,,,10568
202405,QHM,84H00,DURHAM WEST PCN,U01989,DUNELM MEDICAL PRACTICE,,,,,,14280
202405,QHM,84H00,DURHAM WEST PCN,U01989,THE MEDICAL GROUP,,,,,,26750
202405,QHM,84H00,EASINGTON CENTRAL PCN,U14615,BLACKHALL AND PETERLEE PRACTICE,,,,,,10086
202405,QHM,84H00,EASINGTON CENTRAL PCN,U14615,THE HORDEN GROUP PRACTICE,,,,,,8215
202405,QHM,84H00,EASINGTON CENTRAL PCN,U14615,WILLIAM BROWN CENTRE,Chloral hydrate (0401010B0),1,244.2624,15,15,15801
202405,QHM,84H00,NORTH EASINGTON PCN,U81825,BYRON MEDICAL PRACTICE,,,,,,8337
202405,QHM,84H00,NORTH EASINGTON PCN,U81825,MARLBOROUGH SURGERY,,,,,,11244
202405,QHM,84H00,NORTH EASINGTON PCN,U81825,MURTON MEDICAL CENTRE,,,,,,7342
202405,QHM,84H00,NORTH EASINGTON PCN,U81825,SILVERDALE FAMILY PRACTICE,,,,,,6552
202405,QHM,84H00,NORTH EASINGTON PCN,U81825,THE NEW SEAHAM MEDICAL GROUP,,,,,,4665
202405,QHM,84H00,SEDGEFIELD 1 PCN,U37593,BEWICK CRESCENT SURGERY,,,,,,13257
202405,QHM,84H00,SEDGEFIELD 1 PCN,U37593,HALLGARTH SURGERY,,,,,,5317
202405,QHM,84H00,SEDGEFIELD 1 PCN,U37593,JUBILEE MEDICAL GROUP,,,,,,12415
202405,QHM,84H00,SEDGEFIELD 1 PCN,U37593,PEASE WAY MEDICAL CENTRE,,,,,,12199
202405,QHM,84H00,SEDGEFIELD NORTH PCN,U12365,BISHOPS CLOSE MEDICAL PRACTICE,,,,,,8707
202405,QHM,84H00,SEDGEFIELD NORTH PCN,U12365,FERRYHILL AND CHILTON MEDICAL PRACTICE,,,,,,14889
202405,QHM,84H00,SEDGEFIELD NORTH PCN,U12365,SKERNE MEDICAL GROUP,Chloral hydrate (0401010B0),1,977.0124,60,60,16680
202405,QHM,84H00,SEDGEFIELD NORTH PCN,U12365,ST ANDREW'S MEDICAL PRACTICE,,,,,,15245
202405,QHM,84H00,SEDGEFIELD NORTH PCN,U12365,WEST CORNFORTH MEDICAL CENTRE,,,,,,2725
202405,QHM,84H00,TEESDALE PCN,U31619,BARNARD CASTLE SURGERY,,,,,,10818
202405,QHM,84H00,TEESDALE PCN,U31619,EVENWOOD MEDICAL PRACTICE,,,,,,2224
202405,QHM,84H00,TEESDALE PCN,U31619,GAINFORD SURGERY,,,,,,3620
202405,QHM,84H00,TEESDALE PCN,U31619,OLD FORGE SURGERY,,,,,,2659
202405,QHM,84H00,TEESDALE PCN,U31619,PINFOLD MEDICAL PRACTICE,,,,,,2931
202405,QHM,84H00,TEESDALE PCN,U31619,WOODVIEW MEDICAL PRACTICE,,,,,,2554
202405,QHM,84H00,WEAR VALLEY PCN,U96202,NORTH HOUSE SURGERY,,,,,,13544
202405,QHM,84H00,WEAR VALLEY PCN,U96202,THE WEARDALE PRACTICE,,,,,,7195
202405,QHM,84H00,WEAR VALLEY PCN,U96202,WILLINGTON MEDICAL GROUP,,,,,,9180
202405,QHM,99C00,CRAMLINGTON SEATON VALLEY PCN,U24977,WOODLANDS PARK HEALTH CTR,,,,,,6398
202405,QHM,99C00,NORTH SHIELDS PCN,U91110,COLLINGWOOD HEALTH GROUP,,,,,,24429
202405,QHM,99C00,NORTH SHIELDS PCN,U91110,PRIORY MEDICAL GROUP,,,,,,15566
202405,QHM,99C00,NORTH SHIELDS PCN,U91110,REDBURN PARK MEDICAL CENTRE,,,,,,6057
202405,QHM,99C00,NORTH SHIELDS PCN,U91110,NELSON MEDICAL GROUP ( C 01-May-26 ),,,,,,5018
202405,QHM,99C00,NORTH TYNESIDE NORTH WEST PCN,U95193,LANE END SURGERY,,,,,,9591
202405,QHM,99C00,NORTH TYNESIDE NORTH WEST PCN,U95193,MALLARD MEDICAL PRACTICE,Chloral hydrate (0401010B0),1,488.5124,30,30,5283
202405,QHM,99C00,NORTH TYNESIDE NORTH WEST PCN,U95193,STEPHENSON PARK HEALTH GROUP,,,,,,18072
202405,QHM,99C00,NORTH TYNESIDE NORTH WEST PCN,U95193,SWARLAND AVENUE SURGERY,,,,,,6678
202405,QHM,99C00,NORTH TYNESIDE NORTH WEST PCN,U95193,WELLSPRING MEDICAL PRACT.,,,,,,6453
202405,QHM,99C00,NORTH TYNESIDE NORTH WEST PCN,U95193,WEST FARM SURGERY,,,,,,6038
202405,QHM,99C00,NORTH TYNESIDE NORTH WEST PCN,U95193,WIDEOPEN MEDICAL CENTRE,,,,,,7546
202405,QHM,99C00,NORTHUMBRIA PCN,U09980,NPC NORTH TYNESIDE - SPRING TERRACE,Chloral hydrate (0401010B0),25,1142.71,70,70,5820
202405,QHM,99C00,WALLSEND PCN,U10386,BEWICKE MEDICAL CENTRE,,,,,,9348
202405,QHM,99C00,WALLSEND PCN,U10386,HADRIAN HEALTH CENTRE,,,,,,20650
202405,QHM,99C00,WALLSEND PCN,U10386,THE VILLAGE GREEN SURGERY,,,,,,12701
202405,QHM,99C00,WHITLEY BAY PCN,U02739,BEAUMONT PARK SURGERY,,,,,,6543
202405,QHM,99C00,WHITLEY BAY PCN,U02739,BRIDGE AND MONKSEATON MEDICAL PRACTICE,,,,,,8592
202405,QHM,99C00,WHITLEY BAY PCN,U02739,MARINE AVENUE MEDICAL CTR,,,,,,8588
202405,QHM,99C00,WHITLEY BAY PCN,U02739,NORTHUMBERLAND PARK MEDICAL GROUP,,,,,,9536
202405,QHM,99C00,WHITLEY BAY PCN,U02739,WHITLEY BAY HEALTH CENTRE,,,,,,13382
202405,QHM,99C00,WHITLEY BAY PCN,U02739,49 MARINE AVENUE SURGERY ( C 01-May-26 ),,,,,,5888
202405,QHM,99C00,WHITLEY BAY PCN,U02739,BRIDGE MEDICAL ( C 01-May-25 ),,,,,,4738
202405,QHM,99C00,WHITLEY BAY PCN,U02739,PARK PARADE PRACTICE ( C 01-May-26 ),,,,,,4859
202406,QHM,00L00,BLYTH PCN,U25489,MARINE MEDICAL GROUP,,,,,,13453
202406,QHM,00L00,BLYTH PCN,U25489,RAILWAY MEDICAL GROUP,,,,,,27219
202406,QHM,00L00,CRAMLINGTON SEATON VALLEY PCN,U24977,FORUM FAMILY PRACTICE,,,,,,8600
202406,QHM,00L00,CRAMLINGTON SEATON VALLEY PCN,U24977,NETHERFIELD HOUSE,,,,,,5994
202406,QHM,00L00,CRAMLINGTON SEATON VALLEY PCN,U24977,VILLAGE MEDICAL GROUP,,,,,,10890
202406,QHM,00L00,DUMMY,-,RIVERSDALE SURGERY,,,,,,5965
202406,QHM,00L00,DUMMY,-,THE ADDERLANE SURGERY,,,,,,2101
202406,QHM,00L00,NORTHUMBRIA PCN,U09980,NPC AMBLE & BROOMHILL,,,,,,12034
202406,QHM,00L00,NORTHUMBRIA PCN,U09980,NPC CENTRAL NORTHUMBERLAND,,,,,,50441
202406,QHM,00L00,NORTHUMBRIA PCN,U09980,NPC CRAMLINGTON,,,,,,5269
202406,QHM,00L00,NORTHUMBRIA PCN,U09980,NPC ELSDON AVENUE,,,,,,4178
202406,QHM,00L00,NORTHUMBRIA PCN,U09980,NPC FELTON & WIDDRINGTON,,,,,,4531
202406,QHM,00L00,NORTHUMBRIA PCN,U09980,NPC HAYDON BRIDGE & ALLENDALE,,,,,,5292
202406,QHM,00L00,NORTHUMBRIA PCN,U09980,NPC PONTELAND,Chloral hydrate (0401010B0),2,882.5248,100,100,10877
202406,QHM,00L00,NORTHUMBRIA PCN,U09980,NPC ROTHBURY,,,,,,6122
202406,QHM,00L00,WANSBECK PCN,U11112,BEDLINGTONSHIRE MED.GROUP,,,,,,12601
202406,QHM,00L00,WANSBECK PCN,U11112,GUIDEPOST MEDICAL GROUP,,,,,,8052
202406,QHM,00L00,WANSBECK PCN,U11112,SEATON PARK MEDICAL GROUP,,,,,,19364
202406,QHM,00L00,WANSBECK PCN,U11112,THE GABLES MEDICAL GROUP,,,,,,6312
202406,QHM,00L00,WELL UP NORTH PCN,U25545,ALNWICK MEDICAL GROUP,,,,,,18902
202406,QHM,00L00,WELL UP NORTH PCN,U25545,BELFORD MEDICAL PRACTICE,,,,,,4472
202406,QHM,00L00,WELL UP NORTH PCN,U25545,GAS HOUSE LANE SURGERY,,,,,,6903
202406,QHM,00L00,WELL UP NORTH PCN,U25545,GREYSTOKE SURGERY,,,,,,10491
202406,QHM,00L00,WELL UP NORTH PCN,U25545,UNION BRAE & NORHAM PRAC,,,,,,7209
202406,QHM,00L00,WELL UP NORTH PCN,U25545,WELL CLOSE MEDICAL GROUP,,,,,,9148
202406,QHM,00L00,WELL UP NORTH PCN,U25545,WOOLER HEALTH,,,,,,4837
202406,QHM,00L00,WEST NORTHUMBERLAND PCN,U05512,BELLINGHAM PRACTICE,,,,,,3440
202406,QHM,00L00,WEST NORTHUMBERLAND PCN,U05512,BRANCH END SURGERY,,,,,,5346
202406,QHM,00L00,WEST NORTHUMBERLAND PCN,U05512,BURN BRAE MEDICAL GROUP,,,,,,10359
202406,QHM,00L00,WEST NORTHUMBERLAND PCN,U05512,CORBRIDGE HEALTH CENTRE,,,,,,7204
202406,QHM,00L00,WEST NORTHUMBERLAND PCN,U05512,HALTWHISTLE MEDICAL GROUP,,,,,,5564
202406,QHM,00L00,WEST NORTHUMBERLAND PCN,U05512,HUMSHAUGH & WARK MED GRP,,,,,,3439
202406,QHM,00L00,WEST NORTHUMBERLAND PCN,U05512,PRUDHOE MEDICAL GROUP,,,,,,6949
202406,QHM,00L00,WEST NORTHUMBERLAND PCN,U05512,SCOTS GAP MEDICAL GROUP,,,,,,2077
202406,QHM,00L00,WEST NORTHUMBERLAND PCN,U05512,THE SELE MEDICAL PRACTICE,,,,,,5821
202406,QHM,00L00,WEST NORTHUMBERLAND PCN,U05512,WHITE MEDICAL GROUP,,,,,,8484
202406,QHM,00N00,SOUTH TYNESIDE EAST PCN,U20256,FARNHAM MEDICAL CTR.,,,,,,17047
202406,QHM,00N00,SOUTH TYNESIDE EAST PCN,U20256,ST GEORGE & RIVERSIDE MEDICAL PRACTICE,,,,,,7356
202406,QHM,00N00,SOUTH TYNESIDE EAST PCN,U20256,TALBOT MEDICAL CENTRE,,,,,,7862
202406,QHM,00N00,SOUTH TYNESIDE EAST PCN,U20256,TRINITY MEDICAL CENTRE,,,,,,6521
202406,QHM,00N00,SOUTH TYNESIDE EAST PCN,U20256,WENLOCK ROAD SURGERY,,,,,,4510
202406,QHM,00N00,SOUTH TYNESIDE EAST PCN,U20256,WEST VIEW SURGERY,,,,,,2883
202406,QHM,00N00,SOUTH TYNESIDE SOUTH PCN,U89118,CENTRAL SURGERY,,,,,,19155
202406,QHM,00N00,SOUTH TYNESIDE SOUTH PCN,U89118,COLLIERY COURT MEDICAL GROUP,,,,,,8220
202406,QHM,00N00,SOUTH TYNESIDE SOUTH PCN,U89118,DR THORNILEY-WALKER & PARTNERS,,,,,,6142
202406,QHM,00N00,SOUTH TYNESIDE SOUTH PCN,U89118,IMEARY MEDICAL GROUP,,,,,,4169
202406,QHM,00N00,SOUTH TYNESIDE SOUTH PCN,U89118,MARSDEN MEDICAL GROUP,,,,,,22752
202406,QHM,00N00,SOUTH TYNESIDE SOUTH PCN,U89118,WHITBURN SURGERY,,,,,,5369
202406,QHM,00N00,SOUTH TYNESIDE WEST PCN,U37826,ALBERT ROAD SURGERY,,,,,,3281
202406,QHM,00N00,SOUTH TYNESIDE WEST PCN,U37826,EAST WING PRACTICE,,,,,,4272
202406,QHM,00N00,SOUTH TYNESIDE WEST PCN,U37826,ELLISON VIEW SURGERY,,,,,,6139
202406,QHM,00N00,SOUTH TYNESIDE WEST PCN,U37826,MAYFIELD MEDICAL GROUP,,,,,,9140
202406,QHM,00N00,SOUTH TYNESIDE WEST PCN,U37826,RAVENSWORTH SURGERY,,,,,,5907
202406,QHM,00N00,SOUTH TYNESIDE WEST PCN,U37826,THE G.P.SUITE,,,,,,4509
202406,QHM,00N00,SOUTH TYNESIDE WEST PCN,U37826,THE GLEN MEDICAL GROUP,,,,,,11120
202406,QHM,00N00,SOUTH TYNESIDE WEST PCN,U37826,VICTORIA MEDICAL CENTRE,,,,,,3666
202406,QHM,00P00,COALFIELDS PCN,U69720,GRANGEWOOD SURGERY,,,,,,7356
202406,QHM,00P00,COALFIELDS PCN,U69720,HERRINGTON MEDICAL CENTRE,,,,,,9448
202406,QHM,00P00,COALFIELDS PCN,U69720,HETTON GROUP PRACTICE,,,,,,11820
202406,QHM,00P00,COALFIELDS PCN,U69720,"HOUGHTON MEDICAL GROUP,",,,,,,8246
202406,QHM,00P00,COALFIELDS PCN,U69720,KEPIER MEDICAL PRACTICE,,,,,,8505
202406,QHM,00P00,COALFIELDS PCN,U69720,WESTBOURNE MEDICAL GROUP,,,,,,6582
202406,QHM,00P00,DUMMY,-,PALLION PRIMARY CARE SERVICES,,,,,,33
202406,QHM,00P00,SUNDERLAND CENTRAL PCN,U05458,HAPPY HOUSE SURGERY,,,,,,8259
202406,QHM,00P00,SUNDERLAND CENTRAL PCN,U05458,NEW SILKSWORTH MEDICAL PRACTICE,,,,,,9228
202406,QHM,00P00,SUNDERLAND CENTRAL PCN,U05458,SPRINGWELL MEDICAL GROUP,,,,,,6413
202406,QHM,00P00,SUNDERLAND CENTRAL PCN,U05458,SUNDERLAND GP ALLIANCE SOUTH HYLTON SURG,,,,,,4554
202406,QHM,00P00,SUNDERLAND CENTRAL PCN,U05458,VILLAGE SURGERY PARTNERSHIP,,,,,,4742
202406,QHM,00P00,SUNDERLAND EAST PCN,U52297,ASHBURN MEDICAL CENTRE,,,,,,5361
202406,QHM,00P00,SUNDERLAND EAST PCN,U52297,DEERNESS PARK MEDICAL GROUP,,,,,,13458
202406,QHM,00P00,SUNDERLAND EAST PCN,U52297,PARK LANE PRACTICE,,,,,,4369
202406,QHM,00P00,SUNDERLAND EAST PCN,U52297,RIVERVIEW SURGERY,,,,,,7016
202406,QHM,00P00,SUNDERLAND EAST PCN,U52297,SOUTHLANDS MEDICAL GROUP,,,,,,10222
202406,QHM,00P00,SUNDERLAND EAST PCN,U52297,THE NEW CITY MEDICAL GROUP,,,,,,5589
202406,QHM,00P00,SUNDERLAND EAST PCN,U52297,VILLETTE SURGERY,,,,,,5696
202406,QHM,00P00,SUNDERLAND NORTH PCN,U43314,BRIDGE VIEW MEDICAL GROUP,,,,,,15064
202406,QHM,00P00,SUNDERLAND NORTH PCN,U43314,CASTLETOWN MEDICAL CENTRE,,,,,,2122
202406,QHM,00P00,SUNDERLAND NORTH PCN,U43314,"FULWELL MEDICAL CENTRE,",,,,,,9226
202406,QHM,00P00,SUNDERLAND NORTH PCN,U43314,MONKWEARMOUTH HEALTH CENTRE,,,,,,4659
202406,QHM,00P00,SUNDERLAND NORTH PCN,U43314,RED HOUSE MEDICAL CENTRE,,,,,,5496
202406,QHM,00P00,SUNDERLAND NORTH PCN,U43314,ST BEDE MEDICAL CENTRE,,,,,,9340
202406,QHM,00P00,SUNDERLAND WEST 1 PCN,U14646,CHESTER SURGERY,,,,,,2995
202406,QHM,00P00,SUNDERLAND WEST 1 PCN,U14646,FORGE MEDICAL PRACTICE,,,,,,8768
202406,QHM,00P00,SUNDERLAND WEST 1 PCN,U14646,HYLTON MEDICAL GROUP,,,,,,6937
202406,QHM,00P00,SUNDERLAND WEST 1 PCN,U14646,MILLFIELD MEDICAL GROUP,,,,,,14686
202406,QHM,00P00,SUNDERLAND WEST 1 PCN,U14646,PALLION FAMILY PRACTICE,,,,,,10216
202406,QHM,00P00,SUNDERLAND WEST 1 PCN,U14646,THE BROADWAY MEDICAL PRACTICE,,,,,,7421
202406,QHM,00P00,SUNDERLAND WEST 1 PCN,U14646,WEARSIDE MEDICAL PRACTICE - PALLION,,,,,,8282
202406,QHM,00P00,WASHINGTON PCN,U61868,CONCORD MEDICAL PRACTICE,,,,,,5182
202406,QHM,00P00,WASHINGTON PCN,U61868,GALLERIES MEDICAL PRACTICE,,,,,,11356
202406,QHM,00P00,WASHINGTON PCN,U61868,I J HEALTHCARE,,,,,,3685
202406,QHM,00P00,WASHINGTON PCN,U61868,NEW WASHINGTON MEDICAL GROUP,,,,,,7265
202406,QHM,00P00,WASHINGTON PCN,U61868,RICKLETON MEDICAL CENTRE,,,,,,2677
202406,QHM,00P00,WASHINGTON PCN,U61868,SUNDERLAND GP ALLIANCE MEDICAL PRACTICE,,,,,,10268
202406,QHM,00P00,WASHINGTON PCN,U61868,THE STEPHENSON MEDICAL PRACTICE,,,,,,12370
202406,QHM,01H00,CARLISLE HEALTHCARE PCN,U92223,BRAMPTON MEDICAL PRACTICE,,,,,,16803
202406,QHM,01H00,CARLISLE HEALTHCARE PCN,U92223,CARLISLE HEALTHCARE,,,,,,38670
202406,QHM,01H00,CARLISLE HEALTHCARE PCN,U92223,LONGTOWN MEDICAL CENTRE,,,,,,3793
202406,QHM,01H00,CARLISLE HEALTHCARE PCN,U92223,SPENCER ST SURGERY,,,,,,13404
202406,QHM,01H00,CARLISLE PCN,U66688,CARLISLE CENTRAL PRACTICE,,,,,,13889
202406,QHM,01H00,CARLISLE PCN,U66688,EDEN MEDICAL GROUP,,,,,,16458
202406,QHM,01H00,CARLISLE PCN,U66688,WARWICK SQUARE GROUP PRACTICE,,,,,,7706
202406,QHM,01H00,CARLISLE PCN,U66688,FUSEHILL MEDICAL PRACTICE ( C 01-May-25 ),,,,,,3
202406,QHM,01H00,COCKERMOUTH & MARYPORT PCN,U76572,CASTLEGATE AND DERWENT SURGERY,,,,,,18200
202406,QHM,01H00,COCKERMOUTH & MARYPORT PCN,U76572,MARYPORT HEALTH SERVICES,,,,,,13747
202406,QHM,01H00,COPELAND HAVEN PCN,U94879,DISTINGTON SURGERY,,,,,,6189
202406,QHM,01H00,COPELAND HAVEN PCN,U94879,MANSION HOUSE SURGERY,,,,,,7407
202406,QHM,01H00,COPELAND HAVEN PCN,U94879,WESTCROFT HOUSE SURGERY,,,,,,6005
202406,QHM,01H00,COPELAND PCN,U48302,FELLVIEW HEALTHCARE,,,,,,23405
202406,QHM,01H00,COPELAND PCN,U48302,LOWTHER MEDICAL CENTRE,,,,,,13935
202406,QHM,01H00,COPELAND PCN,U48302,SEASCALE HEALTH CENTRE,,,,,,5961
202406,QHM,01H00,EDEN (CUMBRIA) PCN,U08085,ALSTON MEDICAL PRACTICE,,,,,,2224
202406,QHM,01H00,EDEN (CUMBRIA) PCN,U08085,APPLEBY MEDICAL PRACTICE,,,,,,5073
202406,QHM,01H00,EDEN (CUMBRIA) PCN,U08085,BIRBECK MEDICAL GROUP,,,,,,14555
202406,QHM,01H00,EDEN (CUMBRIA) PCN,U08085,COURT THORN SURGERY,,,,,,3727
202406,QHM,01H00,EDEN (CUMBRIA) PCN,U08085,GLENRIDDING HEALTH CENTRE,,,,,,938
202406,QHM,01H00,EDEN (CUMBRIA) PCN,U08085,KIRKOSWALD SURGERY,,,,,,2744
202406,QHM,01H00,EDEN (CUMBRIA) PCN,U08085,SHAP MEDICAL PRACTICE,,,,,,3275
202406,QHM,01H00,EDEN (CUMBRIA) PCN,U08085,TEMPLE SOWERBY MEDICAL PRACTICE,,,,,,4756
202406,QHM,01H00,EDEN (CUMBRIA) PCN,U08085,THE LAKES MEDICAL PRACTICE,,,,,,11234
202406,QHM,01H00,EDEN (CUMBRIA) PCN,U08085,UPPER EDEN MEDICAL PRACTICE,,,,,,6598
202406,QHM,01H00,KESWICK & SOLWAY PCN,U25680,ASPATRIA MEDICAL GROUP,,,,,,7033
202406,QHM,01H00,KESWICK & SOLWAY PCN,U25680,CALDBECK SURGERY,,,,,,4359
202406,QHM,01H00,KESWICK & SOLWAY PCN,U25680,CASTLEHEAD MEDICAL CENTRE,,,,,,8306
202406,QHM,01H00,KESWICK & SOLWAY PCN,U25680,DALSTON MEDICAL GROUP,,,,,,5109
202406,QHM,01H00,KESWICK & SOLWAY PCN,U25680,SILLOTH GROUP MEDICAL PRACTICE,,,,,,4363
202406,QHM,01H00,KESWICK & SOLWAY PCN,U25680,THE CROFT SURGERY,,,,,,3480
202406,QHM,01H00,KESWICK & SOLWAY PCN,U25680,WIGTON GROUP MEDICAL PRACTICE,,,,,,9017
202406,QHM,01H00,WORKINGTON PCN,U67303,JAMES STREET GROUP PRACT,,,,,,33046
202406,QHM,13T00,BIRTLEY AND CENTRAL GATESHEAD PCN,U76028,BIRTLEY MEDICAL GROUP,,,,,,15441
202406,QHM,13T00,BIRTLEY AND CENTRAL GATESHEAD PCN,U76028,OXFORD TCE & RAWLING RD MEDICAL GROUP,,,,,,17592
202406,QHM,13T00,BIRTLEY AND CENTRAL GATESHEAD PCN,U76028,SECOND STREET SURGERY,,,,,,4799
202406,QHM,13T00,BIRTLEY AND CENTRAL GATESHEAD PCN,U76028,THE BRIDGES MEDICAL PRACTICE,,,,,,7845
202406,QHM,13T00,DUMMY,-,GOSFORTH MEMORIAL MED.CTR ( C 01-Oct-25 ),,,,,,10948
202406,QHM,13T00,GATESHEAD CENTRAL SOUTH PCN,U91254,BEACON VIEW MEDICAL CENTRE,,,,,,5601
202406,QHM,13T00,GATESHEAD CENTRAL SOUTH PCN,U91254,BENSHAM FAMILY PRACTICE,,,,,,3912
202406,QHM,13T00,GATESHEAD CENTRAL SOUTH PCN,U91254,BEWICK ROAD SURGERY,,,,,,7775
202406,QHM,13T00,GATESHEAD CENTRAL SOUTH PCN,U91254,CENTRAL GATESHEAD MEDICAL GROUP,,,,,,10688
202406,QHM,13T00,GATESHEAD CENTRAL SOUTH PCN,U91254,FELL COTTAGE SURGERY,,,,,,8586
202406,QHM,13T00,GATESHEAD CENTRAL SOUTH PCN,U91254,FELL TOWER MEDICAL CENTRE,,,,,,7606
202406,QHM,13T00,GATESHEAD CENTRAL SOUTH PCN,U91254,MILLENNIUM FAMILY PRACTICE,,,,,,3986
202406,QHM,13T00,GATESHEAD CENTRAL SOUTH PCN,U91254,WREKENTON MEDICAL GROUP,,,,,,12006
202406,QHM,13T00,GATESHEAD EAST PCN,U13720,CROWHALL MEDICAL CENTRE,,,,,,6408
202406,QHM,13T00,GATESHEAD EAST PCN,U13720,LONGRIGG MEDICAL CENTRE,,,,,,10407
202406,QHM,13T00,GATESHEAD EAST PCN,U13720,PELAW MEDICAL PRACTICE,,,,,,5341
202406,QHM,13T00,GATESHEAD EAST PCN,U13720,ST. ALBANS MEDICAL GROUP,,,,,,7444
202406,QHM,13T00,GATESHEAD INNER WEST PCN,U33691,CHAINBRIDGE MEDICAL PARTNERSHIP,,,,,,11435
202406,QHM,13T00,GATESHEAD INNER WEST PCN,U33691,GLENPARK & TEAMS MEDICAL SERVICES,,,,,,8964
202406,QHM,13T00,GATESHEAD INNER WEST PCN,U33691,SUNNISIDE SURGERY,,,,,,3797
202406,QHM,13T00,GATESHEAD INNER WEST PCN,U33691,WHICKHAM COTTAGE MEDICAL CENTRE,,,,,,15687
202406,QHM,13T00,GATESHEAD INNER WEST PCN,U33691,TEAMS MEDICAL PRACTICE ( C 01-May-26 ),,,,,,5523
202406,QHM,13T00,GATESHEAD OUTER WEST PCN,U41930,CHOPWELL PRIMARY HEALTHCARE CENTRE,,,,,,2564
202406,QHM,13T00,GATESHEAD OUTER WEST PCN,U41930,CRAWCROOK MEDICAL CENTRE,,,,,,20425
202406,QHM,13T00,GATESHEAD OUTER WEST PCN,U41930,HOLLYHURST MEDICAL CENTRE,,,,,,4756
202406,QHM,13T00,GATESHEAD OUTER WEST PCN,U41930,OLDWELL SURGERY,,,,,,4760
202406,QHM,13T00,JESMOND - LOWER GOSFORTH PCN,U34146,JESMOND HEALTH PARTNERSHIP,,,,,,16377
202406,QHM,13T00,JESMOND - LOWER GOSFORTH PCN,U34146,ROSEWORTH SURGERY,,,,,,5813
202406,QHM,13T00,JESMOND - LOWER GOSFORTH PCN,U34146,THE GROVE MEDICAL GROUP,,,,,,13266
202406,QHM,13T00,NEWCASTLE CENTRAL HEALTH PCN,U43524,SAVILLE MEDICAL GROUP,,,,,,42108
202406,QHM,13T00,NEWCASTLE EAST PCN,U17849,BENFIELD PARK MEDICAL GROUP,,,,,,10041
202406,QHM,13T00,NEWCASTLE EAST PCN,U17849,BIDDLESTONE HEALTH GROUP,,,,,,10604
202406,QHM,13T00,NEWCASTLE EAST PCN,U17849,HEATON ROAD SURGERY,,,,,,7545
202406,QHM,13T00,NEWCASTLE EAST PCN,U17849,NEWCASTLE MEDICAL CENTRE,,,,,,20377
202406,QHM,13T00,NEWCASTLE EAST PCN,U17849,ST.ANTHONY'S HEALTH CENTRE,,,,,,6676
202406,QHM,13T00,NEWCASTLE EAST PCN,U17849,THORNFIELD MEDICAL GROUP,,,,,,20134
202406,QHM,13T00,NEWCASTLE EAST PCN,U17849,WALKER MEDICAL GROUP,,,,,,10688
202406,QHM,13T00,NEWCASTLE INNER WEST PCN,U45898,BETTS AVENUE MEDICAL GROUP,,,,,,10918
202406,QHM,13T00,NEWCASTLE INNER WEST PCN,U45898,DILSTON MEDICAL CENTRE,,,,,,9557
202406,QHM,13T00,NEWCASTLE INNER WEST PCN,U45898,ELSWICK FAMILY PRACTICE,,,,,,8016
202406,QHM,13T00,NEWCASTLE INNER WEST PCN,U45898,FENHAM HALL SURGERY,,,,,,10381
202406,QHM,13T00,NEWCASTLE INNER WEST PCN,U45898,PROSPECT MEDICAL CENTRE,,,,,,15217
202406,QHM,13T00,NEWCASTLE OUTER WEST PCN,U87170,DENTON PARK MEDICAL GROUP,,,,,,7379
202406,QHM,13T00,NEWCASTLE OUTER WEST PCN,U87170,DENTON TURRET MEDICAL CENTRE,,,,,,9043
202406,QHM,13T00,NEWCASTLE OUTER WEST PCN,U87170,NEWBURN SURGERY,,,,,,6069
202406,QHM,13T00,NEWCASTLE OUTER WEST PCN,U87170,PARKWAY MEDICAL GROUP,,,,,,8460
202406,QHM,13T00,NEWCASTLE OUTER WEST PCN,U87170,THROCKLEY PRIMARY CARE CENTRE,,,,,,7281
202406,QHM,13T00,NEWCASTLE OUTER WEST PCN,U87170,WESTERHOPE MEDICAL GROUP,,,,,,13734
202406,QHM,13T00,NORTH GOSFORTH PCN,U70624,BRUNTON PARK,Chloral hydrate (0401010B0),2,488.5248,30,30,8036
202406,QHM,13T00,NORTH GOSFORTH PCN,U70624,PARK MEDICAL GROUP,,,,,,13210
202406,QHM,13T00,NORTH GOSFORTH PCN,U70624,REGENT MEDICAL CENTRE,,,,,,7485
202406,QHM,13T00,WEST END FAMILY HEALTH PCN,U44695,CRUDDAS PARK SURGERY,,,,,,11438
202406,QHM,13T00,WEST END FAMILY HEALTH PCN,U44695,HOLMSIDE MEDICAL GROUP,,,,,,10080
202406,QHM,13T00,WEST END FAMILY HEALTH PCN,U44695,WEST ROAD MEDICAL CENTRE,,,,,,12234
202406,QHM,16C00,BILLINGHAM & NORTON PCN,U94460,DR RASOOL,,,,,,2251
202406,QHM,16C00,BILLINGHAM & NORTON PCN,U94460,KINGSWAY MEDICAL CENTRE,,,,,,9589
202406,QHM,16C00,BILLINGHAM & NORTON PCN,U94460,MARSH HOUSE MEDICAL PRACTICE,,,,,,8549
202406,QHM,16C00,BILLINGHAM & NORTON PCN,U94460,MELROSE SURGERY,,,,,,2454
202406,QHM,16C00,BILLINGHAM & NORTON PCN,U94460,NORTON MEDICAL CENTRE,,,,,,16635
202406,QHM,16C00,BILLINGHAM & NORTON PCN,U94460,QUEENSTREE PRACTICE,Chloral hydrate (0401010B0),1,732.7624,45,45,4162
202406,QHM,16C00,BILLINGHAM & NORTON PCN,U94460,THE ROSEBERRY PRACTICE,,,,,,7984
202406,QHM,16C00,BYTES PCN,U63844,EAGLESCLIFFE MEDICAL PRACTICE,,,,,,12142
202406,QHM,16C00,BYTES PCN,U63844,PARK LANE SURGERY,,,,,,5307
202406,QHM,16C00,BYTES PCN,U63844,THORNABY & BARWICK MEDICAL GROUP,,,,,,21099
202406,QHM,16C00,BYTES PCN,U63844,YARM MEDICAL PRACTICE,,,,,,14863
202406,QHM,16C00,CENTRAL MIDDLESBROUGH PCN,U55830,MARTONSIDE MEDICAL CENTRE,,,,,,7953
202406,QHM,16C00,CENTRAL MIDDLESBROUGH PCN,U55830,PARK SURGERY,,,,,,12076
202406,QHM,16C00,CENTRAL MIDDLESBROUGH PCN,U55830,PROSPECT SURGERY,,,,,,7382
202406,QHM,16C00,CENTRAL MIDDLESBROUGH PCN,U55830,THE DISCOVERY PRACTICE,,,,,,8895
202406,QHM,16C00,CENTRAL MIDDLESBROUGH PCN,U55830,THE ENDEAVOUR PRACTICE,,,,,,9251
202406,QHM,16C00,CENTRAL MIDDLESBROUGH PCN,U55830,THE ERIMUS PRACTICE,Chloral hydrate (0401010B0),1,651.4424,40,40,6944
202406,QHM,16C00,CENTRAL MIDDLESBROUGH PCN,U55830,THORNTREE SURGERY,,,,,,2739
202406,QHM,16C00,DARLINGTON PCN,U45102,BLACKETTS MEDICAL PRACTICE,,,,,,11084
202406,QHM,16C00,DARLINGTON PCN,U45102,CARMEL MEDICAL PRACTICE,Chloral hydrate (0401010B0),1,977.0124,60,60,11528
202406,QHM,16C00,DARLINGTON PCN,U45102,CLIFTON COURT MEDICAL PRACTICE,,,,,,12301
202406,QHM,16C00,DARLINGTON PCN,U45102,DENMARK STREET SURGERY,,,,,,15028
202406,QHM,16C00,DARLINGTON PCN,U45102,MIDDLETON AND DINSDALE MEDICAL PRACTICE,,,,,,5775
202406,QHM,16C00,DARLINGTON PCN,U45102,MOORLANDS SURGERY,,,,,,13273
202406,QHM,16C00,DARLINGTON PCN,U45102,NEASHAM ROAD SURGERY,,,,,,13358
202406,QHM,16C00,DARLINGTON PCN,U45102,ORCHARD COURT SURGERY,,,,,,8614
202406,QHM,16C00,DARLINGTON PCN,U45102,PARKGATE SURGERY,,,,,,4822
202406,QHM,16C00,DARLINGTON PCN,U45102,ROCKLIFFE COURT SURGERY,,,,,,6197
202406,QHM,16C00,DARLINGTON PCN,U45102,WHINFIELD MEDICAL PRACTICE,,,,,,12148
202406,QHM,16C00,DUMMY,-,THE RIDGEWAY HEALTH CENTRE,,,,,,28
202406,QHM,16C00,EAST CLEVELAND PCN,U07842,BROTTON SURGERY,,,,,,7490
202406,QHM,16C00,EAST CLEVELAND PCN,U07842,HILLSIDE PRACTICE,,,,,,9405
202406,QHM,16C00,EAST CLEVELAND PCN,U07842,SPRINGWOOD SURGERY,,,,,,7800
202406,QHM,16C00,EAST CLEVELAND PCN,U07842,THE GARTH,,,,,,11396
202406,QHM,16C00,EAST CLEVELAND PCN,U07842,WOODSIDE SURGERY,,,,,,5938
202406,QHM,16C00,ESTON PCN,U85257,CAMBRIDGE MEDICAL GROUP,,,,,,7340
202406,QHM,16C00,ESTON PCN,U85257,NORMANBY MEDICAL CENTRE,Chloral hydrate (0401010B0),1,488.5124,30,30,22857
202406,QHM,16C00,ESTON PCN,U85257,SOUTH GRANGE MEDICAL GROUP PRACTICE,,,,,,15144
202406,QHM,16C00,ESTON PCN,U85257,THE ESTON SURGERY ( D 01-Oct-25 ),,,,,,3782
202406,QHM,16C00,GREATER MIDDLESBROUGH PCN,U02671,ACKLAM MEDICAL CENTRE,Chloral hydrate (0401010B0),2,1465.5248,90,90,11202
202406,QHM,16C00,GREATER MIDDLESBROUGH PCN,U02671,COULBY MEDICAL PRACTICE,,,,,,9326
202406,QHM,16C00,GREATER MIDDLESBROUGH PCN,U02671,CROSSFELL HEALTH CENTRE,,,,,,8971
202406,QHM,16C00,GREATER MIDDLESBROUGH PCN,U02671,HIRSEL MEDICAL CENTRE,,,,,,3802
202406,QHM,16C00,GREATER MIDDLESBROUGH PCN,U02671,KINGS MEDICAL CENTRE,,,,,,6533
202406,QHM,16C00,GREATER MIDDLESBROUGH PCN,U02671,NEWLANDS MEDICAL CENTRE,Chloral hydrate (0401010B0),1,162.9424,10,10,9934
202406,QHM,16C00,GREATER MIDDLESBROUGH PCN,U02671,PARKWAY MEDICAL CENTRE,,,,,,8996
202406,QHM,16C00,GREATER MIDDLESBROUGH PCN,U02671,WESTBOURNE MEDICAL CENTRE,,,,,,5546
202406,QHM,16C00,HARTLEPOOL HEALTH PCN,U40502,MCKENZIE GROUP PRACTICE,,,,,,6274
202406,QHM,16C00,HARTLEPOOL HEALTH PCN,U40502,MCKENZIE HOUSE SURGERY,Chloral hydrate (0401010B0),1,911.9824,56,56,18926
202406,QHM,16C00,HARTLEPOOL HEALTH PCN,U40502,THE HEADLAND MEDICAL CENTRE,,,,,,5395
202406,QHM,16C00,HARTLEPOOL PCN,U70212,GLADSTONE HOUSE SURGERY,,,,,,5808
202406,QHM,16C00,HARTLEPOOL PCN,U70212,HART MEDICAL PRACTICE,,,,,,9413
202406,QHM,16C00,HARTLEPOOL PCN,U70212,THE PATEL PRACTICE,,,,,,3934
202406,QHM,16C00,HARTLEPOOL PCN,U70212,WEST QUAY MEDICAL PRACTICE,,,,,,6156
202406,QHM,16C00,HARTLEPOOL PCN,U70212,WEST VIEW MILLENIUM SURGERY A,,,,,,7462
202406,QHM,16C00,HOLGATE PCN,U85008,BOROUGH ROAD & NUNTHORPE MEDICAL GROUP,,,,,,16167
202406,QHM,16C00,HOLGATE PCN,U85008,LINTHORPE SURGERY,,,,,,20909
202406,QHM,16C00,HOLGATE PCN,U85008,VILLAGE MEDICAL CENTRE,,,,,,8380
202406,QHM,16C00,NORTH STOCKTON PCN,U07032,ALMA MEDICAL CENTRE,Chloral hydrate (0401010B0),1,732.7624,45,45,11077
202406,QHM,16C00,NORTH STOCKTON PCN,U07032,QUEENS PARK MEDICAL CENTRE,,,,,,18726
202406,QHM,16C00,NORTH STOCKTON PCN,U07032,TENNANT STREET MEDICAL PRACTICE,,,,,,14604
202406,QHM,16C00,ONE LIFE HARTLEPOOL PCN,U27349,BANKHOUSE SURGERY,,,,,,10337
202406,QHM,16C00,ONE LIFE HARTLEPOOL PCN,U27349,CHADWICK PRACTICE,,,,,,11744
202406,QHM,16C00,ONE LIFE HARTLEPOOL PCN,U27349,HAVELOCK GRANGE PRACTICE,,,,,,13710
202406,QHM,16C00,REDCAR COASTAL PCN,U23714,BENTLEY MEDICAL PRACTICE,,,,,,10157
202406,QHM,16C00,REDCAR COASTAL PCN,U23714,HUNTCLIFF SURGERY,,,,,,10145
202406,QHM,16C00,REDCAR COASTAL PCN,U23714,THE COATHAM ROAD SURGERY,Chloral hydrate (0401010B0),1,488.5124,30,30,6114
202406,QHM,16C00,REDCAR COASTAL PCN,U23714,THE GREEN HOUSE SURGERY,,,,,,10135
202406,QHM,16C00,REDCAR COASTAL PCN,U23714,THE RAVENSCAR SURGERY,Chloral hydrate (0401010B0),1,325.7824,20,20,3344
202406,QHM,16C00,REDCAR COASTAL PCN,U23714,THE SALTSCAR SURGERY,,,,,,8588
202406,QHM,16C00,REDCAR COASTAL PCN,U23714,ZETLAND MEDICAL PRACTICE,,,,,,6980
202406,QHM,16C00,STOCKTON PCN,U89141,ELM TREE SURGERY,,,,,,11890
202406,QHM,16C00,STOCKTON PCN,U89141,RIVERSIDE MEDICAL PRACTICE,,,,,,6842
202406,QHM,16C00,STOCKTON PCN,U89141,THE ARRIVAL PRACTICE ( D 01-Jun-25 ),,,,,,3177
202406,QHM,16C00,STOCKTON PCN,U89141,THE DENSHAM SURGERY,,,,,,3901
202406,QHM,16C00,STOCKTON PCN,U89141,THE DOVECOT SURGERY,,,,,,4243
202406,QHM,16C00,STOCKTON PCN,U89141,WOODBRIDGE PRACTICE,Chloral hydrate (0401010B0),1,325.7824,20,20,18511
202406,QHM,16C00,STOCKTON PCN,U89141,WOODLANDS FAMILY MEDICAL CENTRE,,,,,,12284
202406,QHM,84H00,BISHOP AUCKLAND PCN,U85067,AUCKLAND MEDICAL GROUP,,,,,,15600
202406,QHM,84H00,BISHOP AUCKLAND PCN,U85067,BISHOPGATE MEDICAL CENTRE,,,,,,13585
202406,QHM,84H00,BISHOP AUCKLAND PCN,U85067,STATION VIEW MEDICAL CENTRE,,,,,,9825
202406,QHM,84H00,CHESTER LE STREET PCN,U77096,BRIDGE END SURGERY,,,,,,7906
202406,QHM,84H00,CHESTER LE STREET PCN,U77096,CESTRIA HEALTH CENTRE,,,,,,12773
202406,QHM,84H00,CHESTER LE STREET PCN,U77096,GREAT LUMLEY SURGERY,,,,,,5384
202406,QHM,84H00,CHESTER LE STREET PCN,U77096,MIDDLE CHARE MEDICAL GROUP,,,,,,9393
202406,QHM,84H00,CHESTER LE STREET PCN,U77096,PELTON & FELLROSE MEDICAL GROUP,,,,,,9803
202406,QHM,84H00,CHESTER LE STREET PCN,U77096,SACRISTON MEDICAL CENTRE,,,,,,10768
202406,QHM,84H00,CHESTER LE STREET PCN,U77096,VILLAGES MEDICAL GROUP,,,,,,4187
202406,QHM,84H00,CLAYPATH & UNIVERSITY MEDICAL GROUP PCN,U38486,CLAYPATH & UNIVERSITY MEDICAL GROUP,,,,,,32278
202406,QHM,84H00,DERWENTSIDE PCN,U70497,ANNFIELD PLAIN SURGERY,,,,,,3557
202406,QHM,84H00,DERWENTSIDE PCN,U70497,BROWNEY HOUSE SURGERY,,,,,,2631
202406,QHM,84H00,DERWENTSIDE PCN,U70497,CEDARS MEDICAL GROUP,,,,,,6082
202406,QHM,84H00,DERWENTSIDE PCN,U70497,CONSETT MEDICAL CENTRE,Chloral hydrate (0401010B0),2,488.5248,30,30,16979
202406,QHM,84H00,DERWENTSIDE PCN,U70497,DRS LAMBERT & NG,,,,,,5258
202406,QHM,84H00,DERWENTSIDE PCN,U70497,LANCHESTER MEDICAL CENTRE,,,,,,4115
202406,QHM,84H00,DERWENTSIDE PCN,U70497,LEADGATE SURGERY,,,,,,5960
202406,QHM,84H00,DERWENTSIDE PCN,U70497,OAKFIELDS HEALTH GROUP,,,,,,7621
202406,QHM,84H00,DERWENTSIDE PCN,U70497,QUEENS ROAD SURGERY,,,,,,15924
202406,QHM,84H00,DERWENTSIDE PCN,U70497,STANLEY MEDICAL GROUP,,,,,,12358
202406,QHM,84H00,DERWENTSIDE PCN,U70497,TANFIELD VIEW MEDICAL GROUP,Chloral hydrate (0401010B0),1,488.5124,30,30,10852
202406,QHM,84H00,DERWENTSIDE PCN,U70497,THE HAVEN SURGERY,,,,,,1721
202406,QHM,84H00,DURHAM COAST PCN,U26864,BEVAN MEDICAL GROUP,,,,,,8397
202406,QHM,84H00,DURHAM COAST PCN,U26864,EAST DURHAM MEDICAL GROUP,,,,,,18305
202406,QHM,84H00,DURHAM COAST PCN,U26864,SOUTHDENE MEDICAL CENTRE,,,,,,3472
202406,QHM,84H00,DURHAM COAST PCN,U26864,WINGATE MEDICAL PRACTICE INTRAHEALTH,,,,,,3453
202406,QHM,84H00,DURHAM EAST PCN,U53962,BELMONT & SHERBURN MEDICAL GROUP,Chloral hydrate (0401010B0),1,244.2624,15,15,6204
202406,QHM,84H00,DURHAM EAST PCN,U53962,BOWBURN MEDICAL CENTRE,,,,,,4371
202406,QHM,84H00,DURHAM EAST PCN,U53962,CHEVELEY PARK MEDICAL CTR,,,,,,4973
202406,QHM,84H00,DURHAM EAST PCN,U53962,COXHOE MEDICAL PRACTICE,,,,,,7420
202406,QHM,84H00,DURHAM EAST PCN,U53962,WEST RAINTON SURGERY,,,,,,5475
202406,QHM,84H00,DURHAM WEST PCN,U01989,CHASTLETON MEDICAL GROUP,,,,,,10564
202406,QHM,84H00,DURHAM WEST PCN,U01989,DUNELM MEDICAL PRACTICE,,,,,,14279
202406,QHM,84H00,DURHAM WEST PCN,U01989,THE MEDICAL GROUP,,,,,,26751
202406,QHM,84H00,EASINGTON CENTRAL PCN,U14615,BLACKHALL AND PETERLEE PRACTICE,,,,,,10110
202406,QHM,84H00,EASINGTON CENTRAL PCN,U14615,THE HORDEN GROUP PRACTICE,,,,,,8217
202406,QHM,84H00,EASINGTON CENTRAL PCN,U14615,WILLIAM BROWN CENTRE,Chloral hydrate (0401010B0),4,977.0496,60,60,15788
202406,QHM,84H00,NORTH EASINGTON PCN,U81825,BYRON MEDICAL PRACTICE,,,,,,8328
202406,QHM,84H00,NORTH EASINGTON PCN,U81825,MARLBOROUGH SURGERY,,,,,,11263
202406,QHM,84H00,NORTH EASINGTON PCN,U81825,MURTON MEDICAL CENTRE,,,,,,7347
202406,QHM,84H00,NORTH EASINGTON PCN,U81825,SILVERDALE FAMILY PRACTICE,,,,,,6560
202406,QHM,84H00,NORTH EASINGTON PCN,U81825,THE NEW SEAHAM MEDICAL GROUP,,,,,,4655
202406,QHM,84H00,SEDGEFIELD 1 PCN,U37593,BEWICK CRESCENT SURGERY,,,,,,13258
202406,QHM,84H00,SEDGEFIELD 1 PCN,U37593,HALLGARTH SURGERY,,,,,,5323
202406,QHM,84H00,SEDGEFIELD 1 PCN,U37593,JUBILEE MEDICAL GROUP,,,,,,12433
202406,QHM,84H00,SEDGEFIELD 1 PCN,U37593,PEASE WAY MEDICAL CENTRE,,,,,,12188
202406,QHM,84H00,SEDGEFIELD NORTH PCN,U12365,BISHOPS CLOSE MEDICAL PRACTICE,,,,,,8694
202406,QHM,84H00,SEDGEFIELD NORTH PCN,U12365,FERRYHILL AND CHILTON MEDICAL PRACTICE,,,,,,14885
202406,QHM,84H00,SEDGEFIELD NORTH PCN,U12365,SKERNE MEDICAL GROUP,Chloral hydrate (0401010B0),1,977.0124,60,60,16691
202406,QHM,84H00,SEDGEFIELD NORTH PCN,U12365,ST ANDREW'S MEDICAL PRACTICE,,,,,,15281
202406,QHM,84H00,SEDGEFIELD NORTH PCN,U12365,WEST CORNFORTH MEDICAL CENTRE,,,,,,2733
202406,QHM,84H00,TEESDALE PCN,U31619,BARNARD CASTLE SURGERY,,,,,,10835
202406,QHM,84H00,TEESDALE PCN,U31619,EVENWOOD MEDICAL PRACTICE,,,,,,2220
202406,QHM,84H00,TEESDALE PCN,U31619,GAINFORD SURGERY,,,,,,3630
202406,QHM,84H00,TEESDALE PCN,U31619,OLD FORGE SURGERY,,,,,,2659
202406,QHM,84H00,TEESDALE PCN,U31619,PINFOLD MEDICAL PRACTICE,,,,,,2927
202406,QHM,84H00,TEESDALE PCN,U31619,WOODVIEW MEDICAL PRACTICE,,,,,,2562
202406,QHM,84H00,WEAR VALLEY PCN,U96202,NORTH HOUSE SURGERY,,,,,,13544
202406,QHM,84H00,WEAR VALLEY PCN,U96202,THE WEARDALE PRACTICE,,,,,,7195
202406,QHM,84H00,WEAR VALLEY PCN,U96202,WILLINGTON MEDICAL GROUP,,,,,,9196
202406,QHM,99C00,CRAMLINGTON SEATON VALLEY PCN,U24977,WOODLANDS PARK HEALTH CTR,,,,,,6419
202406,QHM,99C00,NORTH SHIELDS PCN,U91110,COLLINGWOOD HEALTH GROUP,,,,,,24407
202406,QHM,99C00,NORTH SHIELDS PCN,U91110,PRIORY MEDICAL GROUP,,,,,,15558
202406,QHM,99C00,NORTH SHIELDS PCN,U91110,REDBURN PARK MEDICAL CENTRE,,,,,,6078
202406,QHM,99C00,NORTH SHIELDS PCN,U91110,NELSON MEDICAL GROUP ( C 01-May-26 ),,,,,,5017
202406,QHM,99C00,NORTH TYNESIDE NORTH WEST PCN,U95193,LANE END SURGERY,,,,,,9566
202406,QHM,99C00,NORTH TYNESIDE NORTH WEST PCN,U95193,MALLARD MEDICAL PRACTICE,Chloral hydrate (0401010B0),1,488.5124,30,30,5316
202406,QHM,99C00,NORTH TYNESIDE NORTH WEST PCN,U95193,STEPHENSON PARK HEALTH GROUP,,,,,,18025
202406,QHM,99C00,NORTH TYNESIDE NORTH WEST PCN,U95193,SWARLAND AVENUE SURGERY,,,,,,6690
202406,QHM,99C00,NORTH TYNESIDE NORTH WEST PCN,U95193,WELLSPRING MEDICAL PRACT.,,,,,,6477
202406,QHM,99C00,NORTH TYNESIDE NORTH WEST PCN,U95193,WEST FARM SURGERY,,,,,,6014
202406,QHM,99C00,NORTH TYNESIDE NORTH WEST PCN,U95193,WIDEOPEN MEDICAL CENTRE,,,,,,7557
202406,QHM,99C00,NORTHUMBRIA PCN,U09980,NPC NORTH TYNESIDE - SPRING TERRACE,Chloral hydrate (0401010B0),20,914.168,56,56,5852
202406,QHM,99C00,WALLSEND PCN,U10386,BEWICKE MEDICAL CENTRE,,,,,,9361
202406,QHM,99C00,WALLSEND PCN,U10386,HADRIAN HEALTH CENTRE,,,,,,20662
202406,QHM,99C00,WALLSEND PCN,U10386,THE VILLAGE GREEN SURGERY,,,,,,12741
202406,QHM,99C00,WHITLEY BAY PCN,U02739,BEAUMONT PARK SURGERY,,,,,,6536
202406,QHM,99C00,WHITLEY BAY PCN,U02739,BRIDGE AND MONKSEATON MEDICAL PRACTICE,,,,,,13330
202406,QHM,99C00,WHITLEY BAY PCN,U02739,MARINE AVENUE MEDICAL CTR,,,,,,8597
202406,QHM,99C00,WHITLEY BAY PCN,U02739,NORTHUMBERLAND PARK MEDICAL GROUP,,,,,,9554
202406,QHM,99C00,WHITLEY BAY PCN,U02739,WHITLEY BAY HEALTH CENTRE,,,,,,13437
202406,QHM,99C00,WHITLEY BAY PCN,U02739,49 MARINE AVENUE SURGERY ( C 01-May-26 ),,,,,,5881
202406,QHM,99C00,WHITLEY BAY PCN,U02739,BRIDGE MEDICAL ( C 01-May-25 ),,,,,,1
202406,QHM,99C00,WHITLEY BAY PCN,U02739,PARK PARADE PRACTICE ( C 01-May-26 ),,,,,,4848
202407,QHM,00L00,BLYTH PCN,U25489,MARINE MEDICAL GROUP,,,,,,13492
202407,QHM,00L00,BLYTH PCN,U25489,RAILWAY MEDICAL GROUP,,,,,,27211
202407,QHM,00L00,CRAMLINGTON SEATON VALLEY PCN,U24977,FORUM FAMILY PRACTICE,,,,,,8695
202407,QHM,00L00,CRAMLINGTON SEATON VALLEY PCN,U24977,NETHERFIELD HOUSE,,,,,,5996
202407,QHM,00L00,CRAMLINGTON SEATON VALLEY PCN,U24977,VILLAGE MEDICAL GROUP,,,,,,10963
202407,QHM,00L00,DUMMY,-,RIVERSDALE SURGERY,,,,,,5958
202407,QHM,00L00,DUMMY,-,THE ADDERLANE SURGERY,,,,,,2113
202407,QHM,00L00,NORTHUMBRIA PCN,U09980,NPC AMBLE & BROOMHILL,,,,,,12078
202407,QHM,00L00,NORTHUMBRIA PCN,U09980,NPC CENTRAL NORTHUMBERLAND,,,,,,50288
202407,QHM,00L00,NORTHUMBRIA PCN,U09980,NPC CRAMLINGTON,,,,,,5291
202407,QHM,00L00,NORTHUMBRIA PCN,U09980,NPC ELSDON AVENUE,,,,,,4209
202407,QHM,00L00,NORTHUMBRIA PCN,U09980,NPC FELTON & WIDDRINGTON,,,,,,4528
202407,QHM,00L00,NORTHUMBRIA PCN,U09980,NPC HAYDON BRIDGE & ALLENDALE,,,,,,5282
202407,QHM,00L00,NORTHUMBRIA PCN,U09980,NPC PONTELAND,,,,,,10876
202407,QHM,00L00,NORTHUMBRIA PCN,U09980,NPC ROTHBURY,,,,,,6135
202407,QHM,00L00,WANSBECK PCN,U11112,BEDLINGTONSHIRE MED.GROUP,,,,,,12617
202407,QHM,00L00,WANSBECK PCN,U11112,GUIDEPOST MEDICAL GROUP,,,,,,8059
202407,QHM,00L00,WANSBECK PCN,U11112,SEATON PARK MEDICAL GROUP,,,,,,19428
202407,QHM,00L00,WANSBECK PCN,U11112,THE GABLES MEDICAL GROUP,,,,,,6319
202407,QHM,00L00,WELL UP NORTH PCN,U25545,ALNWICK MEDICAL GROUP,,,,,,18895
202407,QHM,00L00,WELL UP NORTH PCN,U25545,BELFORD MEDICAL PRACTICE,,,,,,4471
202407,QHM,00L00,WELL UP NORTH PCN,U25545,GAS HOUSE LANE SURGERY,Chloral hydrate (0401010B0),3,732.7872,45,45,6940
202407,QHM,00L00,WELL UP NORTH PCN,U25545,GREYSTOKE SURGERY,,,,,,10528
202407,QHM,00L00,WELL UP NORTH PCN,U25545,UNION BRAE & NORHAM PRAC,,,,,,7220
202407,QHM,00L00,WELL UP NORTH PCN,U25545,WELL CLOSE MEDICAL GROUP,,,,,,9142
202407,QHM,00L00,WELL UP NORTH PCN,U25545,WOOLER HEALTH,,,,,,4827
202407,QHM,00L00,WEST NORTHUMBERLAND PCN,U05512,BELLINGHAM PRACTICE,,,,,,3452
202407,QHM,00L00,WEST NORTHUMBERLAND PCN,U05512,BRANCH END SURGERY,,,,,,5361
202407,QHM,00L00,WEST NORTHUMBERLAND PCN,U05512,BURN BRAE MEDICAL GROUP,,,,,,10380
202407,QHM,00L00,WEST NORTHUMBERLAND PCN,U05512,CORBRIDGE HEALTH CENTRE,,,,,,7228
202407,QHM,00L00,WEST NORTHUMBERLAND PCN,U05512,HALTWHISTLE MEDICAL GROUP,,,,,,5568
202407,QHM,00L00,WEST NORTHUMBERLAND PCN,U05512,HUMSHAUGH & WARK MED GRP,,,,,,3440
202407,QHM,00L00,WEST NORTHUMBERLAND PCN,U05512,PRUDHOE MEDICAL GROUP,,,,,,6952
202407,QHM,00L00,WEST NORTHUMBERLAND PCN,U05512,SCOTS GAP MEDICAL GROUP,,,,,,2089
202407,QHM,00L00,WEST NORTHUMBERLAND PCN,U05512,THE SELE MEDICAL PRACTICE,,,,,,5836
202407,QHM,00L00,WEST NORTHUMBERLAND PCN,U05512,WHITE MEDICAL GROUP,,,,,,8478
202407,QHM,00N00,SOUTH TYNESIDE EAST PCN,U20256,FARNHAM MEDICAL CTR.,,,,,,17029
202407,QHM,00N00,SOUTH TYNESIDE EAST PCN,U20256,ST GEORGE & RIVERSIDE MEDICAL PRACTICE,,,,,,7367
202407,QHM,00N00,SOUTH TYNESIDE EAST PCN,U20256,TALBOT MEDICAL CENTRE,,,,,,7856
202407,QHM,00N00,SOUTH TYNESIDE EAST PCN,U20256,TRINITY MEDICAL CENTRE,,,,,,6527
202407,QHM,00N00,SOUTH TYNESIDE EAST PCN,U20256,WENLOCK ROAD SURGERY,,,,,,4491
202407,QHM,00N00,SOUTH TYNESIDE EAST PCN,U20256,WEST VIEW SURGERY,,,,,,2885
202407,QHM,00N00,SOUTH TYNESIDE SOUTH PCN,U89118,CENTRAL SURGERY,,,,,,19139
202407,QHM,00N00,SOUTH TYNESIDE SOUTH PCN,U89118,COLLIERY COURT MEDICAL GROUP,,,,,,8244
202407,QHM,00N00,SOUTH TYNESIDE SOUTH PCN,U89118,DR THORNILEY-WALKER & PARTNERS,,,,,,6128
202407,QHM,00N00,SOUTH TYNESIDE SOUTH PCN,U89118,IMEARY MEDICAL GROUP,,,,,,4189
202407,QHM,00N00,SOUTH TYNESIDE SOUTH PCN,U89118,MARSDEN MEDICAL GROUP,,,,,,22722
202407,QHM,00N00,SOUTH TYNESIDE SOUTH PCN,U89118,WHITBURN SURGERY,,,,,,5373
202407,QHM,00N00,SOUTH TYNESIDE WEST PCN,U37826,ALBERT ROAD SURGERY,,,,,,3292
202407,QHM,00N00,SOUTH TYNESIDE WEST PCN,U37826,EAST WING PRACTICE,,,,,,4267
202407,QHM,00N00,SOUTH TYNESIDE WEST PCN,U37826,ELLISON VIEW SURGERY,,,,,,6133
202407,QHM,00N00,SOUTH TYNESIDE WEST PCN,U37826,MAYFIELD MEDICAL GROUP,,,,,,9152
202407,QHM,00N00,SOUTH TYNESIDE WEST PCN,U37826,RAVENSWORTH SURGERY,,,,,,5912
202407,QHM,00N00,SOUTH TYNESIDE WEST PCN,U37826,THE G.P.SUITE,,,,,,4493
202407,QHM,00N00,SOUTH TYNESIDE WEST PCN,U37826,THE GLEN MEDICAL GROUP,,,,,,11123
202407,QHM,00N00,SOUTH TYNESIDE WEST PCN,U37826,VICTORIA MEDICAL CENTRE,,,,,,3662
202407,QHM,00P00,COALFIELDS PCN,U69720,GRANGEWOOD SURGERY,,,,,,7385
202407,QHM,00P00,COALFIELDS PCN,U69720,HERRINGTON MEDICAL CENTRE,,,,,,9482
202407,QHM,00P00,COALFIELDS PCN,U69720,HETTON GROUP PRACTICE,,,,,,11857
202407,QHM,00P00,COALFIELDS PCN,U69720,"HOUGHTON MEDICAL GROUP,",,,,,,8259
202407,QHM,00P00,COALFIELDS PCN,U69720,KEPIER MEDICAL PRACTICE,,,,,,8515
202407,QHM,00P00,COALFIELDS PCN,U69720,WESTBOURNE MEDICAL GROUP,,,,,,6587
202407,QHM,00P00,DUMMY,-,PALLION PRIMARY CARE SERVICES,,,,,,34
202407,QHM,00P00,SUNDERLAND CENTRAL PCN,U05458,HAPPY HOUSE SURGERY,,,,,,8265
202407,QHM,00P00,SUNDERLAND CENTRAL PCN,U05458,NEW SILKSWORTH MEDICAL PRACTICE,,,,,,9220
202407,QHM,00P00,SUNDERLAND CENTRAL PCN,U05458,SPRINGWELL MEDICAL GROUP,,,,,,6411
202407,QHM,00P00,SUNDERLAND CENTRAL PCN,U05458,SUNDERLAND GP ALLIANCE SOUTH HYLTON SURG,,,,,,4571
202407,QHM,00P00,SUNDERLAND CENTRAL PCN,U05458,VILLAGE SURGERY PARTNERSHIP,,,,,,4750
202407,QHM,00P00,SUNDERLAND EAST PCN,U52297,ASHBURN MEDICAL CENTRE,,,,,,5332
202407,QHM,00P00,SUNDERLAND EAST PCN,U52297,DEERNESS PARK MEDICAL GROUP,,,,,,13477
202407,QHM,00P00,SUNDERLAND EAST PCN,U52297,PARK LANE PRACTICE,,,,,,4343
202407,QHM,00P00,SUNDERLAND EAST PCN,U52297,RIVERVIEW SURGERY,,,,,,6999
202407,QHM,00P00,SUNDERLAND EAST PCN,U52297,SOUTHLANDS MEDICAL GROUP,,,,,,10280
202407,QHM,00P00,SUNDERLAND EAST PCN,U52297,THE NEW CITY MEDICAL GROUP,,,,,,5607
202407,QHM,00P00,SUNDERLAND EAST PCN,U52297,VILLETTE SURGERY,,,,,,5676
202407,QHM,00P00,SUNDERLAND NORTH PCN,U43314,BRIDGE VIEW MEDICAL GROUP,,,,,,15047
202407,QHM,00P00,SUNDERLAND NORTH PCN,U43314,CASTLETOWN MEDICAL CENTRE,,,,,,2114
202407,QHM,00P00,SUNDERLAND NORTH PCN,U43314,"FULWELL MEDICAL CENTRE,",,,,,,9218
202407,QHM,00P00,SUNDERLAND NORTH PCN,U43314,MONKWEARMOUTH HEALTH CENTRE,,,,,,4659
202407,QHM,00P00,SUNDERLAND NORTH PCN,U43314,RED HOUSE MEDICAL CENTRE,,,,,,5508
202407,QHM,00P00,SUNDERLAND NORTH PCN,U43314,ST BEDE MEDICAL CENTRE,,,,,,9318
202407,QHM,00P00,SUNDERLAND WEST 1 PCN,U14646,CHESTER SURGERY,,,,,,2984
202407,QHM,00P00,SUNDERLAND WEST 1 PCN,U14646,FORGE MEDICAL PRACTICE,,,,,,8742
202407,QHM,00P00,SUNDERLAND WEST 1 PCN,U14646,HYLTON MEDICAL GROUP,,,,,,7004
202407,QHM,00P00,SUNDERLAND WEST 1 PCN,U14646,MILLFIELD MEDICAL GROUP,,,,,,14661
202407,QHM,00P00,SUNDERLAND WEST 1 PCN,U14646,PALLION FAMILY PRACTICE,,,,,,10212
202407,QHM,00P00,SUNDERLAND WEST 1 PCN,U14646,THE BROADWAY MEDICAL PRACTICE,,,,,,7434
202407,QHM,00P00,SUNDERLAND WEST 1 PCN,U14646,WEARSIDE MEDICAL PRACTICE - PALLION,,,,,,8261
202407,QHM,00P00,WASHINGTON PCN,U61868,CONCORD MEDICAL PRACTICE,,,,,,5212
202407,QHM,00P00,WASHINGTON PCN,U61868,GALLERIES MEDICAL PRACTICE,,,,,,11381
202407,QHM,00P00,WASHINGTON PCN,U61868,I J HEALTHCARE,,,,,,3678
202407,QHM,00P00,WASHINGTON PCN,U61868,NEW WASHINGTON MEDICAL GROUP,,,,,,7275
202407,QHM,00P00,WASHINGTON PCN,U61868,RICKLETON MEDICAL CENTRE,,,,,,2683
202407,QHM,00P00,WASHINGTON PCN,U61868,SUNDERLAND GP ALLIANCE MEDICAL PRACTICE,,,,,,10250
202407,QHM,00P00,WASHINGTON PCN,U61868,THE STEPHENSON MEDICAL PRACTICE,,,,,,12372
202407,QHM,01H00,CARLISLE HEALTHCARE PCN,U92223,BRAMPTON MEDICAL PRACTICE,,,,,,16774
202407,QHM,01H00,CARLISLE HEALTHCARE PCN,U92223,CARLISLE HEALTHCARE,,,,,,38842
202407,QHM,01H00,CARLISLE HEALTHCARE PCN,U92223,LONGTOWN MEDICAL CENTRE,,,,,,3801
202407,QHM,01H00,CARLISLE HEALTHCARE PCN,U92223,SPENCER ST SURGERY,,,,,,13408
202407,QHM,01H00,CARLISLE PCN,U66688,CARLISLE CENTRAL PRACTICE,,,,,,13896
202407,QHM,01H00,CARLISLE PCN,U66688,EDEN MEDICAL GROUP,,,,,,16383
202407,QHM,01H00,CARLISLE PCN,U66688,WARWICK SQUARE GROUP PRACTICE,,,,,,7720
202407,QHM,01H00,CARLISLE PCN,U66688,FUSEHILL MEDICAL PRACTICE ( C 01-May-25 ),,,,,,3
202407,QHM,01H00,COCKERMOUTH & MARYPORT PCN,U76572,CASTLEGATE AND DERWENT SURGERY,,,,,,18236
202407,QHM,01H00,COCKERMOUTH & MARYPORT PCN,U76572,MARYPORT HEALTH SERVICES,,,,,,13753
202407,QHM,01H00,COPELAND HAVEN PCN,U94879,DISTINGTON SURGERY,,,,,,6226
202407,QHM,01H00,COPELAND HAVEN PCN,U94879,MANSION HOUSE SURGERY,,,,,,7451
202407,QHM,01H00,COPELAND HAVEN PCN,U94879,WESTCROFT HOUSE SURGERY,,,,,,6029
202407,QHM,01H00,COPELAND PCN,U48302,FELLVIEW HEALTHCARE,,,,,,23364
202407,QHM,01H00,COPELAND PCN,U48302,LOWTHER MEDICAL CENTRE,,,,,,13916
202407,QHM,01H00,COPELAND PCN,U48302,SEASCALE HEALTH CENTRE,,,,,,5960
202407,QHM,01H00,EDEN (CUMBRIA) PCN,U08085,ALSTON MEDICAL PRACTICE,,,,,,2221
202407,QHM,01H00,EDEN (CUMBRIA) PCN,U08085,APPLEBY MEDICAL PRACTICE,,,,,,5083
202407,QHM,01H00,EDEN (CUMBRIA) PCN,U08085,BIRBECK MEDICAL GROUP,,,,,,14565
202407,QHM,01H00,EDEN (CUMBRIA) PCN,U08085,COURT THORN SURGERY,,,,,,3732
202407,QHM,01H00,EDEN (CUMBRIA) PCN,U08085,GLENRIDDING HEALTH CENTRE,,,,,,940
202407,QHM,01H00,EDEN (CUMBRIA) PCN,U08085,KIRKOSWALD SURGERY,,,,,,2747
202407,QHM,01H00,EDEN (CUMBRIA) PCN,U08085,SHAP MEDICAL PRACTICE,,,,,,3274
202407,QHM,01H00,EDEN (CUMBRIA) PCN,U08085,TEMPLE SOWERBY MEDICAL PRACTICE,,,,,,4743
202407,QHM,01H00,EDEN (CUMBRIA) PCN,U08085,THE LAKES MEDICAL PRACTICE,,,,,,11291
202407,QHM,01H00,EDEN (CUMBRIA) PCN,U08085,UPPER EDEN MEDICAL PRACTICE,,,,,,6599
202407,QHM,01H00,KESWICK & SOLWAY PCN,U25680,ASPATRIA MEDICAL GROUP,,,,,,7051
202407,QHM,01H00,KESWICK & SOLWAY PCN,U25680,CALDBECK SURGERY,,,,,,4364
202407,QHM,01H00,KESWICK & SOLWAY PCN,U25680,CASTLEHEAD MEDICAL CENTRE,,,,,,8312
202407,QHM,01H00,KESWICK & SOLWAY PCN,U25680,DALSTON MEDICAL GROUP,,,,,,5102
202407,QHM,01H00,KESWICK & SOLWAY PCN,U25680,SILLOTH GROUP MEDICAL PRACTICE,,,,,,4378
202407,QHM,01H00,KESWICK & SOLWAY PCN,U25680,THE CROFT SURGERY,,,,,,3478
202407,QHM,01H00,KESWICK & SOLWAY PCN,U25680,WIGTON GROUP MEDICAL PRACTICE,,,,,,9031
202407,QHM,01H00,WORKINGTON PCN,U67303,JAMES STREET GROUP PRACT,,,,,,33074
202407,QHM,13T00,BIRTLEY AND CENTRAL GATESHEAD PCN,U76028,BIRTLEY MEDICAL GROUP,,,,,,15431
202407,QHM,13T00,BIRTLEY AND CENTRAL GATESHEAD PCN,U76028,OXFORD TCE & RAWLING RD MEDICAL GROUP,,,,,,17588
202407,QHM,13T00,BIRTLEY AND CENTRAL GATESHEAD PCN,U76028,SECOND STREET SURGERY,,,,,,4813
202407,QHM,13T00,BIRTLEY AND CENTRAL GATESHEAD PCN,U76028,THE BRIDGES MEDICAL PRACTICE,,,,,,7837
202407,QHM,13T00,DUMMY,-,GOSFORTH MEMORIAL MED.CTR ( C 01-Oct-25 ),,,,,,10943
202407,QHM,13T00,GATESHEAD CENTRAL SOUTH PCN,U91254,BEACON VIEW MEDICAL CENTRE,,,,,,5627
202407,QHM,13T00,GATESHEAD CENTRAL SOUTH PCN,U91254,BENSHAM FAMILY PRACTICE,,,,,,3908
202407,QHM,13T00,GATESHEAD CENTRAL SOUTH PCN,U91254,BEWICK ROAD SURGERY,,,,,,7792
202407,QHM,13T00,GATESHEAD CENTRAL SOUTH PCN,U91254,CENTRAL GATESHEAD MEDICAL GROUP,,,,,,10667
202407,QHM,13T00,GATESHEAD CENTRAL SOUTH PCN,U91254,FELL COTTAGE SURGERY,,,,,,8592
202407,QHM,13T00,GATESHEAD CENTRAL SOUTH PCN,U91254,FELL TOWER MEDICAL CENTRE,,,,,,7590
202407,QHM,13T00,GATESHEAD CENTRAL SOUTH PCN,U91254,MILLENNIUM FAMILY PRACTICE,,,,,,3977
202407,QHM,13T00,GATESHEAD CENTRAL SOUTH PCN,U91254,WREKENTON MEDICAL GROUP,,,,,,12064
202407,QHM,13T00,GATESHEAD EAST PCN,U13720,CROWHALL MEDICAL CENTRE,,,,,,6419
202407,QHM,13T00,GATESHEAD EAST PCN,U13720,LONGRIGG MEDICAL CENTRE,,,,,,10390
202407,QHM,13T00,GATESHEAD EAST PCN,U13720,PELAW MEDICAL PRACTICE,,,,,,5344
202407,QHM,13T00,GATESHEAD EAST PCN,U13720,ST. ALBANS MEDICAL GROUP,,,,,,7416
202407,QHM,13T00,GATESHEAD INNER WEST PCN,U33691,CHAINBRIDGE MEDICAL PARTNERSHIP,,,,,,11462
202407,QHM,13T00,GATESHEAD INNER WEST PCN,U33691,GLENPARK & TEAMS MEDICAL SERVICES,,,,,,8958
202407,QHM,13T00,GATESHEAD INNER WEST PCN,U33691,SUNNISIDE SURGERY,,,,,,3805
202407,QHM,13T00,GATESHEAD INNER WEST PCN,U33691,WHICKHAM COTTAGE MEDICAL CENTRE,,,,,,15699
202407,QHM,13T00,GATESHEAD INNER WEST PCN,U33691,TEAMS MEDICAL PRACTICE ( C 01-May-26 ),,,,,,5517
202407,QHM,13T00,GATESHEAD OUTER WEST PCN,U41930,CHOPWELL PRIMARY HEALTHCARE CENTRE,,,,,,2568
202407,QHM,13T00,GATESHEAD OUTER WEST PCN,U41930,CRAWCROOK MEDICAL CENTRE,,,,,,20401
202407,QHM,13T00,GATESHEAD OUTER WEST PCN,U41930,HOLLYHURST MEDICAL CENTRE,,,,,,4765
202407,QHM,13T00,GATESHEAD OUTER WEST PCN,U41930,OLDWELL SURGERY,,,,,,4757
202407,QHM,13T00,JESMOND - LOWER GOSFORTH PCN,U34146,JESMOND HEALTH PARTNERSHIP,,,,,,16318
202407,QHM,13T00,JESMOND - LOWER GOSFORTH PCN,U34146,ROSEWORTH SURGERY,,,,,,5820
202407,QHM,13T00,JESMOND - LOWER GOSFORTH PCN,U34146,THE GROVE MEDICAL GROUP,,,,,,13285
202407,QHM,13T00,NEWCASTLE CENTRAL HEALTH PCN,U43524,SAVILLE MEDICAL GROUP,,,,,,41858
202407,QHM,13T00,NEWCASTLE EAST PCN,U17849,BENFIELD PARK MEDICAL GROUP,,,,,,10079
202407,QHM,13T00,NEWCASTLE EAST PCN,U17849,BIDDLESTONE HEALTH GROUP,,,,,,10608
202407,QHM,13T00,NEWCASTLE EAST PCN,U17849,HEATON ROAD SURGERY,,,,,,7506
202407,QHM,13T00,NEWCASTLE EAST PCN,U17849,NEWCASTLE MEDICAL CENTRE,,,,,,20276
202407,QHM,13T00,NEWCASTLE EAST PCN,U17849,ST.ANTHONY'S HEALTH CENTRE,,,,,,6691
202407,QHM,13T00,NEWCASTLE EAST PCN,U17849,THORNFIELD MEDICAL GROUP,,,,,,20051
202407,QHM,13T00,NEWCASTLE EAST PCN,U17849,WALKER MEDICAL GROUP,,,,,,10672
202407,QHM,13T00,NEWCASTLE INNER WEST PCN,U45898,BETTS AVENUE MEDICAL GROUP,,,,,,10902
202407,QHM,13T00,NEWCASTLE INNER WEST PCN,U45898,DILSTON MEDICAL CENTRE,,,,,,9585
202407,QHM,13T00,NEWCASTLE INNER WEST PCN,U45898,ELSWICK FAMILY PRACTICE,,,,,,7983
202407,QHM,13T00,NEWCASTLE INNER WEST PCN,U45898,FENHAM HALL SURGERY,,,,,,10410
202407,QHM,13T00,NEWCASTLE INNER WEST PCN,U45898,PROSPECT MEDICAL CENTRE,,,,,,15181
202407,QHM,13T00,NEWCASTLE OUTER WEST PCN,U87170,DENTON PARK MEDICAL GROUP,,,,,,7392
202407,QHM,13T00,NEWCASTLE OUTER WEST PCN,U87170,DENTON TURRET MEDICAL CENTRE,Chloral hydrate (0401010B0),1,488.5124,30,30,9063
202407,QHM,13T00,NEWCASTLE OUTER WEST PCN,U87170,NEWBURN SURGERY,,,,,,6097
202407,QHM,13T00,NEWCASTLE OUTER WEST PCN,U87170,PARKWAY MEDICAL GROUP,,,,,,8460
202407,QHM,13T00,NEWCASTLE OUTER WEST PCN,U87170,THROCKLEY PRIMARY CARE CENTRE,,,,,,7289
202407,QHM,13T00,NEWCASTLE OUTER WEST PCN,U87170,WESTERHOPE MEDICAL GROUP,,,,,,13709
202407,QHM,13T00,NORTH GOSFORTH PCN,U70624,BRUNTON PARK,Chloral hydrate (0401010B0),2,488.5248,30,30,8066
202407,QHM,13T00,NORTH GOSFORTH PCN,U70624,PARK MEDICAL GROUP,,,,,,13220
202407,QHM,13T00,NORTH GOSFORTH PCN,U70624,REGENT MEDICAL CENTRE,,,,,,7488
202407,QHM,13T00,WEST END FAMILY HEALTH PCN,U44695,CRUDDAS PARK SURGERY,,,,,,11421
202407,QHM,13T00,WEST END FAMILY HEALTH PCN,U44695,HOLMSIDE MEDICAL GROUP,,,,,,10097
202407,QHM,13T00,WEST END FAMILY HEALTH PCN,U44695,WEST ROAD MEDICAL CENTRE,,,,,,12303
202407,QHM,16C00,BILLINGHAM & NORTON PCN,U94460,DR RASOOL,,,,,,2250
202407,QHM,16C00,BILLINGHAM & NORTON PCN,U94460,KINGSWAY MEDICAL CENTRE,,,,,,9650
202407,QHM,16C00,BILLINGHAM & NORTON PCN,U94460,MARSH HOUSE MEDICAL PRACTICE,,,,,,8556
202407,QHM,16C00,BILLINGHAM & NORTON PCN,U94460,MELROSE SURGERY,,,,,,2444
202407,QHM,16C00,BILLINGHAM & NORTON PCN,U94460,NORTON MEDICAL CENTRE,,,,,,16617
202407,QHM,16C00,BILLINGHAM & NORTON PCN,U94460,QUEENSTREE PRACTICE,Chloral hydrate (0401010B0),1,732.7624,45,45,4153
202407,QHM,16C00,BILLINGHAM & NORTON PCN,U94460,THE ROSEBERRY PRACTICE,,,,,,7959
202407,QHM,16C00,BYTES PCN,U63844,EAGLESCLIFFE MEDICAL PRACTICE,,,,,,12174
202407,QHM,16C00,BYTES PCN,U63844,PARK LANE SURGERY,,,,,,5314
202407,QHM,16C00,BYTES PCN,U63844,THORNABY & BARWICK MEDICAL GROUP,,,,,,21105
202407,QHM,16C00,BYTES PCN,U63844,YARM MEDICAL PRACTICE,,,,,,14888
202407,QHM,16C00,CENTRAL MIDDLESBROUGH PCN,U55830,MARTONSIDE MEDICAL CENTRE,,,,,,7943
202407,QHM,16C00,CENTRAL MIDDLESBROUGH PCN,U55830,PARK SURGERY,,,,,,12162
202407,QHM,16C00,CENTRAL MIDDLESBROUGH PCN,U55830,PROSPECT SURGERY,,,,,,7372
202407,QHM,16C00,CENTRAL MIDDLESBROUGH PCN,U55830,THE DISCOVERY PRACTICE,,,,,,8908
202407,QHM,16C00,CENTRAL MIDDLESBROUGH PCN,U55830,THE ENDEAVOUR PRACTICE,,,,,,9211
202407,QHM,16C00,CENTRAL MIDDLESBROUGH PCN,U55830,THE ERIMUS PRACTICE,Chloral hydrate (0401010B0),1,651.4424,40,40,6909
202407,QHM,16C00,CENTRAL MIDDLESBROUGH PCN,U55830,THORNTREE SURGERY,,,,,,2756
202407,QHM,16C00,DARLINGTON PCN,U45102,BLACKETTS MEDICAL PRACTICE,,,,,,11110
202407,QHM,16C00,DARLINGTON PCN,U45102,CARMEL MEDICAL PRACTICE,Chloral hydrate (0401010B0),3,693.8072,21.198,21.198,11540
202407,QHM,16C00,DARLINGTON PCN,U45102,CLIFTON COURT MEDICAL PRACTICE,,,,,,12292
202407,QHM,16C00,DARLINGTON PCN,U45102,DENMARK STREET SURGERY,,,,,,15079
202407,QHM,16C00,DARLINGTON PCN,U45102,MIDDLETON AND DINSDALE MEDICAL PRACTICE,,,,,,5781
202407,QHM,16C00,DARLINGTON PCN,U45102,MOORLANDS SURGERY,,,,,,13288
202407,QHM,16C00,DARLINGTON PCN,U45102,NEASHAM ROAD SURGERY,,,,,,13391
202407,QHM,16C00,DARLINGTON PCN,U45102,ORCHARD COURT SURGERY,,,,,,8608
202407,QHM,16C00,DARLINGTON PCN,U45102,PARKGATE SURGERY,,,,,,4819
202407,QHM,16C00,DARLINGTON PCN,U45102,ROCKLIFFE COURT SURGERY,,,,,,6220
202407,QHM,16C00,DARLINGTON PCN,U45102,WHINFIELD MEDICAL PRACTICE,,,,,,12148
202407,QHM,16C00,DUMMY,-,THE RIDGEWAY HEALTH CENTRE,,,,,,28
202407,QHM,16C00,EAST CLEVELAND PCN,U07842,BROTTON SURGERY,,,,,,7535
202407,QHM,16C00,EAST CLEVELAND PCN,U07842,HILLSIDE PRACTICE,,,,,,9409
202407,QHM,16C00,EAST CLEVELAND PCN,U07842,SPRINGWOOD SURGERY,,,,,,7804
202407,QHM,16C00,EAST CLEVELAND PCN,U07842,THE GARTH,,,,,,11414
202407,QHM,16C00,EAST CLEVELAND PCN,U07842,WOODSIDE SURGERY,,,,,,5929
202407,QHM,16C00,ESTON PCN,U85257,CAMBRIDGE MEDICAL GROUP,,,,,,7343
202407,QHM,16C00,ESTON PCN,U85257,NORMANBY MEDICAL CENTRE,Chloral hydrate (0401010B0),1,488.5124,30,30,22843
202407,QHM,16C00,ESTON PCN,U85257,SOUTH GRANGE MEDICAL GROUP PRACTICE,,,,,,15194
202407,QHM,16C00,ESTON PCN,U85257,THE ESTON SURGERY ( D 01-Oct-25 ),,,,,,3770
202407,QHM,16C00,GREATER MIDDLESBROUGH PCN,U02671,ACKLAM MEDICAL CENTRE,Chloral hydrate (0401010B0),1,488.5124,30,30,11201
202407,QHM,16C00,GREATER MIDDLESBROUGH PCN,U02671,COULBY MEDICAL PRACTICE,,,,,,9330
202407,QHM,16C00,GREATER MIDDLESBROUGH PCN,U02671,CROSSFELL HEALTH CENTRE,,,,,,8970
202407,QHM,16C00,GREATER MIDDLESBROUGH PCN,U02671,HIRSEL MEDICAL CENTRE,,,,,,3805
202407,QHM,16C00,GREATER MIDDLESBROUGH PCN,U02671,KINGS MEDICAL CENTRE,,,,,,6537
202407,QHM,16C00,GREATER MIDDLESBROUGH PCN,U02671,NEWLANDS MEDICAL CENTRE,,,,,,9924
202407,QHM,16C00,GREATER MIDDLESBROUGH PCN,U02671,PARKWAY MEDICAL CENTRE,,,,,,9052
202407,QHM,16C00,GREATER MIDDLESBROUGH PCN,U02671,WESTBOURNE MEDICAL CENTRE,,,,,,5527
202407,QHM,16C00,HARTLEPOOL HEALTH PCN,U40502,MCKENZIE GROUP PRACTICE,,,,,,6270
202407,QHM,16C00,HARTLEPOOL HEALTH PCN,U40502,MCKENZIE HOUSE SURGERY,Chloral hydrate (0401010B0),1,911.9824,56,56,18917
202407,QHM,16C00,HARTLEPOOL HEALTH PCN,U40502,THE HEADLAND MEDICAL CENTRE,,,,,,5385
202407,QHM,16C00,HARTLEPOOL PCN,U70212,GLADSTONE HOUSE SURGERY,,,,,,5789
202407,QHM,16C00,HARTLEPOOL PCN,U70212,HART MEDICAL PRACTICE,,,,,,9411
202407,QHM,16C00,HARTLEPOOL PCN,U70212,THE PATEL PRACTICE,,,,,,3942
202407,QHM,16C00,HARTLEPOOL PCN,U70212,WEST QUAY MEDICAL PRACTICE,,,,,,6164
202407,QHM,16C00,HARTLEPOOL PCN,U70212,WEST VIEW MILLENIUM SURGERY A,,,,,,7495
202407,QHM,16C00,HOLGATE PCN,U85008,BOROUGH ROAD & NUNTHORPE MEDICAL GROUP,,,,,,16241
202407,QHM,16C00,HOLGATE PCN,U85008,LINTHORPE SURGERY,,,,,,20906
202407,QHM,16C00,HOLGATE PCN,U85008,VILLAGE MEDICAL CENTRE,,,,,,8366
202407,QHM,16C00,NORTH STOCKTON PCN,U07032,ALMA MEDICAL CENTRE,Chloral hydrate (0401010B0),1,732.7624,45,45,11043
202407,QHM,16C00,NORTH STOCKTON PCN,U07032,QUEENS PARK MEDICAL CENTRE,,,,,,18755
202407,QHM,16C00,NORTH STOCKTON PCN,U07032,TENNANT STREET MEDICAL PRACTICE,,,,,,14659
202407,QHM,16C00,ONE LIFE HARTLEPOOL PCN,U27349,BANKHOUSE SURGERY,,,,,,10388
202407,QHM,16C00,ONE LIFE HARTLEPOOL PCN,U27349,CHADWICK PRACTICE,,,,,,11754
202407,QHM,16C00,ONE LIFE HARTLEPOOL PCN,U27349,HAVELOCK GRANGE PRACTICE,,,,,,13723
202407,QHM,16C00,REDCAR COASTAL PCN,U23714,BENTLEY MEDICAL PRACTICE,Chloral hydrate (0401010B0),2,977.0248,60,60,10160
202407,QHM,16C00,REDCAR COASTAL PCN,U23714,HUNTCLIFF SURGERY,Chloral hydrate (0401010B0),4,2605.5896,160,160,10152
202407,QHM,16C00,REDCAR COASTAL PCN,U23714,THE COATHAM ROAD SURGERY,Chloral hydrate (0401010B0),1,488.5124,30,30,6132
202407,QHM,16C00,REDCAR COASTAL PCN,U23714,THE GREEN HOUSE SURGERY,,,,,,10150
202407,QHM,16C00,REDCAR COASTAL PCN,U23714,THE RAVENSCAR SURGERY,Chloral hydrate (0401010B0),1,325.7824,20,20,3348
202407,QHM,16C00,REDCAR COASTAL PCN,U23714,THE SALTSCAR SURGERY,,,,,,8581
202407,QHM,16C00,REDCAR COASTAL PCN,U23714,ZETLAND MEDICAL PRACTICE,,,,,,6966
202407,QHM,16C00,STOCKTON PCN,U89141,ELM TREE SURGERY,,,,,,12014
202407,QHM,16C00,STOCKTON PCN,U89141,RIVERSIDE MEDICAL PRACTICE,,,,,,6831
202407,QHM,16C00,STOCKTON PCN,U89141,THE ARRIVAL PRACTICE ( D 01-Jun-25 ),,,,,,3233
202407,QHM,16C00,STOCKTON PCN,U89141,THE DENSHAM SURGERY,,,,,,3889
202407,QHM,16C00,STOCKTON PCN,U89141,THE DOVECOT SURGERY,,,,,,4234
202407,QHM,16C00,STOCKTON PCN,U89141,WOODBRIDGE PRACTICE,,,,,,18476
202407,QHM,16C00,STOCKTON PCN,U89141,WOODLANDS FAMILY MEDICAL CENTRE,,,,,,12350
202407,QHM,84H00,BISHOP AUCKLAND PCN,U85067,AUCKLAND MEDICAL GROUP,,,,,,15662
202407,QHM,84H00,BISHOP AUCKLAND PCN,U85067,BISHOPGATE MEDICAL CENTRE,,,,,,13619
202407,QHM,84H00,BISHOP AUCKLAND PCN,U85067,STATION VIEW MEDICAL CENTRE,,,,,,9816
202407,QHM,84H00,CHESTER LE STREET PCN,U77096,BRIDGE END SURGERY,,,,,,7891
202407,QHM,84H00,CHESTER LE STREET PCN,U77096,CESTRIA HEALTH CENTRE,,,,,,12789
202407,QHM,84H00,CHESTER LE STREET PCN,U77096,GREAT LUMLEY SURGERY,,,,,,5376
202407,QHM,84H00,CHESTER LE STREET PCN,U77096,MIDDLE CHARE MEDICAL GROUP,,,,,,9408
202407,QHM,84H00,CHESTER LE STREET PCN,U77096,PELTON & FELLROSE MEDICAL GROUP,,,,,,9840
202407,QHM,84H00,CHESTER LE STREET PCN,U77096,SACRISTON MEDICAL CENTRE,,,,,,10776
202407,QHM,84H00,CHESTER LE STREET PCN,U77096,VILLAGES MEDICAL GROUP,,,,,,4173
202407,QHM,84H00,CLAYPATH & UNIVERSITY MEDICAL GROUP PCN,U38486,CLAYPATH & UNIVERSITY MEDICAL GROUP,,,,,,31430
202407,QHM,84H00,DERWENTSIDE PCN,U70497,ANNFIELD PLAIN SURGERY,,,,,,3578
202407,QHM,84H00,DERWENTSIDE PCN,U70497,BROWNEY HOUSE SURGERY,,,,,,2638
202407,QHM,84H00,DERWENTSIDE PCN,U70497,CEDARS MEDICAL GROUP,,,,,,6111
202407,QHM,84H00,DERWENTSIDE PCN,U70497,CONSETT MEDICAL CENTRE,Chloral hydrate (0401010B0),1,244.2624,15,15,16965
202407,QHM,84H00,DERWENTSIDE PCN,U70497,DRS LAMBERT & NG,,,,,,5262
202407,QHM,84H00,DERWENTSIDE PCN,U70497,LANCHESTER MEDICAL CENTRE,,,,,,4140
202407,QHM,84H00,DERWENTSIDE PCN,U70497,LEADGATE SURGERY,,,,,,5942
202407,QHM,84H00,DERWENTSIDE PCN,U70497,OAKFIELDS HEALTH GROUP,,,,,,7620
202407,QHM,84H00,DERWENTSIDE PCN,U70497,QUEENS ROAD SURGERY,,,,,,15959
202407,QHM,84H00,DERWENTSIDE PCN,U70497,STANLEY MEDICAL GROUP,,,,,,12386
202407,QHM,84H00,DERWENTSIDE PCN,U70497,TANFIELD VIEW MEDICAL GROUP,Chloral hydrate (0401010B0),1,488.5124,30,30,10852
202407,QHM,84H00,DERWENTSIDE PCN,U70497,THE HAVEN SURGERY,,,,,,1721
202407,QHM,84H00,DURHAM COAST PCN,U26864,BEVAN MEDICAL GROUP,,,,,,8447
202407,QHM,84H00,DURHAM COAST PCN,U26864,EAST DURHAM MEDICAL GROUP,,,,,,18298
202407,QHM,84H00,DURHAM COAST PCN,U26864,SOUTHDENE MEDICAL CENTRE,,,,,,3462
202407,QHM,84H00,DURHAM COAST PCN,U26864,WINGATE MEDICAL PRACTICE INTRAHEALTH,,,,,,3454
202407,QHM,84H00,DURHAM EAST PCN,U53962,BELMONT & SHERBURN MEDICAL GROUP,Chloral hydrate (0401010B0),1,244.2624,15,15,6218
202407,QHM,84H00,DURHAM EAST PCN,U53962,BOWBURN MEDICAL CENTRE,,,,,,4393
202407,QHM,84H00,DURHAM EAST PCN,U53962,CHEVELEY PARK MEDICAL CTR,,,,,,4988
202407,QHM,84H00,DURHAM EAST PCN,U53962,COXHOE MEDICAL PRACTICE,,,,,,7450
202407,QHM,84H00,DURHAM EAST PCN,U53962,WEST RAINTON SURGERY,,,,,,5490
202407,QHM,84H00,DURHAM WEST PCN,U01989,CHASTLETON MEDICAL GROUP,,,,,,10554
202407,QHM,84H00,DURHAM WEST PCN,U01989,DUNELM MEDICAL PRACTICE,,,,,,14288
202407,QHM,84H00,DURHAM WEST PCN,U01989,THE MEDICAL GROUP,,,,,,26746
202407,QHM,84H00,EASINGTON CENTRAL PCN,U14615,BLACKHALL AND PETERLEE PRACTICE,,,,,,10114
202407,QHM,84H00,EASINGTON CENTRAL PCN,U14615,THE HORDEN GROUP PRACTICE,,,,,,8228
202407,QHM,84H00,EASINGTON CENTRAL PCN,U14615,WILLIAM BROWN CENTRE,Chloral hydrate (0401010B0),1,244.2624,15,15,15782
202407,QHM,84H00,NORTH EASINGTON PCN,U81825,BYRON MEDICAL PRACTICE,Chloral hydrate (0401010B0),1,162.9424,10,10,8340
202407,QHM,84H00,NORTH EASINGTON PCN,U81825,MARLBOROUGH SURGERY,,,,,,11272
202407,QHM,84H00,NORTH EASINGTON PCN,U81825,MURTON MEDICAL CENTRE,,,,,,7346
202407,QHM,84H00,NORTH EASINGTON PCN,U81825,SILVERDALE FAMILY PRACTICE,,,,,,6559
202407,QHM,84H00,NORTH EASINGTON PCN,U81825,THE NEW SEAHAM MEDICAL GROUP,,,,,,4663
202407,QHM,84H00,SEDGEFIELD 1 PCN,U37593,BEWICK CRESCENT SURGERY,,,,,,13226
202407,QHM,84H00,SEDGEFIELD 1 PCN,U37593,HALLGARTH SURGERY,,,,,,5340
202407,QHM,84H00,SEDGEFIELD 1 PCN,U37593,JUBILEE MEDICAL GROUP,,,,,,12449
202407,QHM,84H00,SEDGEFIELD 1 PCN,U37593,PEASE WAY MEDICAL CENTRE,,,,,,12159
202407,QHM,84H00,SEDGEFIELD NORTH PCN,U12365,BISHOPS CLOSE MEDICAL PRACTICE,,,,,,8694
202407,QHM,84H00,SEDGEFIELD NORTH PCN,U12365,FERRYHILL AND CHILTON MEDICAL PRACTICE,,,,,,14881
202407,QHM,84H00,SEDGEFIELD NORTH PCN,U12365,SKERNE MEDICAL GROUP,Chloral hydrate (0401010B0),1,977.0124,60,60,16718
202407,QHM,84H00,SEDGEFIELD NORTH PCN,U12365,ST ANDREW'S MEDICAL PRACTICE,,,,,,15345
202407,QHM,84H00,SEDGEFIELD NORTH PCN,U12365,WEST CORNFORTH MEDICAL CENTRE,,,,,,2716
202407,QHM,84H00,TEESDALE PCN,U31619,BARNARD CASTLE SURGERY,,,,,,10853
202407,QHM,84H00,TEESDALE PCN,U31619,EVENWOOD MEDICAL PRACTICE,,,,,,2229
202407,QHM,84H00,TEESDALE PCN,U31619,GAINFORD SURGERY,,,,,,3646
202407,QHM,84H00,TEESDALE PCN,U31619,OLD FORGE SURGERY,,,,,,2666
202407,QHM,84H00,TEESDALE PCN,U31619,PINFOLD MEDICAL PRACTICE,,,,,,2926
202407,QHM,84H00,TEESDALE PCN,U31619,WOODVIEW MEDICAL PRACTICE,,,,,,2568
202407,QHM,84H00,WEAR VALLEY PCN,U96202,NORTH HOUSE SURGERY,,,,,,13557
202407,QHM,84H00,WEAR VALLEY PCN,U96202,THE WEARDALE PRACTICE,,,,,,7197
202407,QHM,84H00,WEAR VALLEY PCN,U96202,WILLINGTON MEDICAL GROUP,,,,,,9191
202407,QHM,99C00,CRAMLINGTON SEATON VALLEY PCN,U24977,WOODLANDS PARK HEALTH CTR,,,,,,6444
202407,QHM,99C00,NORTH SHIELDS PCN,U91110,COLLINGWOOD HEALTH GROUP,,,,,,24420
202407,QHM,99C00,NORTH SHIELDS PCN,U91110,PRIORY MEDICAL GROUP,,,,,,15526
202407,QHM,99C00,NORTH SHIELDS PCN,U91110,REDBURN PARK MEDICAL CENTRE,,,,,,6093
202407,QHM,99C00,NORTH SHIELDS PCN,U91110,NELSON MEDICAL GROUP ( C 01-May-26 ),,,,,,5020
202407,QHM,99C00,NORTH TYNESIDE NORTH WEST PCN,U95193,LANE END SURGERY,,,,,,9550
202407,QHM,99C00,NORTH TYNESIDE NORTH WEST PCN,U95193,MALLARD MEDICAL PRACTICE,,,,,,5359
202407,QHM,99C00,NORTH TYNESIDE NORTH WEST PCN,U95193,STEPHENSON PARK HEALTH GROUP,,,,,,18008
202407,QHM,99C00,NORTH TYNESIDE NORTH WEST PCN,U95193,SWARLAND AVENUE SURGERY,,,,,,6717
202407,QHM,99C00,NORTH TYNESIDE NORTH WEST PCN,U95193,WELLSPRING MEDICAL PRACT.,,,,,,6476
202407,QHM,99C00,NORTH TYNESIDE NORTH WEST PCN,U95193,WEST FARM SURGERY,,,,,,6019
202407,QHM,99C00,NORTH TYNESIDE NORTH WEST PCN,U95193,WIDEOPEN MEDICAL CENTRE,,,,,,7560
202407,QHM,99C00,NORTHUMBRIA PCN,U09980,NPC NORTH TYNESIDE - SPRING TERRACE,Chloral hydrate (0401010B0),20,914.168,56,56,5862
202407,QHM,99C00,WALLSEND PCN,U10386,BEWICKE MEDICAL CENTRE,,,,,,9383
202407,QHM,99C00,WALLSEND PCN,U10386,HADRIAN HEALTH CENTRE,,,,,,20719
202407,QHM,99C00,WALLSEND PCN,U10386,THE VILLAGE GREEN SURGERY,,,,,,12796
202407,QHM,99C00,WHITLEY BAY PCN,U02739,BEAUMONT PARK SURGERY,,,,,,6531
202407,QHM,99C00,WHITLEY BAY PCN,U02739,BRIDGE AND MONKSEATON MEDICAL PRACTICE,,,,,,13329
202407,QHM,99C00,WHITLEY BAY PCN,U02739,MARINE AVENUE MEDICAL CTR,,,,,,8620
202407,QHM,99C00,WHITLEY BAY PCN,U02739,NORTHUMBERLAND PARK MEDICAL GROUP,,,,,,9553
202407,QHM,99C00,WHITLEY BAY PCN,U02739,WHITLEY BAY HEALTH CENTRE,,,,,,13501
202407,QHM,99C00,WHITLEY BAY PCN,U02739,49 MARINE AVENUE SURGERY ( C 01-May-26 ),,,,,,5875
202407,QHM,99C00,WHITLEY BAY PCN,U02739,PARK PARADE PRACTICE ( C 01-May-26 ),,,,,,4853
202408,QHM,00L00,BLYTH PCN,U25489,MARINE MEDICAL GROUP,,,,,,13549
202408,QHM,00L00,BLYTH PCN,U25489,RAILWAY MEDICAL GROUP,,,,,,27206
202408,QHM,00L00,CRAMLINGTON SEATON VALLEY PCN,U24977,FORUM FAMILY PRACTICE,,,,,,8803
202408,QHM,00L00,CRAMLINGTON SEATON VALLEY PCN,U24977,NETHERFIELD HOUSE,,,,,,5981
202408,QHM,00L00,CRAMLINGTON SEATON VALLEY PCN,U24977,VILLAGE MEDICAL GROUP,,,,,,11029
202408,QHM,00L00,DUMMY,-,RIVERSDALE SURGERY,,,,,,5945
202408,QHM,00L00,DUMMY,-,THE ADDERLANE SURGERY,,,,,,2126
202408,QHM,00L00,NORTHUMBRIA PCN,U09980,NPC AMBLE & BROOMHILL,,,,,,12095
202408,QHM,00L00,NORTHUMBRIA PCN,U09980,NPC CENTRAL NORTHUMBERLAND,,,,,,50193
202408,QHM,00L00,NORTHUMBRIA PCN,U09980,NPC CRAMLINGTON,,,,,,5288
202408,QHM,00L00,NORTHUMBRIA PCN,U09980,NPC ELSDON AVENUE,,,,,,4225
202408,QHM,00L00,NORTHUMBRIA PCN,U09980,NPC FELTON & WIDDRINGTON,,,,,,4541
202408,QHM,00L00,NORTHUMBRIA PCN,U09980,NPC HAYDON BRIDGE & ALLENDALE,,,,,,5285
202408,QHM,00L00,NORTHUMBRIA PCN,U09980,NPC PONTELAND,Chloral hydrate (0401010B0),1,814.2824,50,50,10863
202408,QHM,00L00,NORTHUMBRIA PCN,U09980,NPC ROTHBURY,,,,,,6136
202408,QHM,00L00,WANSBECK PCN,U11112,BEDLINGTONSHIRE MED.GROUP,,,,,,12643
202408,QHM,00L00,WANSBECK PCN,U11112,GUIDEPOST MEDICAL GROUP,,,,,,8051
202408,QHM,00L00,WANSBECK PCN,U11112,SEATON PARK MEDICAL GROUP,,,,,,19512
202408,QHM,00L00,WANSBECK PCN,U11112,THE GABLES MEDICAL GROUP,,,,,,6336
202408,QHM,00L00,WELL UP NORTH PCN,U25545,ALNWICK MEDICAL GROUP,,,,,,18913
202408,QHM,00L00,WELL UP NORTH PCN,U25545,BELFORD MEDICAL PRACTICE,,,,,,4465
202408,QHM,00L00,WELL UP NORTH PCN,U25545,GAS HOUSE LANE SURGERY,Chloral hydrate (0401010B0),1,244.2624,15,15,6995
202408,QHM,00L00,WELL UP NORTH PCN,U25545,GREYSTOKE SURGERY,,,,,,10550
202408,QHM,00L00,WELL UP NORTH PCN,U25545,UNION BRAE & NORHAM PRAC,,,,,,7208
202408,QHM,00L00,WELL UP NORTH PCN,U25545,WELL CLOSE MEDICAL GROUP,,,,,,9165
202408,QHM,00L00,WELL UP NORTH PCN,U25545,WOOLER HEALTH,,,,,,4833
202408,QHM,00L00,WEST NORTHUMBERLAND PCN,U05512,BELLINGHAM PRACTICE,,,,,,3457
202408,QHM,00L00,WEST NORTHUMBERLAND PCN,U05512,BRANCH END SURGERY,,,,,,5371
202408,QHM,00L00,WEST NORTHUMBERLAND PCN,U05512,BURN BRAE MEDICAL GROUP,,,,,,10401
202408,QHM,00L00,WEST NORTHUMBERLAND PCN,U05512,CORBRIDGE HEALTH CENTRE,,,,,,7227
202408,QHM,00L00,WEST NORTHUMBERLAND PCN,U05512,HALTWHISTLE MEDICAL GROUP,,,,,,5579
202408,QHM,00L00,WEST NORTHUMBERLAND PCN,U05512,HUMSHAUGH & WARK MED GRP,,,,,,3452
202408,QHM,00L00,WEST NORTHUMBERLAND PCN,U05512,PRUDHOE MEDICAL GROUP,,,,,,6954
202408,QHM,00L00,WEST NORTHUMBERLAND PCN,U05512,SCOTS GAP MEDICAL GROUP,,,,,,2096
202408,QHM,00L00,WEST NORTHUMBERLAND PCN,U05512,THE SELE MEDICAL PRACTICE,,,,,,5845
202408,QHM,00L00,WEST NORTHUMBERLAND PCN,U05512,WHITE MEDICAL GROUP,,,,,,8513
202408,QHM,00N00,SOUTH TYNESIDE EAST PCN,U20256,FARNHAM MEDICAL CTR.,,,,,,17016
202408,QHM,00N00,SOUTH TYNESIDE EAST PCN,U20256,ST GEORGE & RIVERSIDE MEDICAL PRACTICE,,,,,,7369
202408,QHM,00N00,SOUTH TYNESIDE EAST PCN,U20256,TALBOT MEDICAL CENTRE,,,,,,7844
202408,QHM,00N00,SOUTH TYNESIDE EAST PCN,U20256,TRINITY MEDICAL CENTRE,,,,,,6511
202408,QHM,00N00,SOUTH TYNESIDE EAST PCN,U20256,WENLOCK ROAD SURGERY,,,,,,4461
202408,QHM,00N00,SOUTH TYNESIDE EAST PCN,U20256,WEST VIEW SURGERY,,,,,,2884
202408,QHM,00N00,SOUTH TYNESIDE SOUTH PCN,U89118,CENTRAL SURGERY,,,,,,19136
202408,QHM,00N00,SOUTH TYNESIDE SOUTH PCN,U89118,COLLIERY COURT MEDICAL GROUP,,,,,,8269
202408,QHM,00N00,SOUTH TYNESIDE SOUTH PCN,U89118,DR THORNILEY-WALKER & PARTNERS,,,,,,6105
202408,QHM,00N00,SOUTH TYNESIDE SOUTH PCN,U89118,IMEARY MEDICAL GROUP,,,,,,4209
202408,QHM,00N00,SOUTH TYNESIDE SOUTH PCN,U89118,MARSDEN MEDICAL GROUP,,,,,,22765
202408,QHM,00N00,SOUTH TYNESIDE SOUTH PCN,U89118,WHITBURN SURGERY,,,,,,5396
202408,QHM,00N00,SOUTH TYNESIDE WEST PCN,U37826,ALBERT ROAD SURGERY,,,,,,3321
202408,QHM,00N00,SOUTH TYNESIDE WEST PCN,U37826,EAST WING PRACTICE,,,,,,4273
202408,QHM,00N00,SOUTH TYNESIDE WEST PCN,U37826,ELLISON VIEW SURGERY,,,,,,6118
202408,QHM,00N00,SOUTH TYNESIDE WEST PCN,U37826,MAYFIELD MEDICAL GROUP,,,,,,9132
202408,QHM,00N00,SOUTH TYNESIDE WEST PCN,U37826,RAVENSWORTH SURGERY,,,,,,5920
202408,QHM,00N00,SOUTH TYNESIDE WEST PCN,U37826,THE G.P.SUITE,,,,,,4483
202408,QHM,00N00,SOUTH TYNESIDE WEST PCN,U37826,THE GLEN MEDICAL GROUP,,,,,,11111
202408,QHM,00N00,SOUTH TYNESIDE WEST PCN,U37826,VICTORIA MEDICAL CENTRE,,,,,,3668
202408,QHM,00P00,COALFIELDS PCN,U69720,GRANGEWOOD SURGERY,,,,,,7390
202408,QHM,00P00,COALFIELDS PCN,U69720,HERRINGTON MEDICAL CENTRE,,,,,,9490
202408,QHM,00P00,COALFIELDS PCN,U69720,HETTON GROUP PRACTICE,,,,,,11857
202408,QHM,00P00,COALFIELDS PCN,U69720,"HOUGHTON MEDICAL GROUP,",,,,,,8283
202408,QHM,00P00,COALFIELDS PCN,U69720,KEPIER MEDICAL PRACTICE,,,,,,8510
202408,QHM,00P00,COALFIELDS PCN,U69720,WESTBOURNE MEDICAL GROUP,,,,,,6610
202408,QHM,00P00,DUMMY,-,PALLION PRIMARY CARE SERVICES,,,,,,35
202408,QHM,00P00,SUNDERLAND CENTRAL PCN,U05458,HAPPY HOUSE SURGERY,,,,,,8264
202408,QHM,00P00,SUNDERLAND CENTRAL PCN,U05458,NEW SILKSWORTH MEDICAL PRACTICE,,,,,,9213
202408,QHM,00P00,SUNDERLAND CENTRAL PCN,U05458,SPRINGWELL MEDICAL GROUP,,,,,,6393
202408,QHM,00P00,SUNDERLAND CENTRAL PCN,U05458,SUNDERLAND GP ALLIANCE SOUTH HYLTON SURG,,,,,,4584
202408,QHM,00P00,SUNDERLAND CENTRAL PCN,U05458,VILLAGE SURGERY PARTNERSHIP,,,,,,4773
202408,QHM,00P00,SUNDERLAND EAST PCN,U52297,ASHBURN MEDICAL CENTRE,,,,,,5332
202408,QHM,00P00,SUNDERLAND EAST PCN,U52297,DEERNESS PARK MEDICAL GROUP,,,,,,13491
202408,QHM,00P00,SUNDERLAND EAST PCN,U52297,PARK LANE PRACTICE,,,,,,4316
202408,QHM,00P00,SUNDERLAND EAST PCN,U52297,RIVERVIEW SURGERY,,,,,,6975
202408,QHM,00P00,SUNDERLAND EAST PCN,U52297,SOUTHLANDS MEDICAL GROUP,,,,,,10334
202408,QHM,00P00,SUNDERLAND EAST PCN,U52297,THE NEW CITY MEDICAL GROUP,,,,,,5572
202408,QHM,00P00,SUNDERLAND EAST PCN,U52297,VILLETTE SURGERY,,,,,,5695
202408,QHM,00P00,SUNDERLAND NORTH PCN,U43314,BRIDGE VIEW MEDICAL GROUP,,,,,,15046
202408,QHM,00P00,SUNDERLAND NORTH PCN,U43314,CASTLETOWN MEDICAL CENTRE,,,,,,2104
202408,QHM,00P00,SUNDERLAND NORTH PCN,U43314,"FULWELL MEDICAL CENTRE,",,,,,,9212
202408,QHM,00P00,SUNDERLAND NORTH PCN,U43314,MONKWEARMOUTH HEALTH CENTRE,,,,,,4656
202408,QHM,00P00,SUNDERLAND NORTH PCN,U43314,RED HOUSE MEDICAL CENTRE,,,,,,5521
202408,QHM,00P00,SUNDERLAND NORTH PCN,U43314,ST BEDE MEDICAL CENTRE,,,,,,9280
202408,QHM,00P00,SUNDERLAND WEST 1 PCN,U14646,CHESTER SURGERY,,,,,,2968
202408,QHM,00P00,SUNDERLAND WEST 1 PCN,U14646,FORGE MEDICAL PRACTICE,,,,,,8712
202408,QHM,00P00,SUNDERLAND WEST 1 PCN,U14646,HYLTON MEDICAL GROUP,,,,,,7032
202408,QHM,00P00,SUNDERLAND WEST 1 PCN,U14646,MILLFIELD MEDICAL GROUP,,,,,,14651
202408,QHM,00P00,SUNDERLAND WEST 1 PCN,U14646,PALLION FAMILY PRACTICE,,,,,,10192
202408,QHM,00P00,SUNDERLAND WEST 1 PCN,U14646,THE BROADWAY MEDICAL PRACTICE,,,,,,7498
202408,QHM,00P00,SUNDERLAND WEST 1 PCN,U14646,WEARSIDE MEDICAL PRACTICE - PALLION,,,,,,8246
202408,QHM,00P00,WASHINGTON PCN,U61868,CONCORD MEDICAL PRACTICE,,,,,,5203
202408,QHM,00P00,WASHINGTON PCN,U61868,GALLERIES MEDICAL PRACTICE,,,,,,11388
202408,QHM,00P00,WASHINGTON PCN,U61868,I J HEALTHCARE,,,,,,3686
202408,QHM,00P00,WASHINGTON PCN,U61868,NEW WASHINGTON MEDICAL GROUP,,,,,,7268
202408,QHM,00P00,WASHINGTON PCN,U61868,RICKLETON MEDICAL CENTRE,,,,,,2690
202408,QHM,00P00,WASHINGTON PCN,U61868,SUNDERLAND GP ALLIANCE MEDICAL PRACTICE,,,,,,10237
202408,QHM,00P00,WASHINGTON PCN,U61868,THE STEPHENSON MEDICAL PRACTICE,,,,,,12380
202408,QHM,01H00,CARLISLE HEALTHCARE PCN,U92223,BRAMPTON MEDICAL PRACTICE,,,,,,16808
202408,QHM,01H00,CARLISLE HEALTHCARE PCN,U92223,CARLISLE HEALTHCARE,,,,,,39023
202408,QHM,01H00,CARLISLE HEALTHCARE PCN,U92223,LONGTOWN MEDICAL CENTRE,,,,,,3801
202408,QHM,01H00,CARLISLE HEALTHCARE PCN,U92223,SPENCER ST SURGERY,,,,,,13432
202408,QHM,01H00,CARLISLE PCN,U66688,CARLISLE CENTRAL PRACTICE,,,,,,13785
202408,QHM,01H00,CARLISLE PCN,U66688,EDEN MEDICAL GROUP,,,,,,16339
202408,QHM,01H00,CARLISLE PCN,U66688,WARWICK SQUARE GROUP PRACTICE,,,,,,7712
202408,QHM,01H00,CARLISLE PCN,U66688,FUSEHILL MEDICAL PRACTICE ( C 01-May-25 ),,,,,,1
202408,QHM,01H00,COCKERMOUTH & MARYPORT PCN,U76572,CASTLEGATE AND DERWENT SURGERY,,,,,,18232
202408,QHM,01H00,COCKERMOUTH & MARYPORT PCN,U76572,MARYPORT HEALTH SERVICES,,,,,,13766
202408,QHM,01H00,COPELAND HAVEN PCN,U94879,DISTINGTON SURGERY,,,,,,6234
202408,QHM,01H00,COPELAND HAVEN PCN,U94879,MANSION HOUSE SURGERY,,,,,,7436
202408,QHM,01H00,COPELAND HAVEN PCN,U94879,WESTCROFT HOUSE SURGERY,,,,,,6041
202408,QHM,01H00,COPELAND PCN,U48302,FELLVIEW HEALTHCARE,,,,,,23290
202408,QHM,01H00,COPELAND PCN,U48302,LOWTHER MEDICAL CENTRE,,,,,,13957
202408,QHM,01H00,COPELAND PCN,U48302,SEASCALE HEALTH CENTRE,,,,,,5957
202408,QHM,01H00,EDEN (CUMBRIA) PCN,U08085,ALSTON MEDICAL PRACTICE,,,,,,2223
202408,QHM,01H00,EDEN (CUMBRIA) PCN,U08085,APPLEBY MEDICAL PRACTICE,,,,,,5077
202408,QHM,01H00,EDEN (CUMBRIA) PCN,U08085,BIRBECK MEDICAL GROUP,,,,,,14591
202408,QHM,01H00,EDEN (CUMBRIA) PCN,U08085,COURT THORN SURGERY,,,,,,3735
202408,QHM,01H00,EDEN (CUMBRIA) PCN,U08085,GLENRIDDING HEALTH CENTRE,,,,,,936
202408,QHM,01H00,EDEN (CUMBRIA) PCN,U08085,KIRKOSWALD SURGERY,,,,,,2744
202408,QHM,01H00,EDEN (CUMBRIA) PCN,U08085,SHAP MEDICAL PRACTICE,,,,,,3257
202408,QHM,01H00,EDEN (CUMBRIA) PCN,U08085,TEMPLE SOWERBY MEDICAL PRACTICE,,,,,,4736
202408,QHM,01H00,EDEN (CUMBRIA) PCN,U08085,THE LAKES MEDICAL PRACTICE,,,,,,11322
202408,QHM,01H00,EDEN (CUMBRIA) PCN,U08085,UPPER EDEN MEDICAL PRACTICE,,,,,,6603
202408,QHM,01H00,KESWICK & SOLWAY PCN,U25680,ASPATRIA MEDICAL GROUP,,,,,,7087
202408,QHM,01H00,KESWICK & SOLWAY PCN,U25680,CALDBECK SURGERY,,,,,,4348
202408,QHM,01H00,KESWICK & SOLWAY PCN,U25680,CASTLEHEAD MEDICAL CENTRE,,,,,,8301
202408,QHM,01H00,KESWICK & SOLWAY PCN,U25680,DALSTON MEDICAL GROUP,,,,,,5074
202408,QHM,01H00,KESWICK & SOLWAY PCN,U25680,SILLOTH GROUP MEDICAL PRACTICE,,,,,,4396
202408,QHM,01H00,KESWICK & SOLWAY PCN,U25680,THE CROFT SURGERY,,,,,,3469
202408,QHM,01H00,KESWICK & SOLWAY PCN,U25680,WIGTON GROUP MEDICAL PRACTICE,,,,,,9038
202408,QHM,01H00,WORKINGTON PCN,U67303,JAMES STREET GROUP PRACT,,,,,,33130
202408,QHM,13T00,BIRTLEY AND CENTRAL GATESHEAD PCN,U76028,BIRTLEY MEDICAL GROUP,,,,,,15419
202408,QHM,13T00,BIRTLEY AND CENTRAL GATESHEAD PCN,U76028,OXFORD TCE & RAWLING RD MEDICAL GROUP,,,,,,17656
202408,QHM,13T00,BIRTLEY AND CENTRAL GATESHEAD PCN,U76028,SECOND STREET SURGERY,,,,,,4790
202408,QHM,13T00,BIRTLEY AND CENTRAL GATESHEAD PCN,U76028,THE BRIDGES MEDICAL PRACTICE,,,,,,7874
202408,QHM,13T00,DUMMY,-,GOSFORTH MEMORIAL MED.CTR ( C 01-Oct-25 ),,,,,,10946
202408,QHM,13T00,GATESHEAD CENTRAL SOUTH PCN,U91254,BEACON VIEW MEDICAL CENTRE,,,,,,5654
202408,QHM,13T00,GATESHEAD CENTRAL SOUTH PCN,U91254,BENSHAM FAMILY PRACTICE,,,,,,3915
202408,QHM,13T00,GATESHEAD CENTRAL SOUTH PCN,U91254,BEWICK ROAD SURGERY,,,,,,7812
202408,QHM,13T00,GATESHEAD CENTRAL SOUTH PCN,U91254,CENTRAL GATESHEAD MEDICAL GROUP,,,,,,10678
202408,QHM,13T00,GATESHEAD CENTRAL SOUTH PCN,U91254,FELL COTTAGE SURGERY,,,,,,8617
202408,QHM,13T00,GATESHEAD CENTRAL SOUTH PCN,U91254,FELL TOWER MEDICAL CENTRE,,,,,,7585
202408,QHM,13T00,GATESHEAD CENTRAL SOUTH PCN,U91254,MILLENNIUM FAMILY PRACTICE,,,,,,3982
202408,QHM,13T00,GATESHEAD CENTRAL SOUTH PCN,U91254,WREKENTON MEDICAL GROUP,,,,,,12064
202408,QHM,13T00,GATESHEAD EAST PCN,U13720,CROWHALL MEDICAL CENTRE,,,,,,6418
202408,QHM,13T00,GATESHEAD EAST PCN,U13720,LONGRIGG MEDICAL CENTRE,,,,,,10342
202408,QHM,13T00,GATESHEAD EAST PCN,U13720,PELAW MEDICAL PRACTICE,,,,,,5375
202408,QHM,13T00,GATESHEAD EAST PCN,U13720,ST. ALBANS MEDICAL GROUP,,,,,,7397
202408,QHM,13T00,GATESHEAD INNER WEST PCN,U33691,CHAINBRIDGE MEDICAL PARTNERSHIP,,,,,,11459
202408,QHM,13T00,GATESHEAD INNER WEST PCN,U33691,GLENPARK & TEAMS MEDICAL SERVICES,,,,,,8974
202408,QHM,13T00,GATESHEAD INNER WEST PCN,U33691,SUNNISIDE SURGERY,,,,,,3800
202408,QHM,13T00,GATESHEAD INNER WEST PCN,U33691,WHICKHAM COTTAGE MEDICAL CENTRE,,,,,,15693
202408,QHM,13T00,GATESHEAD INNER WEST PCN,U33691,TEAMS MEDICAL PRACTICE ( C 01-May-26 ),,,,,,5495
202408,QHM,13T00,GATESHEAD OUTER WEST PCN,U41930,CHOPWELL PRIMARY HEALTHCARE CENTRE,,,,,,2579
202408,QHM,13T00,GATESHEAD OUTER WEST PCN,U41930,CRAWCROOK MEDICAL CENTRE,,,,,,20436
202408,QHM,13T00,GATESHEAD OUTER WEST PCN,U41930,HOLLYHURST MEDICAL CENTRE,,,,,,4771
202408,QHM,13T00,GATESHEAD OUTER WEST PCN,U41930,OLDWELL SURGERY,,,,,,4754
202408,QHM,13T00,JESMOND - LOWER GOSFORTH PCN,U34146,JESMOND HEALTH PARTNERSHIP,,,,,,16214
202408,QHM,13T00,JESMOND - LOWER GOSFORTH PCN,U34146,ROSEWORTH SURGERY,,,,,,5847
202408,QHM,13T00,JESMOND - LOWER GOSFORTH PCN,U34146,THE GROVE MEDICAL GROUP,,,,,,13281
202408,QHM,13T00,NEWCASTLE CENTRAL HEALTH PCN,U43524,SAVILLE MEDICAL GROUP,,,,,,41605
202408,QHM,13T00,NEWCASTLE EAST PCN,U17849,BENFIELD PARK MEDICAL GROUP,,,,,,10109
202408,QHM,13T00,NEWCASTLE EAST PCN,U17849,BIDDLESTONE HEALTH GROUP,,,,,,10612
202408,QHM,13T00,NEWCASTLE EAST PCN,U17849,HEATON ROAD SURGERY,,,,,,7468
202408,QHM,13T00,NEWCASTLE EAST PCN,U17849,NEWCASTLE MEDICAL CENTRE,,,,,,20117
202408,QHM,13T00,NEWCASTLE EAST PCN,U17849,ST.ANTHONY'S HEALTH CENTRE,,,,,,6676
202408,QHM,13T00,NEWCASTLE EAST PCN,U17849,THORNFIELD MEDICAL GROUP,,,,,,19914
202408,QHM,13T00,NEWCASTLE EAST PCN,U17849,WALKER MEDICAL GROUP,,,,,,10645
202408,QHM,13T00,NEWCASTLE INNER WEST PCN,U45898,BETTS AVENUE MEDICAL GROUP,,,,,,10875
202408,QHM,13T00,NEWCASTLE INNER WEST PCN,U45898,DILSTON MEDICAL CENTRE,,,,,,9584
202408,QHM,13T00,NEWCASTLE INNER WEST PCN,U45898,ELSWICK FAMILY PRACTICE,,,,,,8006
202408,QHM,13T00,NEWCASTLE INNER WEST PCN,U45898,FENHAM HALL SURGERY,,,,,,10454
202408,QHM,13T00,NEWCASTLE INNER WEST PCN,U45898,PROSPECT MEDICAL CENTRE,,,,,,15142
202408,QHM,13T00,NEWCASTLE OUTER WEST PCN,U87170,DENTON PARK MEDICAL GROUP,,,,,,7407
202408,QHM,13T00,NEWCASTLE OUTER WEST PCN,U87170,DENTON TURRET MEDICAL CENTRE,Chloral hydrate (0401010B0),2,977.0248,60,60,9058
202408,QHM,13T00,NEWCASTLE OUTER WEST PCN,U87170,NEWBURN SURGERY,,,,,,6108
202408,QHM,13T00,NEWCASTLE OUTER WEST PCN,U87170,PARKWAY MEDICAL GROUP,,,,,,8469
202408,QHM,13T00,NEWCASTLE OUTER WEST PCN,U87170,THROCKLEY PRIMARY CARE CENTRE,,,,,,7304
202408,QHM,13T00,NEWCASTLE OUTER WEST PCN,U87170,WESTERHOPE MEDICAL GROUP,,,,,,13660
202408,QHM,13T00,NORTH GOSFORTH PCN,U70624,BRUNTON PARK,Chloral hydrate (0401010B0),2,488.5248,30,30,8136
202408,QHM,13T00,NORTH GOSFORTH PCN,U70624,PARK MEDICAL GROUP,,,,,,13253
202408,QHM,13T00,NORTH GOSFORTH PCN,U70624,REGENT MEDICAL CENTRE,,,,,,7539
202408,QHM,13T00,WEST END FAMILY HEALTH PCN,U44695,CRUDDAS PARK SURGERY,,,,,,11454
202408,QHM,13T00,WEST END FAMILY HEALTH PCN,U44695,HOLMSIDE MEDICAL GROUP,,,,,,10127
202408,QHM,13T00,WEST END FAMILY HEALTH PCN,U44695,WEST ROAD MEDICAL CENTRE,,,,,,12324
202408,QHM,16C00,BILLINGHAM & NORTON PCN,U94460,DR RASOOL,,,,,,2250
202408,QHM,16C00,BILLINGHAM & NORTON PCN,U94460,KINGSWAY MEDICAL CENTRE,,,,,,9685
202408,QHM,16C00,BILLINGHAM & NORTON PCN,U94460,MARSH HOUSE MEDICAL PRACTICE,,,,,,8545
202408,QHM,16C00,BILLINGHAM & NORTON PCN,U94460,MELROSE SURGERY,,,,,,2434
202408,QHM,16C00,BILLINGHAM & NORTON PCN,U94460,NORTON MEDICAL CENTRE,,,,,,16609
202408,QHM,16C00,BILLINGHAM & NORTON PCN,U94460,QUEENSTREE PRACTICE,Chloral hydrate (0401010B0),1,244.2624,45,45,4148
202408,QHM,16C00,BILLINGHAM & NORTON PCN,U94460,THE ROSEBERRY PRACTICE,,,,,,7971
202408,QHM,16C00,BYTES PCN,U63844,EAGLESCLIFFE MEDICAL PRACTICE,,,,,,12235
202408,QHM,16C00,BYTES PCN,U63844,PARK LANE SURGERY,,,,,,5324
202408,QHM,16C00,BYTES PCN,U63844,THORNABY & BARWICK MEDICAL GROUP,,,,,,21096
202408,QHM,16C00,BYTES PCN,U63844,YARM MEDICAL PRACTICE,,,,,,14881
202408,QHM,16C00,CENTRAL MIDDLESBROUGH PCN,U55830,MARTONSIDE MEDICAL CENTRE,,,,,,7893
202408,QHM,16C00,CENTRAL MIDDLESBROUGH PCN,U55830,PARK SURGERY,,,,,,12146
202408,QHM,16C00,CENTRAL MIDDLESBROUGH PCN,U55830,PROSPECT SURGERY,,,,,,7341
202408,QHM,16C00,CENTRAL MIDDLESBROUGH PCN,U55830,THE DISCOVERY PRACTICE,,,,,,8889
202408,QHM,16C00,CENTRAL MIDDLESBROUGH PCN,U55830,THE ENDEAVOUR PRACTICE,,,,,,9126
202408,QHM,16C00,CENTRAL MIDDLESBROUGH PCN,U55830,THE ERIMUS PRACTICE,,,,,,6874
202408,QHM,16C00,CENTRAL MIDDLESBROUGH PCN,U55830,THORNTREE SURGERY,,,,,,2735
202408,QHM,16C00,DARLINGTON PCN,U45102,BLACKETTS MEDICAL PRACTICE,,,,,,11189
202408,QHM,16C00,DARLINGTON PCN,U45102,CARMEL MEDICAL PRACTICE,,,,,,11514
202408,QHM,16C00,DARLINGTON PCN,U45102,CLIFTON COURT MEDICAL PRACTICE,,,,,,12310
202408,QHM,16C00,DARLINGTON PCN,U45102,DENMARK STREET SURGERY,,,,,,15099
202408,QHM,16C00,DARLINGTON PCN,U45102,MIDDLETON AND DINSDALE MEDICAL PRACTICE,,,,,,5805
202408,QHM,16C00,DARLINGTON PCN,U45102,MOORLANDS SURGERY,,,,,,13279
202408,QHM,16C00,DARLINGTON PCN,U45102,NEASHAM ROAD SURGERY,,,,,,13402
202408,QHM,16C00,DARLINGTON PCN,U45102,ORCHARD COURT SURGERY,,,,,,8630
202408,QHM,16C00,DARLINGTON PCN,U45102,PARKGATE SURGERY,,,,,,4804
202408,QHM,16C00,DARLINGTON PCN,U45102,ROCKLIFFE COURT SURGERY,,,,,,6230
202408,QHM,16C00,DARLINGTON PCN,U45102,WHINFIELD MEDICAL PRACTICE,,,,,,12161
202408,QHM,16C00,DUMMY,-,THE RIDGEWAY HEALTH CENTRE,,,,,,28
202408,QHM,16C00,EAST CLEVELAND PCN,U07842,BROTTON SURGERY,,,,,,7526
202408,QHM,16C00,EAST CLEVELAND PCN,U07842,HILLSIDE PRACTICE,,,,,,9437
202408,QHM,16C00,EAST CLEVELAND PCN,U07842,SPRINGWOOD SURGERY,,,,,,7793
202408,QHM,16C00,EAST CLEVELAND PCN,U07842,THE GARTH,,,,,,11430
202408,QHM,16C00,EAST CLEVELAND PCN,U07842,WOODSIDE SURGERY,,,,,,5936
202408,QHM,16C00,ESTON PCN,U85257,CAMBRIDGE MEDICAL GROUP,,,,,,7358
202408,QHM,16C00,ESTON PCN,U85257,NORMANBY MEDICAL CENTRE,Chloral hydrate (0401010B0),1,488.5124,30,30,22869
202408,QHM,16C00,ESTON PCN,U85257,SOUTH GRANGE MEDICAL GROUP PRACTICE,,,,,,15243
202408,QHM,16C00,ESTON PCN,U85257,THE ESTON SURGERY ( D 01-Oct-25 ),,,,,,3764
202408,QHM,16C00,GREATER MIDDLESBROUGH PCN,U02671,ACKLAM MEDICAL CENTRE,Chloral hydrate (0401010B0),4,2931.0496,180,180,11251
202408,QHM,16C00,GREATER MIDDLESBROUGH PCN,U02671,COULBY MEDICAL PRACTICE,,,,,,9304
202408,QHM,16C00,GREATER MIDDLESBROUGH PCN,U02671,CROSSFELL HEALTH CENTRE,,,,,,8966
202408,QHM,16C00,GREATER MIDDLESBROUGH PCN,U02671,HIRSEL MEDICAL CENTRE,,,,,,3813
202408,QHM,16C00,GREATER MIDDLESBROUGH PCN,U02671,KINGS MEDICAL CENTRE,,,,,,6542
202408,QHM,16C00,GREATER MIDDLESBROUGH PCN,U02671,NEWLANDS MEDICAL CENTRE,,,,,,9880
202408,QHM,16C00,GREATER MIDDLESBROUGH PCN,U02671,PARKWAY MEDICAL CENTRE,,,,,,9085
202408,QHM,16C00,GREATER MIDDLESBROUGH PCN,U02671,WESTBOURNE MEDICAL CENTRE,,,,,,5537
202408,QHM,16C00,HARTLEPOOL HEALTH PCN,U40502,MCKENZIE GROUP PRACTICE,,,,,,6256
202408,QHM,16C00,HARTLEPOOL HEALTH PCN,U40502,MCKENZIE HOUSE SURGERY,Chloral hydrate (0401010B0),1,911.9824,56,56,18910
202408,QHM,16C00,HARTLEPOOL HEALTH PCN,U40502,THE HEADLAND MEDICAL CENTRE,,,,,,5389
202408,QHM,16C00,HARTLEPOOL PCN,U70212,GLADSTONE HOUSE SURGERY,,,,,,5759
202408,QHM,16C00,HARTLEPOOL PCN,U70212,HART MEDICAL PRACTICE,,,,,,9415
202408,QHM,16C00,HARTLEPOOL PCN,U70212,THE PATEL PRACTICE,,,,,,3947
202408,QHM,16C00,HARTLEPOOL PCN,U70212,WEST QUAY MEDICAL PRACTICE,,,,,,6166
202408,QHM,16C00,HARTLEPOOL PCN,U70212,WEST VIEW MILLENIUM SURGERY A,,,,,,7510
202408,QHM,16C00,HOLGATE PCN,U85008,BOROUGH ROAD & NUNTHORPE MEDICAL GROUP,,,,,,16282
202408,QHM,16C00,HOLGATE PCN,U85008,LINTHORPE SURGERY,,,,,,20959
202408,QHM,16C00,HOLGATE PCN,U85008,VILLAGE MEDICAL CENTRE,,,,,,8325
202408,QHM,16C00,NORTH STOCKTON PCN,U07032,ALMA MEDICAL CENTRE,Chloral hydrate (0401010B0),2,1465.5248,90,90,11067
202408,QHM,16C00,NORTH STOCKTON PCN,U07032,QUEENS PARK MEDICAL CENTRE,,,,,,18786
202408,QHM,16C00,NORTH STOCKTON PCN,U07032,TENNANT STREET MEDICAL PRACTICE,,,,,,14692
202408,QHM,16C00,ONE LIFE HARTLEPOOL PCN,U27349,BANKHOUSE SURGERY,,,,,,10450
202408,QHM,16C00,ONE LIFE HARTLEPOOL PCN,U27349,CHADWICK PRACTICE,,,,,,11782
202408,QHM,16C00,ONE LIFE HARTLEPOOL PCN,U27349,HAVELOCK GRANGE PRACTICE,,,,,,13711
202408,QHM,16C00,REDCAR COASTAL PCN,U23714,BENTLEY MEDICAL PRACTICE,,,,,,10186
202408,QHM,16C00,REDCAR COASTAL PCN,U23714,HUNTCLIFF SURGERY,,,,,,10135
202408,QHM,16C00,REDCAR COASTAL PCN,U23714,THE COATHAM ROAD SURGERY,Chloral hydrate (0401010B0),1,488.5124,30,30,6146
202408,QHM,16C00,REDCAR COASTAL PCN,U23714,THE GREEN HOUSE SURGERY,,,,,,10155
202408,QHM,16C00,REDCAR COASTAL PCN,U23714,THE RAVENSCAR SURGERY,Chloral hydrate (0401010B0),1,325.7824,20,20,3356
202408,QHM,16C00,REDCAR COASTAL PCN,U23714,THE SALTSCAR SURGERY,,,,,,8579
202408,QHM,16C00,REDCAR COASTAL PCN,U23714,ZETLAND MEDICAL PRACTICE,,,,,,6959
202408,QHM,16C00,STOCKTON PCN,U89141,ELM TREE SURGERY,,,,,,12139
202408,QHM,16C00,STOCKTON PCN,U89141,RIVERSIDE MEDICAL PRACTICE,,,,,,6798
202408,QHM,16C00,STOCKTON PCN,U89141,THE ARRIVAL PRACTICE ( D 01-Jun-25 ),,,,,,3234
202408,QHM,16C00,STOCKTON PCN,U89141,THE DENSHAM SURGERY,,,,,,3880
202408,QHM,16C00,STOCKTON PCN,U89141,THE DOVECOT SURGERY,,,,,,4231
202408,QHM,16C00,STOCKTON PCN,U89141,WOODBRIDGE PRACTICE,,,,,,18462
202408,QHM,16C00,STOCKTON PCN,U89141,WOODLANDS FAMILY MEDICAL CENTRE,,,,,,12383
202408,QHM,84H00,BISHOP AUCKLAND PCN,U85067,AUCKLAND MEDICAL GROUP,,,,,,15751
202408,QHM,84H00,BISHOP AUCKLAND PCN,U85067,BISHOPGATE MEDICAL CENTRE,,,,,,13610
202408,QHM,84H00,BISHOP AUCKLAND PCN,U85067,STATION VIEW MEDICAL CENTRE,,,,,,9794
202408,QHM,84H00,CHESTER LE STREET PCN,U77096,BRIDGE END SURGERY,,,,,,7866
202408,QHM,84H00,CHESTER LE STREET PCN,U77096,CESTRIA HEALTH CENTRE,,,,,,12792
202408,QHM,84H00,CHESTER LE STREET PCN,U77096,GREAT LUMLEY SURGERY,,,,,,5339
202408,QHM,84H00,CHESTER LE STREET PCN,U77096,MIDDLE CHARE MEDICAL GROUP,,,,,,9416
202408,QHM,84H00,CHESTER LE STREET PCN,U77096,PELTON & FELLROSE MEDICAL GROUP,,,,,,9865
202408,QHM,84H00,CHESTER LE STREET PCN,U77096,SACRISTON MEDICAL CENTRE,,,,,,10781
202408,QHM,84H00,CHESTER LE STREET PCN,U77096,VILLAGES MEDICAL GROUP,,,,,,4174
202408,QHM,84H00,CLAYPATH & UNIVERSITY MEDICAL GROUP PCN,U38486,CLAYPATH & UNIVERSITY MEDICAL GROUP,,,,,,30930
202408,QHM,84H00,DERWENTSIDE PCN,U70497,ANNFIELD PLAIN SURGERY,,,,,,3578
202408,QHM,84H00,DERWENTSIDE PCN,U70497,BROWNEY HOUSE SURGERY,,,,,,2654
202408,QHM,84H00,DERWENTSIDE PCN,U70497,CEDARS MEDICAL GROUP,,,,,,6123
202408,QHM,84H00,DERWENTSIDE PCN,U70497,CONSETT MEDICAL CENTRE,Chloral hydrate (0401010B0),1,244.2624,15,15,16928
202408,QHM,84H00,DERWENTSIDE PCN,U70497,DRS LAMBERT & NG,,,,,,5280
202408,QHM,84H00,DERWENTSIDE PCN,U70497,LANCHESTER MEDICAL CENTRE,,,,,,4144
202408,QHM,84H00,DERWENTSIDE PCN,U70497,LEADGATE SURGERY,,,,,,5944
202408,QHM,84H00,DERWENTSIDE PCN,U70497,OAKFIELDS HEALTH GROUP,,,,,,7613
202408,QHM,84H00,DERWENTSIDE PCN,U70497,QUEENS ROAD SURGERY,,,,,,15998
202408,QHM,84H00,DERWENTSIDE PCN,U70497,STANLEY MEDICAL GROUP,,,,,,12410
202408,QHM,84H00,DERWENTSIDE PCN,U70497,TANFIELD VIEW MEDICAL GROUP,Chloral hydrate (0401010B0),1,488.5124,30,30,10838
202408,QHM,84H00,DERWENTSIDE PCN,U70497,THE HAVEN SURGERY,,,,,,1721
202408,QHM,84H00,DURHAM COAST PCN,U26864,BEVAN MEDICAL GROUP,,,,,,8471
202408,QHM,84H00,DURHAM COAST PCN,U26864,EAST DURHAM MEDICAL GROUP,,,,,,18265
202408,QHM,84H00,DURHAM COAST PCN,U26864,SOUTHDENE MEDICAL CENTRE,,,,,,3446
202408,QHM,84H00,DURHAM COAST PCN,U26864,WINGATE MEDICAL PRACTICE INTRAHEALTH,,,,,,3468
202408,QHM,84H00,DURHAM EAST PCN,U53962,BELMONT & SHERBURN MEDICAL GROUP,Chloral hydrate (0401010B0),1,244.2624,15,15,6221
202408,QHM,84H00,DURHAM EAST PCN,U53962,BOWBURN MEDICAL CENTRE,,,,,,4406
202408,QHM,84H00,DURHAM EAST PCN,U53962,CHEVELEY PARK MEDICAL CTR,,,,,,5009
202408,QHM,84H00,DURHAM EAST PCN,U53962,COXHOE MEDICAL PRACTICE,,,,,,7493
202408,QHM,84H00,DURHAM EAST PCN,U53962,WEST RAINTON SURGERY,,,,,,5483
202408,QHM,84H00,DURHAM WEST PCN,U01989,CHASTLETON MEDICAL GROUP,,,,,,10511
202408,QHM,84H00,DURHAM WEST PCN,U01989,DUNELM MEDICAL PRACTICE,,,,,,14304
202408,QHM,84H00,DURHAM WEST PCN,U01989,THE MEDICAL GROUP,,,,,,26735
202408,QHM,84H00,EASINGTON CENTRAL PCN,U14615,BLACKHALL AND PETERLEE PRACTICE,,,,,,10165
202408,QHM,84H00,EASINGTON CENTRAL PCN,U14615,THE HORDEN GROUP PRACTICE,,,,,,8230
202408,QHM,84H00,EASINGTON CENTRAL PCN,U14615,WILLIAM BROWN CENTRE,Chloral hydrate (0401010B0),3,732.7872,45,45,15733
202408,QHM,84H00,NORTH EASINGTON PCN,U81825,BYRON MEDICAL PRACTICE,,,,,,8332
202408,QHM,84H00,NORTH EASINGTON PCN,U81825,MARLBOROUGH SURGERY,,,,,,11295
202408,QHM,84H00,NORTH EASINGTON PCN,U81825,MURTON MEDICAL CENTRE,,,,,,7332
202408,QHM,84H00,NORTH EASINGTON PCN,U81825,SILVERDALE FAMILY PRACTICE,,,,,,6592
202408,QHM,84H00,NORTH EASINGTON PCN,U81825,THE NEW SEAHAM MEDICAL GROUP,,,,,,4666
202408,QHM,84H00,SEDGEFIELD 1 PCN,U37593,BEWICK CRESCENT SURGERY,,,,,,13217
202408,QHM,84H00,SEDGEFIELD 1 PCN,U37593,HALLGARTH SURGERY,,,,,,5363
202408,QHM,84H00,SEDGEFIELD 1 PCN,U37593,JUBILEE MEDICAL GROUP,,,,,,12456
202408,QHM,84H00,SEDGEFIELD 1 PCN,U37593,PEASE WAY MEDICAL CENTRE,,,,,,12150
202408,QHM,84H00,SEDGEFIELD NORTH PCN,U12365,BISHOPS CLOSE MEDICAL PRACTICE,,,,,,8689
202408,QHM,84H00,SEDGEFIELD NORTH PCN,U12365,FERRYHILL AND CHILTON MEDICAL PRACTICE,,,,,,14883
202408,QHM,84H00,SEDGEFIELD NORTH PCN,U12365,SKERNE MEDICAL GROUP,Chloral hydrate (0401010B0),1,977.0124,60,60,16736
202408,QHM,84H00,SEDGEFIELD NORTH PCN,U12365,ST ANDREW'S MEDICAL PRACTICE,,,,,,15430
202408,QHM,84H00,SEDGEFIELD NORTH PCN,U12365,WEST CORNFORTH MEDICAL CENTRE,,,,,,2714
202408,QHM,84H00,TEESDALE PCN,U31619,BARNARD CASTLE SURGERY,,,,,,10873
202408,QHM,84H00,TEESDALE PCN,U31619,EVENWOOD MEDICAL PRACTICE,,,,,,2236
202408,QHM,84H00,TEESDALE PCN,U31619,GAINFORD SURGERY,,,,,,3672
202408,QHM,84H00,TEESDALE PCN,U31619,OLD FORGE SURGERY,,,,,,2661
202408,QHM,84H00,TEESDALE PCN,U31619,PINFOLD MEDICAL PRACTICE,,,,,,2920
202408,QHM,84H00,TEESDALE PCN,U31619,WOODVIEW MEDICAL PRACTICE,,,,,,2566
202408,QHM,84H00,WEAR VALLEY PCN,U96202,NORTH HOUSE SURGERY,,,,,,13551
202408,QHM,84H00,WEAR VALLEY PCN,U96202,THE WEARDALE PRACTICE,,,,,,7186
202408,QHM,84H00,WEAR VALLEY PCN,U96202,WILLINGTON MEDICAL GROUP,,,,,,9217
202408,QHM,99C00,CRAMLINGTON SEATON VALLEY PCN,U24977,WOODLANDS PARK HEALTH CTR,,,,,,6454
202408,QHM,99C00,NORTH SHIELDS PCN,U91110,COLLINGWOOD HEALTH GROUP,,,,,,24420
202408,QHM,99C00,NORTH SHIELDS PCN,U91110,PRIORY MEDICAL GROUP,,,,,,15491
202408,QHM,99C00,NORTH SHIELDS PCN,U91110,REDBURN PARK MEDICAL CENTRE,,,,,,6106
202408,QHM,99C00,NORTH SHIELDS PCN,U91110,NELSON MEDICAL GROUP ( C 01-May-26 ),,,,,,5003
202408,QHM,99C00,NORTH TYNESIDE NORTH WEST PCN,U95193,LANE END SURGERY,,,,,,9541
202408,QHM,99C00,NORTH TYNESIDE NORTH WEST PCN,U95193,MALLARD MEDICAL PRACTICE,Chloral hydrate (0401010B0),1,488.5124,30,30,5369
202408,QHM,99C00,NORTH TYNESIDE NORTH WEST PCN,U95193,STEPHENSON PARK HEALTH GROUP,,,,,,17967
202408,QHM,99C00,NORTH TYNESIDE NORTH WEST PCN,U95193,SWARLAND AVENUE SURGERY,,,,,,6724
202408,QHM,99C00,NORTH TYNESIDE NORTH WEST PCN,U95193,WELLSPRING MEDICAL PRACT.,,,,,,6467
202408,QHM,99C00,NORTH TYNESIDE NORTH WEST PCN,U95193,WEST FARM SURGERY,,,,,,6038
202408,QHM,99C00,NORTH TYNESIDE NORTH WEST PCN,U95193,WIDEOPEN MEDICAL CENTRE,,,,,,7563
202408,QHM,99C00,NORTHUMBRIA PCN,U09980,NPC NORTH TYNESIDE - SPRING TERRACE,Chloral hydrate (0401010B0),25,1142.71,70,70,5881
202408,QHM,99C00,WALLSEND PCN,U10386,BEWICKE MEDICAL CENTRE,,,,,,9366
202408,QHM,99C00,WALLSEND PCN,U10386,HADRIAN HEALTH CENTRE,,,,,,20758
202408,QHM,99C00,WALLSEND PCN,U10386,THE VILLAGE GREEN SURGERY,,,,,,12803
202408,QHM,99C00,WHITLEY BAY PCN,U02739,BEAUMONT PARK SURGERY,,,,,,6534
202408,QHM,99C00,WHITLEY BAY PCN,U02739,BRIDGE AND MONKSEATON MEDICAL PRACTICE,,,,,,13325
202408,QHM,99C00,WHITLEY BAY PCN,U02739,MARINE AVENUE MEDICAL CTR,,,,,,8620
202408,QHM,99C00,WHITLEY BAY PCN,U02739,NORTHUMBERLAND PARK MEDICAL GROUP,,,,,,9568
202408,QHM,99C00,WHITLEY BAY PCN,U02739,WHITLEY BAY HEALTH CENTRE,,,,,,13579
202408,QHM,99C00,WHITLEY BAY PCN,U02739,49 MARINE AVENUE SURGERY ( C 01-May-26 ),,,,,,5870
202408,QHM,99C00,WHITLEY BAY PCN,U02739,PARK PARADE PRACTICE ( C 01-May-26 ),,,,,,4843
202409,QHM,00L00,BLYTH PCN,U25489,MARINE MEDICAL GROUP,,,,,,13581
202409,QHM,00L00,BLYTH PCN,U25489,RAILWAY MEDICAL GROUP,,,,,,27203
202409,QHM,00L00,CRAMLINGTON SEATON VALLEY PCN,U24977,FORUM FAMILY PRACTICE,,,,,,8818
202409,QHM,00L00,CRAMLINGTON SEATON VALLEY PCN,U24977,NETHERFIELD HOUSE,,,,,,5989
202409,QHM,00L00,CRAMLINGTON SEATON VALLEY PCN,U24977,VILLAGE MEDICAL GROUP,,,,,,11074
202409,QHM,00L00,DUMMY,-,RIVERSDALE SURGERY,,,,,,5956
202409,QHM,00L00,DUMMY,-,THE ADDERLANE SURGERY,,,,,,2150
202409,QHM,00L00,NORTHUMBRIA PCN,U09980,NPC AMBLE & BROOMHILL,,,,,,12089
202409,QHM,00L00,NORTHUMBRIA PCN,U09980,NPC CENTRAL NORTHUMBERLAND,,,,,,50107
202409,QHM,00L00,NORTHUMBRIA PCN,U09980,NPC CRAMLINGTON,,,,,,5323
202409,QHM,00L00,NORTHUMBRIA PCN,U09980,NPC ELSDON AVENUE,,,,,,4231
202409,QHM,00L00,NORTHUMBRIA PCN,U09980,NPC FELTON & WIDDRINGTON,,,,,,4555
202409,QHM,00L00,NORTHUMBRIA PCN,U09980,NPC HAYDON BRIDGE & ALLENDALE,,,,,,5284
202409,QHM,00L00,NORTHUMBRIA PCN,U09980,NPC PONTELAND,,,,,,10832
202409,QHM,00L00,NORTHUMBRIA PCN,U09980,NPC ROTHBURY,,,,,,6143
202409,QHM,00L00,WANSBECK PCN,U11112,BEDLINGTONSHIRE MED.GROUP,,,,,,12652
202409,QHM,00L00,WANSBECK PCN,U11112,GUIDEPOST MEDICAL GROUP,,,,,,8058
202409,QHM,00L00,WANSBECK PCN,U11112,SEATON PARK MEDICAL GROUP,,,,,,19532
202409,QHM,00L00,WANSBECK PCN,U11112,THE GABLES MEDICAL GROUP,,,,,,6341
202409,QHM,00L00,WELL UP NORTH PCN,U25545,ALNWICK MEDICAL GROUP,,,,,,18859
202409,QHM,00L00,WELL UP NORTH PCN,U25545,BELFORD MEDICAL PRACTICE,,,,,,4482
202409,QHM,00L00,WELL UP NORTH PCN,U25545,GAS HOUSE LANE SURGERY,,,,,,7018
202409,QHM,00L00,WELL UP NORTH PCN,U25545,GREYSTOKE SURGERY,,,,,,10600
202409,QHM,00L00,WELL UP NORTH PCN,U25545,UNION BRAE & NORHAM PRAC,,,,,,7213
202409,QHM,00L00,WELL UP NORTH PCN,U25545,WELL CLOSE MEDICAL GROUP,,,,,,9168
202409,QHM,00L00,WELL UP NORTH PCN,U25545,WOOLER HEALTH,,,,,,4849
202409,QHM,00L00,WEST NORTHUMBERLAND PCN,U05512,BELLINGHAM PRACTICE,,,,,,3452
202409,QHM,00L00,WEST NORTHUMBERLAND PCN,U05512,BRANCH END SURGERY,,,,,,5367
202409,QHM,00L00,WEST NORTHUMBERLAND PCN,U05512,BURN BRAE MEDICAL GROUP,,,,,,10390
202409,QHM,00L00,WEST NORTHUMBERLAND PCN,U05512,CORBRIDGE HEALTH CENTRE,,,,,,7244
202409,QHM,00L00,WEST NORTHUMBERLAND PCN,U05512,HALTWHISTLE MEDICAL GROUP,,,,,,5578
202409,QHM,00L00,WEST NORTHUMBERLAND PCN,U05512,HUMSHAUGH & WARK MED GRP,,,,,,3452
202409,QHM,00L00,WEST NORTHUMBERLAND PCN,U05512,PRUDHOE MEDICAL GROUP,,,,,,6943
202409,QHM,00L00,WEST NORTHUMBERLAND PCN,U05512,SCOTS GAP MEDICAL GROUP,,,,,,2109
202409,QHM,00L00,WEST NORTHUMBERLAND PCN,U05512,THE SELE MEDICAL PRACTICE,,,,,,5848
202409,QHM,00L00,WEST NORTHUMBERLAND PCN,U05512,WHITE MEDICAL GROUP,,,,,,8536
202409,QHM,00N00,SOUTH TYNESIDE EAST PCN,U20256,FARNHAM MEDICAL CTR.,,,,,,17010
202409,QHM,00N00,SOUTH TYNESIDE EAST PCN,U20256,ST GEORGE & RIVERSIDE MEDICAL PRACTICE,,,,,,7376
202409,QHM,00N00,SOUTH TYNESIDE EAST PCN,U20256,TALBOT MEDICAL CENTRE,,,,,,7841
202409,QHM,00N00,SOUTH TYNESIDE EAST PCN,U20256,TRINITY MEDICAL CENTRE,,,,,,6508
202409,QHM,00N00,SOUTH TYNESIDE EAST PCN,U20256,WENLOCK ROAD SURGERY,,,,,,4429
202409,QHM,00N00,SOUTH TYNESIDE EAST PCN,U20256,WEST VIEW SURGERY,,,,,,2897
202409,QHM,00N00,SOUTH TYNESIDE SOUTH PCN,U89118,CENTRAL SURGERY,,,,,,19093
202409,QHM,00N00,SOUTH TYNESIDE SOUTH PCN,U89118,COLLIERY COURT MEDICAL GROUP,,,,,,8298
202409,QHM,00N00,SOUTH TYNESIDE SOUTH PCN,U89118,DR THORNILEY-WALKER & PARTNERS,,,,,,6084
202409,QHM,00N00,SOUTH TYNESIDE SOUTH PCN,U89118,IMEARY MEDICAL GROUP,,,,,,4235
202409,QHM,00N00,SOUTH TYNESIDE SOUTH PCN,U89118,MARSDEN MEDICAL GROUP,,,,,,22739
202409,QHM,00N00,SOUTH TYNESIDE SOUTH PCN,U89118,WHITBURN SURGERY,,,,,,5401
202409,QHM,00N00,SOUTH TYNESIDE WEST PCN,U37826,ALBERT ROAD SURGERY,,,,,,3340
202409,QHM,00N00,SOUTH TYNESIDE WEST PCN,U37826,EAST WING PRACTICE,,,,,,4274
202409,QHM,00N00,SOUTH TYNESIDE WEST PCN,U37826,ELLISON VIEW SURGERY,,,,,,6115
202409,QHM,00N00,SOUTH TYNESIDE WEST PCN,U37826,MAYFIELD MEDICAL GROUP,,,,,,9106
202409,QHM,00N00,SOUTH TYNESIDE WEST PCN,U37826,RAVENSWORTH SURGERY,,,,,,5910
202409,QHM,00N00,SOUTH TYNESIDE WEST PCN,U37826,THE G.P.SUITE,,,,,,4463
202409,QHM,00N00,SOUTH TYNESIDE WEST PCN,U37826,THE GLEN MEDICAL GROUP,,,,,,11155
202409,QHM,00N00,SOUTH TYNESIDE WEST PCN,U37826,VICTORIA MEDICAL CENTRE,,,,,,3685
202409,QHM,00P00,COALFIELDS PCN,U69720,GRANGEWOOD SURGERY,,,,,,7404
202409,QHM,00P00,COALFIELDS PCN,U69720,HERRINGTON MEDICAL CENTRE,,,,,,9521
202409,QHM,00P00,COALFIELDS PCN,U69720,HETTON GROUP PRACTICE,,,,,,11838
202409,QHM,00P00,COALFIELDS PCN,U69720,"HOUGHTON MEDICAL GROUP,",,,,,,8309
202409,QHM,00P00,COALFIELDS PCN,U69720,KEPIER MEDICAL PRACTICE,,,,,,8535
202409,QHM,00P00,COALFIELDS PCN,U69720,WESTBOURNE MEDICAL GROUP,,,,,,6603
202409,QHM,00P00,DUMMY,-,PALLION PRIMARY CARE SERVICES,,,,,,37
202409,QHM,00P00,SUNDERLAND CENTRAL PCN,U05458,HAPPY HOUSE SURGERY,,,,,,8259
202409,QHM,00P00,SUNDERLAND CENTRAL PCN,U05458,NEW SILKSWORTH MEDICAL PRACTICE,,,,,,9207
202409,QHM,00P00,SUNDERLAND CENTRAL PCN,U05458,SPRINGWELL MEDICAL GROUP,,,,,,6399
202409,QHM,00P00,SUNDERLAND CENTRAL PCN,U05458,SUNDERLAND GP ALLIANCE SOUTH HYLTON SURG,,,,,,4577
202409,QHM,00P00,SUNDERLAND CENTRAL PCN,U05458,VILLAGE SURGERY PARTNERSHIP,,,,,,4769
202409,QHM,00P00,SUNDERLAND EAST PCN,U52297,ASHBURN MEDICAL CENTRE,,,,,,5329
202409,QHM,00P00,SUNDERLAND EAST PCN,U52297,DEERNESS PARK MEDICAL GROUP,,,,,,13499
202409,QHM,00P00,SUNDERLAND EAST PCN,U52297,PARK LANE PRACTICE,,,,,,4343
202409,QHM,00P00,SUNDERLAND EAST PCN,U52297,RIVERVIEW SURGERY,,,,,,6996
202409,QHM,00P00,SUNDERLAND EAST PCN,U52297,SOUTHLANDS MEDICAL GROUP,,,,,,10374
202409,QHM,00P00,SUNDERLAND EAST PCN,U52297,THE NEW CITY MEDICAL GROUP,,,,,,5545
202409,QHM,00P00,SUNDERLAND EAST PCN,U52297,VILLETTE SURGERY,,,,,,5747
202409,QHM,00P00,SUNDERLAND NORTH PCN,U43314,BRIDGE VIEW MEDICAL GROUP,,,,,,15028
202409,QHM,00P00,SUNDERLAND NORTH PCN,U43314,CASTLETOWN MEDICAL CENTRE,,,,,,2109
202409,QHM,00P00,SUNDERLAND NORTH PCN,U43314,"FULWELL MEDICAL CENTRE,",,,,,,9223
202409,QHM,00P00,SUNDERLAND NORTH PCN,U43314,MONKWEARMOUTH HEALTH CENTRE,,,,,,4643
202409,QHM,00P00,SUNDERLAND NORTH PCN,U43314,RED HOUSE MEDICAL CENTRE,,,,,,5506
202409,QHM,00P00,SUNDERLAND NORTH PCN,U43314,ST BEDE MEDICAL CENTRE,,,,,,9281
202409,QHM,00P00,SUNDERLAND WEST 1 PCN,U14646,CHESTER SURGERY,,,,,,2981
202409,QHM,00P00,SUNDERLAND WEST 1 PCN,U14646,FORGE MEDICAL PRACTICE,,,,,,8693
202409,QHM,00P00,SUNDERLAND WEST 1 PCN,U14646,HYLTON MEDICAL GROUP,,,,,,7075
202409,QHM,00P00,SUNDERLAND WEST 1 PCN,U14646,MILLFIELD MEDICAL GROUP,,,,,,14628
202409,QHM,00P00,SUNDERLAND WEST 1 PCN,U14646,PALLION FAMILY PRACTICE,,,,,,10167
202409,QHM,00P00,SUNDERLAND WEST 1 PCN,U14646,THE BROADWAY MEDICAL PRACTICE,,,,,,7532
202409,QHM,00P00,SUNDERLAND WEST 1 PCN,U14646,WEARSIDE MEDICAL PRACTICE - PALLION,,,,,,8246
202409,QHM,00P00,WASHINGTON PCN,U61868,CONCORD MEDICAL PRACTICE,,,,,,5213
202409,QHM,00P00,WASHINGTON PCN,U61868,GALLERIES MEDICAL PRACTICE,,,,,,11387
202409,QHM,00P00,WASHINGTON PCN,U61868,I J HEALTHCARE,,,,,,3669
202409,QHM,00P00,WASHINGTON PCN,U61868,NEW WASHINGTON MEDICAL GROUP,,,,,,7274
202409,QHM,00P00,WASHINGTON PCN,U61868,RICKLETON MEDICAL CENTRE,,,,,,2714
202409,QHM,00P00,WASHINGTON PCN,U61868,SUNDERLAND GP ALLIANCE MEDICAL PRACTICE,,,,,,10218
202409,QHM,00P00,WASHINGTON PCN,U61868,THE STEPHENSON MEDICAL PRACTICE,,,,,,12378
202409,QHM,01H00,CARLISLE HEALTHCARE PCN,U92223,BRAMPTON MEDICAL PRACTICE,,,,,,16788
202409,QHM,01H00,CARLISLE HEALTHCARE PCN,U92223,CARLISLE HEALTHCARE,,,,,,39108
202409,QHM,01H00,CARLISLE HEALTHCARE PCN,U92223,LONGTOWN MEDICAL CENTRE,,,,,,3820
202409,QHM,01H00,CARLISLE HEALTHCARE PCN,U92223,SPENCER ST SURGERY,,,,,,13444
202409,QHM,01H00,CARLISLE PCN,U66688,CARLISLE CENTRAL PRACTICE,,,,,,13715
202409,QHM,01H00,CARLISLE PCN,U66688,EDEN MEDICAL GROUP,,,,,,16300
202409,QHM,01H00,CARLISLE PCN,U66688,WARWICK SQUARE GROUP PRACTICE,,,,,,7735
202409,QHM,01H00,CARLISLE PCN,U66688,FUSEHILL MEDICAL PRACTICE ( C 01-May-25 ),,,,,,1
202409,QHM,01H00,COCKERMOUTH & MARYPORT PCN,U76572,CASTLEGATE AND DERWENT SURGERY,,,,,,18217
202409,QHM,01H00,COCKERMOUTH & MARYPORT PCN,U76572,MARYPORT HEALTH SERVICES,,,,,,13783
202409,QHM,01H00,COPELAND HAVEN PCN,U94879,DISTINGTON SURGERY,,,,,,6243
202409,QHM,01H00,COPELAND HAVEN PCN,U94879,MANSION HOUSE SURGERY,,,,,,7443
202409,QHM,01H00,COPELAND HAVEN PCN,U94879,WESTCROFT HOUSE SURGERY,,,,,,6071
202409,QHM,01H00,COPELAND PCN,U48302,FELLVIEW HEALTHCARE,,,,,,23267
202409,QHM,01H00,COPELAND PCN,U48302,LOWTHER MEDICAL CENTRE,,,,,,13958
202409,QHM,01H00,COPELAND PCN,U48302,SEASCALE HEALTH CENTRE,,,,,,5940
202409,QHM,01H00,EDEN (CUMBRIA) PCN,U08085,ALSTON MEDICAL PRACTICE,,,,,,2222
202409,QHM,01H00,EDEN (CUMBRIA) PCN,U08085,APPLEBY MEDICAL PRACTICE,,,,,,5081
202409,QHM,01H00,EDEN (CUMBRIA) PCN,U08085,BIRBECK MEDICAL GROUP,,,,,,14587
202409,QHM,01H00,EDEN (CUMBRIA) PCN,U08085,COURT THORN SURGERY,,,,,,3739
202409,QHM,01H00,EDEN (CUMBRIA) PCN,U08085,GLENRIDDING HEALTH CENTRE,,,,,,941
202409,QHM,01H00,EDEN (CUMBRIA) PCN,U08085,KIRKOSWALD SURGERY,,,,,,2749
202409,QHM,01H00,EDEN (CUMBRIA) PCN,U08085,SHAP MEDICAL PRACTICE,,,,,,3260
202409,QHM,01H00,EDEN (CUMBRIA) PCN,U08085,TEMPLE SOWERBY MEDICAL PRACTICE,,,,,,4700
202409,QHM,01H00,EDEN (CUMBRIA) PCN,U08085,THE LAKES MEDICAL PRACTICE,,,,,,11373
202409,QHM,01H00,EDEN (CUMBRIA) PCN,U08085,UPPER EDEN MEDICAL PRACTICE,,,,,,6599
202409,QHM,01H00,KESWICK & SOLWAY PCN,U25680,ASPATRIA MEDICAL GROUP,,,,,,7096
202409,QHM,01H00,KESWICK & SOLWAY PCN,U25680,CALDBECK SURGERY,,,,,,4338
202409,QHM,01H00,KESWICK & SOLWAY PCN,U25680,CASTLEHEAD MEDICAL CENTRE,,,,,,8302
202409,QHM,01H00,KESWICK & SOLWAY PCN,U25680,DALSTON MEDICAL GROUP,,,,,,5080
202409,QHM,01H00,KESWICK & SOLWAY PCN,U25680,SILLOTH GROUP MEDICAL PRACTICE,,,,,,4385
202409,QHM,01H00,KESWICK & SOLWAY PCN,U25680,THE CROFT SURGERY,,,,,,3468
202409,QHM,01H00,KESWICK & SOLWAY PCN,U25680,WIGTON GROUP MEDICAL PRACTICE,,,,,,9048
202409,QHM,01H00,WORKINGTON PCN,U67303,JAMES STREET GROUP PRACT,,,,,,33165
202409,QHM,13T00,BIRTLEY AND CENTRAL GATESHEAD PCN,U76028,BIRTLEY MEDICAL GROUP,,,,,,15381
202409,QHM,13T00,BIRTLEY AND CENTRAL GATESHEAD PCN,U76028,OXFORD TCE & RAWLING RD MEDICAL GROUP,,,,,,17671
202409,QHM,13T00,BIRTLEY AND CENTRAL GATESHEAD PCN,U76028,SECOND STREET SURGERY,,,,,,4831
202409,QHM,13T00,BIRTLEY AND CENTRAL GATESHEAD PCN,U76028,THE BRIDGES MEDICAL PRACTICE,,,,,,8016
202409,QHM,13T00,DUMMY,-,ST OSWALDS PALLIATIVE CARE,Chloral hydrate (0401010B0),1,162.9424,10,10,
202409,QHM,13T00,DUMMY,-,GOSFORTH MEMORIAL MED.CTR ( C 01-Oct-25 ),,,,,,10892
202409,QHM,13T00,GATESHEAD CENTRAL SOUTH PCN,U91254,BEACON VIEW MEDICAL CENTRE,,,,,,5673
202409,QHM,13T00,GATESHEAD CENTRAL SOUTH PCN,U91254,BENSHAM FAMILY PRACTICE,,,,,,3912
202409,QHM,13T00,GATESHEAD CENTRAL SOUTH PCN,U91254,BEWICK ROAD SURGERY,,,,,,7995
202409,QHM,13T00,GATESHEAD CENTRAL SOUTH PCN,U91254,CENTRAL GATESHEAD MEDICAL GROUP,,,,,,10664
202409,QHM,13T00,GATESHEAD CENTRAL SOUTH PCN,U91254,FELL COTTAGE SURGERY,,,,,,8630
202409,QHM,13T00,GATESHEAD CENTRAL SOUTH PCN,U91254,FELL TOWER MEDICAL CENTRE,,,,,,7587
202409,QHM,13T00,GATESHEAD CENTRAL SOUTH PCN,U91254,MILLENNIUM FAMILY PRACTICE,,,,,,3967
202409,QHM,13T00,GATESHEAD CENTRAL SOUTH PCN,U91254,WREKENTON MEDICAL GROUP,,,,,,12103
202409,QHM,13T00,GATESHEAD EAST PCN,U13720,CROWHALL MEDICAL CENTRE,,,,,,6422
202409,QHM,13T00,GATESHEAD EAST PCN,U13720,LONGRIGG MEDICAL CENTRE,,,,,,10315
202409,QHM,13T00,GATESHEAD EAST PCN,U13720,PELAW MEDICAL PRACTICE,,,,,,5403
202409,QHM,13T00,GATESHEAD EAST PCN,U13720,ST. ALBANS MEDICAL GROUP,,,,,,7364
202409,QHM,13T00,GATESHEAD INNER WEST PCN,U33691,CHAINBRIDGE MEDICAL PARTNERSHIP,,,,,,11472
202409,QHM,13T00,GATESHEAD INNER WEST PCN,U33691,GLENPARK & TEAMS MEDICAL SERVICES,,,,,,8985
202409,QHM,13T00,GATESHEAD INNER WEST PCN,U33691,SUNNISIDE SURGERY,,,,,,3802
202409,QHM,13T00,GATESHEAD INNER WEST PCN,U33691,WHICKHAM COTTAGE MEDICAL CENTRE,,,,,,15678
202409,QHM,13T00,GATESHEAD INNER WEST PCN,U33691,TEAMS MEDICAL PRACTICE ( C 01-May-26 ),,,,,,5481
202409,QHM,13T00,GATESHEAD OUTER WEST PCN,U41930,CHOPWELL PRIMARY HEALTHCARE CENTRE,,,,,,2573
202409,QHM,13T00,GATESHEAD OUTER WEST PCN,U41930,CRAWCROOK MEDICAL CENTRE,,,,,,20458
202409,QHM,13T00,GATESHEAD OUTER WEST PCN,U41930,HOLLYHURST MEDICAL CENTRE,,,,,,4785
202409,QHM,13T00,GATESHEAD OUTER WEST PCN,U41930,OLDWELL SURGERY,,,,,,4749
202409,QHM,13T00,JESMOND - LOWER GOSFORTH PCN,U34146,JESMOND HEALTH PARTNERSHIP,,,,,,16267
202409,QHM,13T00,JESMOND - LOWER GOSFORTH PCN,U34146,ROSEWORTH SURGERY,,,,,,5824
202409,QHM,13T00,JESMOND - LOWER GOSFORTH PCN,U34146,THE GROVE MEDICAL GROUP,,,,,,13248
202409,QHM,13T00,NEWCASTLE CENTRAL HEALTH PCN,U43524,SAVILLE MEDICAL GROUP,,,,,,42543
202409,QHM,13T00,NEWCASTLE EAST PCN,U17849,BENFIELD PARK MEDICAL GROUP,,,,,,10142
202409,QHM,13T00,NEWCASTLE EAST PCN,U17849,BIDDLESTONE HEALTH GROUP,,,,,,10609
202409,QHM,13T00,NEWCASTLE EAST PCN,U17849,HEATON ROAD SURGERY,,,,,,7439
202409,QHM,13T00,NEWCASTLE EAST PCN,U17849,NEWCASTLE MEDICAL CENTRE,,,,,,21138
202409,QHM,13T00,NEWCASTLE EAST PCN,U17849,ST.ANTHONY'S HEALTH CENTRE,,,,,,6690
202409,QHM,13T00,NEWCASTLE EAST PCN,U17849,THORNFIELD MEDICAL GROUP,,,,,,20084
202409,QHM,13T00,NEWCASTLE EAST PCN,U17849,WALKER MEDICAL GROUP,,,,,,10649
202409,QHM,13T00,NEWCASTLE INNER WEST PCN,U45898,BETTS AVENUE MEDICAL GROUP,,,,,,10853
202409,QHM,13T00,NEWCASTLE INNER WEST PCN,U45898,DILSTON MEDICAL CENTRE,,,,,,9565
202409,QHM,13T00,NEWCASTLE INNER WEST PCN,U45898,ELSWICK FAMILY PRACTICE,,,,,,8050
202409,QHM,13T00,NEWCASTLE INNER WEST PCN,U45898,FENHAM HALL SURGERY,,,,,,10530
202409,QHM,13T00,NEWCASTLE INNER WEST PCN,U45898,PROSPECT MEDICAL CENTRE,,,,,,15106
202409,QHM,13T00,NEWCASTLE OUTER WEST PCN,U87170,DENTON PARK MEDICAL GROUP,,,,,,7397
202409,QHM,13T00,NEWCASTLE OUTER WEST PCN,U87170,DENTON TURRET MEDICAL CENTRE,Chloral hydrate (0401010B0),2,977.0248,60,60,9051
202409,QHM,13T00,NEWCASTLE OUTER WEST PCN,U87170,NEWBURN SURGERY,,,,,,6108
202409,QHM,13T00,NEWCASTLE OUTER WEST PCN,U87170,PARKWAY MEDICAL GROUP,,,,,,8458
202409,QHM,13T00,NEWCASTLE OUTER WEST PCN,U87170,THROCKLEY PRIMARY CARE CENTRE,,,,,,7323
202409,QHM,13T00,NEWCASTLE OUTER WEST PCN,U87170,WESTERHOPE MEDICAL GROUP,,,,,,13582
202409,QHM,13T00,NORTH GOSFORTH PCN,U70624,BRUNTON PARK,Chloral hydrate (0401010B0),2,488.5248,30,30,8200
202409,QHM,13T00,NORTH GOSFORTH PCN,U70624,PARK MEDICAL GROUP,,,,,,13282
202409,QHM,13T00,NORTH GOSFORTH PCN,U70624,REGENT MEDICAL CENTRE,,,,,,7567
202409,QHM,13T00,WEST END FAMILY HEALTH PCN,U44695,CRUDDAS PARK SURGERY,,,,,,11546
202409,QHM,13T00,WEST END FAMILY HEALTH PCN,U44695,HOLMSIDE MEDICAL GROUP,,,,,,10144
202409,QHM,13T00,WEST END FAMILY HEALTH PCN,U44695,WEST ROAD MEDICAL CENTRE,,,,,,12381
202409,QHM,16C00,BILLINGHAM & NORTON PCN,U94460,DR RASOOL,,,,,,2241
202409,QHM,16C00,BILLINGHAM & NORTON PCN,U94460,KINGSWAY MEDICAL CENTRE,,,,,,9698
202409,QHM,16C00,BILLINGHAM & NORTON PCN,U94460,MARSH HOUSE MEDICAL PRACTICE,,,,,,8540
202409,QHM,16C00,BILLINGHAM & NORTON PCN,U94460,MELROSE SURGERY,,,,,,2435
202409,QHM,16C00,BILLINGHAM & NORTON PCN,U94460,NORTON MEDICAL CENTRE,,,,,,16562
202409,QHM,16C00,BILLINGHAM & NORTON PCN,U94460,QUEENSTREE PRACTICE,Chloral hydrate (0401010B0),1,366.6924,45,45,4143
202409,QHM,16C00,BILLINGHAM & NORTON PCN,U94460,THE ROSEBERRY PRACTICE,,,,,,7969
202409,QHM,16C00,BYTES PCN,U63844,EAGLESCLIFFE MEDICAL PRACTICE,,,,,,12280
202409,QHM,16C00,BYTES PCN,U63844,PARK LANE SURGERY,,,,,,5328
202409,QHM,16C00,BYTES PCN,U63844,THORNABY & BARWICK MEDICAL GROUP,,,,,,21046
202409,QHM,16C00,BYTES PCN,U63844,YARM MEDICAL PRACTICE,,,,,,14875
202409,QHM,16C00,CENTRAL MIDDLESBROUGH PCN,U55830,MARTONSIDE MEDICAL CENTRE,,,,,,7875
202409,QHM,16C00,CENTRAL MIDDLESBROUGH PCN,U55830,PARK SURGERY,,,,,,12079
202409,QHM,16C00,CENTRAL MIDDLESBROUGH PCN,U55830,PROSPECT SURGERY,,,,,,7323
202409,QHM,16C00,CENTRAL MIDDLESBROUGH PCN,U55830,THE DISCOVERY PRACTICE,,,,,,8862
202409,QHM,16C00,CENTRAL MIDDLESBROUGH PCN,U55830,THE ENDEAVOUR PRACTICE,,,,,,9082
202409,QHM,16C00,CENTRAL MIDDLESBROUGH PCN,U55830,THE ERIMUS PRACTICE,,,,,,6839
202409,QHM,16C00,CENTRAL MIDDLESBROUGH PCN,U55830,THORNTREE SURGERY,,,,,,2733
202409,QHM,16C00,DARLINGTON PCN,U45102,BLACKETTS MEDICAL PRACTICE,,,,,,11226
202409,QHM,16C00,DARLINGTON PCN,U45102,CARMEL MEDICAL PRACTICE,Chloral hydrate (0401010B0),1,244.2624,4.299,4.299,11536
202409,QHM,16C00,DARLINGTON PCN,U45102,CLIFTON COURT MEDICAL PRACTICE,,,,,,12297
202409,QHM,16C00,DARLINGTON PCN,U45102,DENMARK STREET SURGERY,,,,,,15125
202409,QHM,16C00,DARLINGTON PCN,U45102,MIDDLETON AND DINSDALE MEDICAL PRACTICE,,,,,,5820
202409,QHM,16C00,DARLINGTON PCN,U45102,MOORLANDS SURGERY,,,,,,13250
202409,QHM,16C00,DARLINGTON PCN,U45102,NEASHAM ROAD SURGERY,,,,,,13358
202409,QHM,16C00,DARLINGTON PCN,U45102,ORCHARD COURT SURGERY,,,,,,8625
202409,QHM,16C00,DARLINGTON PCN,U45102,PARKGATE SURGERY,,,,,,4803
202409,QHM,16C00,DARLINGTON PCN,U45102,ROCKLIFFE COURT SURGERY,,,,,,6234
202409,QHM,16C00,DARLINGTON PCN,U45102,WHINFIELD MEDICAL PRACTICE,,,,,,12155
202409,QHM,16C00,DUMMY,-,THE RIDGEWAY HEALTH CENTRE,,,,,,28
202409,QHM,16C00,EAST CLEVELAND PCN,U07842,BROTTON SURGERY,,,,,,7541
202409,QHM,16C00,EAST CLEVELAND PCN,U07842,HILLSIDE PRACTICE,,,,,,9420
202409,QHM,16C00,EAST CLEVELAND PCN,U07842,SPRINGWOOD SURGERY,,,,,,7786
202409,QHM,16C00,EAST CLEVELAND PCN,U07842,THE GARTH,,,,,,11447
202409,QHM,16C00,EAST CLEVELAND PCN,U07842,WOODSIDE SURGERY,,,,,,5928
202409,QHM,16C00,ESTON PCN,U85257,CAMBRIDGE MEDICAL GROUP,,,,,,7353
202409,QHM,16C00,ESTON PCN,U85257,NORMANBY MEDICAL CENTRE,Chloral hydrate (0401010B0),1,488.5124,30,30,22874
202409,QHM,16C00,ESTON PCN,U85257,SOUTH GRANGE MEDICAL GROUP PRACTICE,,,,,,15259
202409,QHM,16C00,ESTON PCN,U85257,THE ESTON SURGERY ( D 01-Oct-25 ),,,,,,3779
202409,QHM,16C00,GREATER MIDDLESBROUGH PCN,U02671,ACKLAM MEDICAL CENTRE,Chloral hydrate (0401010B0),2,1465.5248,90,90,11292
202409,QHM,16C00,GREATER MIDDLESBROUGH PCN,U02671,COULBY MEDICAL PRACTICE,,,,,,9295
202409,QHM,16C00,GREATER MIDDLESBROUGH PCN,U02671,CROSSFELL HEALTH CENTRE,,,,,,8954
202409,QHM,16C00,GREATER MIDDLESBROUGH PCN,U02671,HIRSEL MEDICAL CENTRE,,,,,,3820
202409,QHM,16C00,GREATER MIDDLESBROUGH PCN,U02671,KINGS MEDICAL CENTRE,,,,,,6528
202409,QHM,16C00,GREATER MIDDLESBROUGH PCN,U02671,NEWLANDS MEDICAL CENTRE,,,,,,9874
202409,QHM,16C00,GREATER MIDDLESBROUGH PCN,U02671,PARKWAY MEDICAL CENTRE,,,,,,9130
202409,QHM,16C00,GREATER MIDDLESBROUGH PCN,U02671,WESTBOURNE MEDICAL CENTRE,,,,,,5544
202409,QHM,16C00,HARTLEPOOL HEALTH PCN,U40502,MCKENZIE GROUP PRACTICE,,,,,,6247
202409,QHM,16C00,HARTLEPOOL HEALTH PCN,U40502,MCKENZIE HOUSE SURGERY,Chloral hydrate (0401010B0),2,1823.9648,112,112,18907
202409,QHM,16C00,HARTLEPOOL HEALTH PCN,U40502,THE HEADLAND MEDICAL CENTRE,,,,,,5390
202409,QHM,16C00,HARTLEPOOL PCN,U70212,GLADSTONE HOUSE SURGERY,,,,,,5753
202409,QHM,16C00,HARTLEPOOL PCN,U70212,HART MEDICAL PRACTICE,,,,,,9407
202409,QHM,16C00,HARTLEPOOL PCN,U70212,THE PATEL PRACTICE,,,,,,3968
202409,QHM,16C00,HARTLEPOOL PCN,U70212,WEST QUAY MEDICAL PRACTICE,,,,,,6152
202409,QHM,16C00,HARTLEPOOL PCN,U70212,WEST VIEW MILLENIUM SURGERY A,,,,,,7515
202409,QHM,16C00,HOLGATE PCN,U85008,BOROUGH ROAD & NUNTHORPE MEDICAL GROUP,,,,,,16400
202409,QHM,16C00,HOLGATE PCN,U85008,LINTHORPE SURGERY,,,,,,20987
202409,QHM,16C00,HOLGATE PCN,U85008,VILLAGE MEDICAL CENTRE,,,,,,8296
202409,QHM,16C00,NORTH STOCKTON PCN,U07032,ALMA MEDICAL CENTRE,Chloral hydrate (0401010B0),1,732.7624,45,45,11075
202409,QHM,16C00,NORTH STOCKTON PCN,U07032,QUEENS PARK MEDICAL CENTRE,,,,,,18769
202409,QHM,16C00,NORTH STOCKTON PCN,U07032,TENNANT STREET MEDICAL PRACTICE,,,,,,14729
202409,QHM,16C00,ONE LIFE HARTLEPOOL PCN,U27349,BANKHOUSE SURGERY,,,,,,10526
202409,QHM,16C00,ONE LIFE HARTLEPOOL PCN,U27349,CHADWICK PRACTICE,,,,,,11812
202409,QHM,16C00,ONE LIFE HARTLEPOOL PCN,U27349,HAVELOCK GRANGE PRACTICE,,,,,,13741
202409,QHM,16C00,REDCAR COASTAL PCN,U23714,BENTLEY MEDICAL PRACTICE,Chloral hydrate (0401010B0),2,977.0248,60,60,10182
202409,QHM,16C00,REDCAR COASTAL PCN,U23714,HUNTCLIFF SURGERY,Chloral hydrate (0401010B0),3,2279.8072,140,140,10112
202409,QHM,16C00,REDCAR COASTAL PCN,U23714,THE COATHAM ROAD SURGERY,Chloral hydrate (0401010B0),1,488.5124,30,30,6136
202409,QHM,16C00,REDCAR COASTAL PCN,U23714,THE GREEN HOUSE SURGERY,,,,,,10177
202409,QHM,16C00,REDCAR COASTAL PCN,U23714,THE RAVENSCAR SURGERY,Chloral hydrate (0401010B0),2,651.5648,40,40,3336
202409,QHM,16C00,REDCAR COASTAL PCN,U23714,THE SALTSCAR SURGERY,,,,,,8573
202409,QHM,16C00,REDCAR COASTAL PCN,U23714,ZETLAND MEDICAL PRACTICE,,,,,,6956
202409,QHM,16C00,STOCKTON PCN,U89141,ELM TREE SURGERY,,,,,,13068
202409,QHM,16C00,STOCKTON PCN,U89141,RIVERSIDE MEDICAL PRACTICE,,,,,,6788
202409,QHM,16C00,STOCKTON PCN,U89141,THE ARRIVAL PRACTICE ( D 01-Jun-25 ),,,,,,3267
202409,QHM,16C00,STOCKTON PCN,U89141,THE DENSHAM SURGERY,,,,,,3873
202409,QHM,16C00,STOCKTON PCN,U89141,THE DOVECOT SURGERY,,,,,,4197
202409,QHM,16C00,STOCKTON PCN,U89141,WOODBRIDGE PRACTICE,Chloral hydrate (0401010B0),2,1058.5448,65,65,18466
202409,QHM,16C00,STOCKTON PCN,U89141,WOODLANDS FAMILY MEDICAL CENTRE,,,,,,12377
202409,QHM,84H00,BISHOP AUCKLAND PCN,U85067,AUCKLAND MEDICAL GROUP,,,,,,15817
202409,QHM,84H00,BISHOP AUCKLAND PCN,U85067,BISHOPGATE MEDICAL CENTRE,,,,,,13617
202409,QHM,84H00,BISHOP AUCKLAND PCN,U85067,STATION VIEW MEDICAL CENTRE,,,,,,9770
202409,QHM,84H00,CHESTER LE STREET PCN,U77096,BRIDGE END SURGERY,,,,,,7837
202409,QHM,84H00,CHESTER LE STREET PCN,U77096,CESTRIA HEALTH CENTRE,,,,,,12760
202409,QHM,84H00,CHESTER LE STREET PCN,U77096,GREAT LUMLEY SURGERY,,,,,,5304
202409,QHM,84H00,CHESTER LE STREET PCN,U77096,MIDDLE CHARE MEDICAL GROUP,Chloral hydrate (0401010B0),1,244.2624,15,15,9414
202409,QHM,84H00,CHESTER LE STREET PCN,U77096,PELTON & FELLROSE MEDICAL GROUP,,,,,,9896
202409,QHM,84H00,CHESTER LE STREET PCN,U77096,SACRISTON MEDICAL CENTRE,,,,,,10797
202409,QHM,84H00,CHESTER LE STREET PCN,U77096,VILLAGES MEDICAL GROUP,,,,,,4180
202409,QHM,84H00,CLAYPATH & UNIVERSITY MEDICAL GROUP PCN,U38486,CLAYPATH & UNIVERSITY MEDICAL GROUP,,,,,,31180
202409,QHM,84H00,DERWENTSIDE PCN,U70497,ANNFIELD PLAIN SURGERY,,,,,,3593
202409,QHM,84H00,DERWENTSIDE PCN,U70497,BROWNEY HOUSE SURGERY,,,,,,2662
202409,QHM,84H00,DERWENTSIDE PCN,U70497,CEDARS MEDICAL GROUP,,,,,,6117
202409,QHM,84H00,DERWENTSIDE PCN,U70497,CONSETT MEDICAL CENTRE,Chloral hydrate (0401010B0),2,488.5248,30,30,16932
202409,QHM,84H00,DERWENTSIDE PCN,U70497,DRS LAMBERT & NG,,,,,,5282
202409,QHM,84H00,DERWENTSIDE PCN,U70497,LANCHESTER MEDICAL CENTRE,,,,,,4146
202409,QHM,84H00,DERWENTSIDE PCN,U70497,LEADGATE SURGERY,,,,,,5932
202409,QHM,84H00,DERWENTSIDE PCN,U70497,OAKFIELDS HEALTH GROUP,,,,,,7634
202409,QHM,84H00,DERWENTSIDE PCN,U70497,QUEENS ROAD SURGERY,,,,,,16039
202409,QHM,84H00,DERWENTSIDE PCN,U70497,STANLEY MEDICAL GROUP,,,,,,12412
202409,QHM,84H00,DERWENTSIDE PCN,U70497,TANFIELD VIEW MEDICAL GROUP,Chloral hydrate (0401010B0),1,488.5124,30,30,10835
202409,QHM,84H00,DERWENTSIDE PCN,U70497,THE HAVEN SURGERY,,,,,,1715
202409,QHM,84H00,DURHAM COAST PCN,U26864,BEVAN MEDICAL GROUP,,,,,,8506
202409,QHM,84H00,DURHAM COAST PCN,U26864,EAST DURHAM MEDICAL GROUP,,,,,,18264
202409,QHM,84H00,DURHAM COAST PCN,U26864,SOUTHDENE MEDICAL CENTRE,,,,,,3428
202409,QHM,84H00,DURHAM COAST PCN,U26864,WINGATE MEDICAL PRACTICE INTRAHEALTH,,,,,,3479
202409,QHM,84H00,DURHAM EAST PCN,U53962,BELMONT & SHERBURN MEDICAL GROUP,,,,,,6229
202409,QHM,84H00,DURHAM EAST PCN,U53962,BOWBURN MEDICAL CENTRE,,,,,,4418
202409,QHM,84H00,DURHAM EAST PCN,U53962,CHEVELEY PARK MEDICAL CTR,,,,,,5029
202409,QHM,84H00,DURHAM EAST PCN,U53962,COXHOE MEDICAL PRACTICE,,,,,,7522
202409,QHM,84H00,DURHAM EAST PCN,U53962,WEST RAINTON SURGERY,,,,,,5482
202409,QHM,84H00,DURHAM WEST PCN,U01989,CHASTLETON MEDICAL GROUP,,,,,,10476
202409,QHM,84H00,DURHAM WEST PCN,U01989,DUNELM MEDICAL PRACTICE,,,,,,14315
202409,QHM,84H00,DURHAM WEST PCN,U01989,THE MEDICAL GROUP,,,,,,26713
202409,QHM,84H00,EASINGTON CENTRAL PCN,U14615,BLACKHALL AND PETERLEE PRACTICE,,,,,,10184
202409,QHM,84H00,EASINGTON CENTRAL PCN,U14615,THE HORDEN GROUP PRACTICE,,,,,,8227
202409,QHM,84H00,EASINGTON CENTRAL PCN,U14615,WILLIAM BROWN CENTRE,Chloral hydrate (0401010B0),1,244.2624,15,15,15692
202409,QHM,84H00,NORTH EASINGTON PCN,U81825,BYRON MEDICAL PRACTICE,Chloral hydrate (0401010B0),1,162.9424,10,10,8332
202409,QHM,84H00,NORTH EASINGTON PCN,U81825,MARLBOROUGH SURGERY,,,,,,11303
202409,QHM,84H00,NORTH EASINGTON PCN,U81825,MURTON MEDICAL CENTRE,,,,,,7333
202409,QHM,84H00,NORTH EASINGTON PCN,U81825,SILVERDALE FAMILY PRACTICE,,,,,,6598
202409,QHM,84H00,NORTH EASINGTON PCN,U81825,THE NEW SEAHAM MEDICAL GROUP,,,,,,4661
202409,QHM,84H00,SEDGEFIELD 1 PCN,U37593,BEWICK CRESCENT SURGERY,,,,,,13188
202409,QHM,84H00,SEDGEFIELD 1 PCN,U37593,HALLGARTH SURGERY,,,,,,5365
202409,QHM,84H00,SEDGEFIELD 1 PCN,U37593,JUBILEE MEDICAL GROUP,,,,,,12475
202409,QHM,84H00,SEDGEFIELD 1 PCN,U37593,PEASE WAY MEDICAL CENTRE,,,,,,12169
202409,QHM,84H00,SEDGEFIELD NORTH PCN,U12365,BISHOPS CLOSE MEDICAL PRACTICE,,,,,,8693
202409,QHM,84H00,SEDGEFIELD NORTH PCN,U12365,FERRYHILL AND CHILTON MEDICAL PRACTICE,,,,,,14906
202409,QHM,84H00,SEDGEFIELD NORTH PCN,U12365,SKERNE MEDICAL GROUP,Chloral hydrate (0401010B0),1,977.0124,60,60,16748
202409,QHM,84H00,SEDGEFIELD NORTH PCN,U12365,ST ANDREW'S MEDICAL PRACTICE,,,,,,15474
202409,QHM,84H00,SEDGEFIELD NORTH PCN,U12365,WEST CORNFORTH MEDICAL CENTRE,,,,,,2724
202409,QHM,84H00,TEESDALE PCN,U31619,BARNARD CASTLE SURGERY,,,,,,10871
202409,QHM,84H00,TEESDALE PCN,U31619,EVENWOOD MEDICAL PRACTICE,,,,,,2239
202409,QHM,84H00,TEESDALE PCN,U31619,GAINFORD SURGERY,,,,,,3677
202409,QHM,84H00,TEESDALE PCN,U31619,OLD FORGE SURGERY,,,,,,2672
202409,QHM,84H00,TEESDALE PCN,U31619,PINFOLD MEDICAL PRACTICE,,,,,,2911
202409,QHM,84H00,TEESDALE PCN,U31619,WOODVIEW MEDICAL PRACTICE,,,,,,2565
202409,QHM,84H00,WEAR VALLEY PCN,U96202,NORTH HOUSE SURGERY,,,,,,13550
202409,QHM,84H00,WEAR VALLEY PCN,U96202,THE WEARDALE PRACTICE,,,,,,7198
202409,QHM,84H00,WEAR VALLEY PCN,U96202,WILLINGTON MEDICAL GROUP,,,,,,9216
202409,QHM,99C00,CRAMLINGTON SEATON VALLEY PCN,U24977,WOODLANDS PARK HEALTH CTR,,,,,,6468
202409,QHM,99C00,NORTH SHIELDS PCN,U91110,COLLINGWOOD HEALTH GROUP,,,,,,24401
202409,QHM,99C00,NORTH SHIELDS PCN,U91110,PRIORY MEDICAL GROUP,,,,,,15477
202409,QHM,99C00,NORTH SHIELDS PCN,U91110,REDBURN PARK MEDICAL CENTRE,,,,,,6132
202409,QHM,99C00,NORTH SHIELDS PCN,U91110,NELSON MEDICAL GROUP ( C 01-May-26 ),,,,,,5002
202409,QHM,99C00,NORTH TYNESIDE NORTH WEST PCN,U95193,LANE END SURGERY,,,,,,9522
202409,QHM,99C00,NORTH TYNESIDE NORTH WEST PCN,U95193,MALLARD MEDICAL PRACTICE,Chloral hydrate (0401010B0),1,488.5124,30,30,5401
202409,QHM,99C00,NORTH TYNESIDE NORTH WEST PCN,U95193,STEPHENSON PARK HEALTH GROUP,,,,,,17920
202409,QHM,99C00,NORTH TYNESIDE NORTH WEST PCN,U95193,SWARLAND AVENUE SURGERY,,,,,,6726
202409,QHM,99C00,NORTH TYNESIDE NORTH WEST PCN,U95193,WELLSPRING MEDICAL PRACT.,,,,,,6441
202409,QHM,99C00,NORTH TYNESIDE NORTH WEST PCN,U95193,WEST FARM SURGERY,,,,,,6028
202409,QHM,99C00,NORTH TYNESIDE NORTH WEST PCN,U95193,WIDEOPEN MEDICAL CENTRE,,,,,,7549
202409,QHM,99C00,NORTHUMBRIA PCN,U09980,NPC NORTH TYNESIDE - SPRING TERRACE,Chloral hydrate (0401010B0),20,914.168,56,56,5897
202409,QHM,99C00,WALLSEND PCN,U10386,BEWICKE MEDICAL CENTRE,,,,,,9350
202409,QHM,99C00,WALLSEND PCN,U10386,HADRIAN HEALTH CENTRE,,,,,,20798
202409,QHM,99C00,WALLSEND PCN,U10386,THE VILLAGE GREEN SURGERY,,,,,,12794
202409,QHM,99C00,WHITLEY BAY PCN,U02739,BEAUMONT PARK SURGERY,,,,,,6514
202409,QHM,99C00,WHITLEY BAY PCN,U02739,BRIDGE AND MONKSEATON MEDICAL PRACTICE,,,,,,13343
202409,QHM,99C00,WHITLEY BAY PCN,U02739,MARINE AVENUE MEDICAL CTR,,,,,,8653
202409,QHM,99C00,WHITLEY BAY PCN,U02739,NORTHUMBERLAND PARK MEDICAL GROUP,,,,,,9568
202409,QHM,99C00,WHITLEY BAY PCN,U02739,WHITLEY BAY HEALTH CENTRE,,,,,,13616
202409,QHM,99C00,WHITLEY BAY PCN,U02739,49 MARINE AVENUE SURGERY ( C 01-May-26 ),,,,,,5871
202409,QHM,99C00,WHITLEY BAY PCN,U02739,PARK PARADE PRACTICE ( C 01-May-26 ),,,,,,4826
202410,QHM,00L00,BLYTH PCN,U25489,MARINE MEDICAL GROUP,,,,,,13602
202410,QHM,00L00,BLYTH PCN,U25489,RAILWAY MEDICAL GROUP,,,,,,27185
202410,QHM,00L00,CRAMLINGTON SEATON VALLEY PCN,U24977,FORUM FAMILY PRACTICE,,,,,,8882
202410,QHM,00L00,CRAMLINGTON SEATON VALLEY PCN,U24977,NETHERFIELD HOUSE,,,,,,5987
202410,QHM,00L00,CRAMLINGTON SEATON VALLEY PCN,U24977,VILLAGE MEDICAL GROUP,,,,,,11137
202410,QHM,00L00,DUMMY,-,RIVERSDALE SURGERY,,,,,,5960
202410,QHM,00L00,DUMMY,-,THE ADDERLANE SURGERY,,,,,,2149
202410,QHM,00L00,NORTHUMBRIA PCN,U09980,NPC AMBLE & BROOMHILL,,,,,,12148
202410,QHM,00L00,NORTHUMBRIA PCN,U09980,NPC CENTRAL NORTHUMBERLAND,,,,,,49972
202410,QHM,00L00,NORTHUMBRIA PCN,U09980,NPC CRAMLINGTON,,,,,,5347
202410,QHM,00L00,NORTHUMBRIA PCN,U09980,NPC ELSDON AVENUE,,,,,,4243
202410,QHM,00L00,NORTHUMBRIA PCN,U09980,NPC FELTON & WIDDRINGTON,,,,,,4565
202410,QHM,00L00,NORTHUMBRIA PCN,U09980,NPC HAYDON BRIDGE & ALLENDALE,,,,,,5277
202410,QHM,00L00,NORTHUMBRIA PCN,U09980,NPC PONTELAND,,,,,,10807
202410,QHM,00L00,NORTHUMBRIA PCN,U09980,NPC ROTHBURY,,,,,,6149
202410,QHM,00L00,WANSBECK PCN,U11112,BEDLINGTONSHIRE MED.GROUP,,,,,,12688
202410,QHM,00L00,WANSBECK PCN,U11112,GUIDEPOST MEDICAL GROUP,,,,,,8061
202410,QHM,00L00,WANSBECK PCN,U11112,SEATON PARK MEDICAL GROUP,,,,,,19581
202410,QHM,00L00,WANSBECK PCN,U11112,THE GABLES MEDICAL GROUP,,,,,,6343
202410,QHM,00L00,WELL UP NORTH PCN,U25545,ALNWICK MEDICAL GROUP,,,,,,18878
202410,QHM,00L00,WELL UP NORTH PCN,U25545,BELFORD MEDICAL PRACTICE,,,,,,4479
202410,QHM,00L00,WELL UP NORTH PCN,U25545,GAS HOUSE LANE SURGERY,Chloral hydrate (0401010B0),2,488.5248,30,30,7056
202410,QHM,00L00,WELL UP NORTH PCN,U25545,GREYSTOKE SURGERY,,,,,,10624
202410,QHM,00L00,WELL UP NORTH PCN,U25545,UNION BRAE & NORHAM PRAC,,,,,,7186
202410,QHM,00L00,WELL UP NORTH PCN,U25545,WELL CLOSE MEDICAL GROUP,,,,,,9187
202410,QHM,00L00,WELL UP NORTH PCN,U25545,WOOLER HEALTH,,,,,,4858
202410,QHM,00L00,WEST NORTHUMBERLAND PCN,U05512,BELLINGHAM PRACTICE,,,,,,3452
202410,QHM,00L00,WEST NORTHUMBERLAND PCN,U05512,BRANCH END SURGERY,,,,,,5368
202410,QHM,00L00,WEST NORTHUMBERLAND PCN,U05512,BURN BRAE MEDICAL GROUP,,,,,,10393
202410,QHM,00L00,WEST NORTHUMBERLAND PCN,U05512,CORBRIDGE HEALTH CENTRE,,,,,,7263
202410,QHM,00L00,WEST NORTHUMBERLAND PCN,U05512,HALTWHISTLE MEDICAL GROUP,,,,,,5585
202410,QHM,00L00,WEST NORTHUMBERLAND PCN,U05512,HUMSHAUGH & WARK MED GRP,,,,,,3452
202410,QHM,00L00,WEST NORTHUMBERLAND PCN,U05512,PRUDHOE MEDICAL GROUP,,,,,,6934
202410,QHM,00L00,WEST NORTHUMBERLAND PCN,U05512,SCOTS GAP MEDICAL GROUP,,,,,,2131
202410,QHM,00L00,WEST NORTHUMBERLAND PCN,U05512,THE SELE MEDICAL PRACTICE,,,,,,5848
202410,QHM,00L00,WEST NORTHUMBERLAND PCN,U05512,WHITE MEDICAL GROUP,,,,,,8554
202410,QHM,00N00,SOUTH TYNESIDE EAST PCN,U20256,FARNHAM MEDICAL CTR.,,,,,,16950
202410,QHM,00N00,SOUTH TYNESIDE EAST PCN,U20256,ST GEORGE & RIVERSIDE MEDICAL PRACTICE,,,,,,7388
202410,QHM,00N00,SOUTH TYNESIDE EAST PCN,U20256,TALBOT MEDICAL CENTRE,,,,,,7836
202410,QHM,00N00,SOUTH TYNESIDE EAST PCN,U20256,TRINITY MEDICAL CENTRE,,,,,,6493
202410,QHM,00N00,SOUTH TYNESIDE EAST PCN,U20256,WENLOCK ROAD SURGERY,,,,,,4423
202410,QHM,00N00,SOUTH TYNESIDE EAST PCN,U20256,WEST VIEW SURGERY,,,,,,2903
202410,QHM,00N00,SOUTH TYNESIDE SOUTH PCN,U89118,CENTRAL SURGERY,,,,,,19084
202410,QHM,00N00,SOUTH TYNESIDE SOUTH PCN,U89118,COLLIERY COURT MEDICAL GROUP,,,,,,8290
202410,QHM,00N00,SOUTH TYNESIDE SOUTH PCN,U89118,DR THORNILEY-WALKER & PARTNERS,,,,,,6070
202410,QHM,00N00,SOUTH TYNESIDE SOUTH PCN,U89118,IMEARY MEDICAL GROUP,,,,,,4253
202410,QHM,00N00,SOUTH TYNESIDE SOUTH PCN,U89118,MARSDEN MEDICAL GROUP,,,,,,22768
202410,QHM,00N00,SOUTH TYNESIDE SOUTH PCN,U89118,WHITBURN SURGERY,,,,,,5417
202410,QHM,00N00,SOUTH TYNESIDE WEST PCN,U37826,ALBERT ROAD SURGERY,,,,,,3356
202410,QHM,00N00,SOUTH TYNESIDE WEST PCN,U37826,EAST WING PRACTICE,,,,,,4259
202410,QHM,00N00,SOUTH TYNESIDE WEST PCN,U37826,ELLISON VIEW SURGERY,,,,,,6106
202410,QHM,00N00,SOUTH TYNESIDE WEST PCN,U37826,MAYFIELD MEDICAL GROUP,,,,,,9100
202410,QHM,00N00,SOUTH TYNESIDE WEST PCN,U37826,RAVENSWORTH SURGERY,,,,,,5919
202410,QHM,00N00,SOUTH TYNESIDE WEST PCN,U37826,THE G.P.SUITE,,,,,,4451
202410,QHM,00N00,SOUTH TYNESIDE WEST PCN,U37826,THE GLEN MEDICAL GROUP,,,,,,11155
202410,QHM,00N00,SOUTH TYNESIDE WEST PCN,U37826,VICTORIA MEDICAL CENTRE,,,,,,3666
202410,QHM,00P00,COALFIELDS PCN,U69720,GRANGEWOOD SURGERY,,,,,,7416
202410,QHM,00P00,COALFIELDS PCN,U69720,HERRINGTON MEDICAL CENTRE,,,,,,9528
202410,QHM,00P00,COALFIELDS PCN,U69720,HETTON GROUP PRACTICE,,,,,,11844
202410,QHM,00P00,COALFIELDS PCN,U69720,"HOUGHTON MEDICAL GROUP,",,,,,,8324
202410,QHM,00P00,COALFIELDS PCN,U69720,KEPIER MEDICAL PRACTICE,,,,,,8529
202410,QHM,00P00,COALFIELDS PCN,U69720,WESTBOURNE MEDICAL GROUP,,,,,,6619
202410,QHM,00P00,DUMMY,-,PALLION PRIMARY CARE SERVICES,,,,,,34
202410,QHM,00P00,SUNDERLAND CENTRAL PCN,U05458,HAPPY HOUSE SURGERY,,,,,,8238
202410,QHM,00P00,SUNDERLAND CENTRAL PCN,U05458,NEW SILKSWORTH MEDICAL PRACTICE,,,,,,9200
202410,QHM,00P00,SUNDERLAND CENTRAL PCN,U05458,SPRINGWELL MEDICAL GROUP,,,,,,6406
202410,QHM,00P00,SUNDERLAND CENTRAL PCN,U05458,SUNDERLAND GP ALLIANCE SOUTH HYLTON SURG,,,,,,4580
202410,QHM,00P00,SUNDERLAND CENTRAL PCN,U05458,VILLAGE SURGERY PARTNERSHIP,,,,,,4769
202410,QHM,00P00,SUNDERLAND EAST PCN,U52297,ASHBURN MEDICAL CENTRE,,,,,,5318
202410,QHM,00P00,SUNDERLAND EAST PCN,U52297,DEERNESS PARK MEDICAL GROUP,,,,,,13507
202410,QHM,00P00,SUNDERLAND EAST PCN,U52297,PARK LANE PRACTICE,,,,,,4380
202410,QHM,00P00,SUNDERLAND EAST PCN,U52297,RIVERVIEW SURGERY,,,,,,6994
202410,QHM,00P00,SUNDERLAND EAST PCN,U52297,SOUTHLANDS MEDICAL GROUP,,,,,,10418
202410,QHM,00P00,SUNDERLAND EAST PCN,U52297,THE NEW CITY MEDICAL GROUP,,,,,,5595
202410,QHM,00P00,SUNDERLAND EAST PCN,U52297,VILLETTE SURGERY,,,,,,5759
202410,QHM,00P00,SUNDERLAND NORTH PCN,U43314,BRIDGE VIEW MEDICAL GROUP,,,,,,14994
202410,QHM,00P00,SUNDERLAND NORTH PCN,U43314,CASTLETOWN MEDICAL CENTRE,,,,,,2107
202410,QHM,00P00,SUNDERLAND NORTH PCN,U43314,"FULWELL MEDICAL CENTRE,",,,,,,9232
202410,QHM,00P00,SUNDERLAND NORTH PCN,U43314,MONKWEARMOUTH HEALTH CENTRE,,,,,,4669
202410,QHM,00P00,SUNDERLAND NORTH PCN,U43314,RED HOUSE MEDICAL CENTRE,,,,,,5527
202410,QHM,00P00,SUNDERLAND NORTH PCN,U43314,ST BEDE MEDICAL CENTRE,,,,,,9264
202410,QHM,00P00,SUNDERLAND WEST 1 PCN,U14646,CHESTER SURGERY,,,,,,2999
202410,QHM,00P00,SUNDERLAND WEST 1 PCN,U14646,FORGE MEDICAL PRACTICE,,,,,,8687
202410,QHM,00P00,SUNDERLAND WEST 1 PCN,U14646,HYLTON MEDICAL GROUP,,,,,,7103
202410,QHM,00P00,SUNDERLAND WEST 1 PCN,U14646,MILLFIELD MEDICAL GROUP,,,,,,14646
202410,QHM,00P00,SUNDERLAND WEST 1 PCN,U14646,PALLION FAMILY PRACTICE,,,,,,10164
202410,QHM,00P00,SUNDERLAND WEST 1 PCN,U14646,THE BROADWAY MEDICAL PRACTICE,,,,,,7575
202410,QHM,00P00,SUNDERLAND WEST 1 PCN,U14646,WEARSIDE MEDICAL PRACTICE - PALLION,,,,,,8200
202410,QHM,00P00,WASHINGTON PCN,U61868,CONCORD MEDICAL PRACTICE,,,,,,5224
202410,QHM,00P00,WASHINGTON PCN,U61868,GALLERIES MEDICAL PRACTICE,,,,,,11398
202410,QHM,00P00,WASHINGTON PCN,U61868,I J HEALTHCARE,,,,,,3657
202410,QHM,00P00,WASHINGTON PCN,U61868,NEW WASHINGTON MEDICAL GROUP,,,,,,7258
202410,QHM,00P00,WASHINGTON PCN,U61868,RICKLETON MEDICAL CENTRE,,,,,,2723
202410,QHM,00P00,WASHINGTON PCN,U61868,SUNDERLAND GP ALLIANCE MEDICAL PRACTICE,,,,,,10189
202410,QHM,00P00,WASHINGTON PCN,U61868,THE STEPHENSON MEDICAL PRACTICE,,,,,,12382
202410,QHM,01H00,CARLISLE HEALTHCARE PCN,U92223,BRAMPTON MEDICAL PRACTICE,,,,,,16772
202410,QHM,01H00,CARLISLE HEALTHCARE PCN,U92223,CARLISLE HEALTHCARE,,,,,,39323
202410,QHM,01H00,CARLISLE HEALTHCARE PCN,U92223,LONGTOWN MEDICAL CENTRE,,,,,,3833
202410,QHM,01H00,CARLISLE HEALTHCARE PCN,U92223,SPENCER ST SURGERY,,,,,,13497
202410,QHM,01H00,CARLISLE PCN,U66688,CARLISLE CENTRAL PRACTICE,,,,,,13677
202410,QHM,01H00,CARLISLE PCN,U66688,EDEN MEDICAL GROUP,,,,,,16205
202410,QHM,01H00,CARLISLE PCN,U66688,WARWICK SQUARE GROUP PRACTICE,,,,,,7733
202410,QHM,01H00,CARLISLE PCN,U66688,FUSEHILL MEDICAL PRACTICE ( C 01-May-25 ),,,,,,1
202410,QHM,01H00,COCKERMOUTH & MARYPORT PCN,U76572,CASTLEGATE AND DERWENT SURGERY,,,,,,18228
202410,QHM,01H00,COCKERMOUTH & MARYPORT PCN,U76572,MARYPORT HEALTH SERVICES,,,,,,13803
202410,QHM,01H00,COPELAND HAVEN PCN,U94879,DISTINGTON SURGERY,,,,,,6267
202410,QHM,01H00,COPELAND HAVEN PCN,U94879,MANSION HOUSE SURGERY,,,,,,7483
202410,QHM,01H00,COPELAND HAVEN PCN,U94879,WESTCROFT HOUSE SURGERY,,,,,,6061
202410,QHM,01H00,COPELAND PCN,U48302,FELLVIEW HEALTHCARE,,,,,,23224
202410,QHM,01H00,COPELAND PCN,U48302,LOWTHER MEDICAL CENTRE,,,,,,13940
202410,QHM,01H00,COPELAND PCN,U48302,SEASCALE HEALTH CENTRE,,,,,,5956
202410,QHM,01H00,EDEN (CUMBRIA) PCN,U08085,ALSTON MEDICAL PRACTICE,,,,,,2217
202410,QHM,01H00,EDEN (CUMBRIA) PCN,U08085,APPLEBY MEDICAL PRACTICE,,,,,,5094
202410,QHM,01H00,EDEN (CUMBRIA) PCN,U08085,BIRBECK MEDICAL GROUP,,,,,,14576
202410,QHM,01H00,EDEN (CUMBRIA) PCN,U08085,COURT THORN SURGERY,,,,,,3744
202410,QHM,01H00,EDEN (CUMBRIA) PCN,U08085,GLENRIDDING HEALTH CENTRE,,,,,,943
202410,QHM,01H00,EDEN (CUMBRIA) PCN,U08085,KIRKOSWALD SURGERY,,,,,,2741
202410,QHM,01H00,EDEN (CUMBRIA) PCN,U08085,SHAP MEDICAL PRACTICE,,,,,,3272
202410,QHM,01H00,EDEN (CUMBRIA) PCN,U08085,TEMPLE SOWERBY MEDICAL PRACTICE,,,,,,4681
202410,QHM,01H00,EDEN (CUMBRIA) PCN,U08085,THE LAKES MEDICAL PRACTICE,,,,,,11398
202410,QHM,01H00,EDEN (CUMBRIA) PCN,U08085,UPPER EDEN MEDICAL PRACTICE,,,,,,6603
202410,QHM,01H00,KESWICK & SOLWAY PCN,U25680,ASPATRIA MEDICAL GROUP,,,,,,7093
202410,QHM,01H00,KESWICK & SOLWAY PCN,U25680,CALDBECK SURGERY,,,,,,4321
202410,QHM,01H00,KESWICK & SOLWAY PCN,U25680,CASTLEHEAD MEDICAL CENTRE,,,,,,8293
202410,QHM,01H00,KESWICK & SOLWAY PCN,U25680,DALSTON MEDICAL GROUP,,,,,,5104
202410,QHM,01H00,KESWICK & SOLWAY PCN,U25680,SILLOTH GROUP MEDICAL PRACTICE,,,,,,4397
202410,QHM,01H00,KESWICK & SOLWAY PCN,U25680,THE CROFT SURGERY,,,,,,3478
202410,QHM,01H00,KESWICK & SOLWAY PCN,U25680,WIGTON GROUP MEDICAL PRACTICE,,,,,,9067
202410,QHM,01H00,WORKINGTON PCN,U67303,JAMES STREET GROUP PRACT,,,,,,33171
202410,QHM,13T00,BIRTLEY AND CENTRAL GATESHEAD PCN,U76028,BIRTLEY MEDICAL GROUP,,,,,,15357
202410,QHM,13T00,BIRTLEY AND CENTRAL GATESHEAD PCN,U76028,OXFORD TCE & RAWLING RD MEDICAL GROUP,,,,,,17762
202410,QHM,13T00,BIRTLEY AND CENTRAL GATESHEAD PCN,U76028,SECOND STREET SURGERY,,,,,,4813
202410,QHM,13T00,BIRTLEY AND CENTRAL GATESHEAD PCN,U76028,THE BRIDGES MEDICAL PRACTICE,,,,,,8110
202410,QHM,13T00,GATESHEAD CENTRAL SOUTH PCN,U91254,BEACON VIEW MEDICAL CENTRE,,,,,,5673
202410,QHM,13T00,GATESHEAD CENTRAL SOUTH PCN,U91254,BENSHAM FAMILY PRACTICE,,,,,,3910
202410,QHM,13T00,GATESHEAD CENTRAL SOUTH PCN,U91254,BEWICK ROAD SURGERY,,,,,,8103
202410,QHM,13T00,GATESHEAD CENTRAL SOUTH PCN,U91254,CENTRAL GATESHEAD MEDICAL GROUP,,,,,,10658
202410,QHM,13T00,GATESHEAD CENTRAL SOUTH PCN,U91254,FELL COTTAGE SURGERY,,,,,,8636
202410,QHM,13T00,GATESHEAD CENTRAL SOUTH PCN,U91254,FELL TOWER MEDICAL CENTRE,,,,,,7566
202410,QHM,13T00,GATESHEAD CENTRAL SOUTH PCN,U91254,MILLENNIUM FAMILY PRACTICE,,,,,,3946
202410,QHM,13T00,GATESHEAD CENTRAL SOUTH PCN,U91254,WREKENTON MEDICAL GROUP,,,,,,12130
202410,QHM,13T00,GATESHEAD EAST PCN,U13720,CROWHALL MEDICAL CENTRE,,,,,,6452
202410,QHM,13T00,GATESHEAD EAST PCN,U13720,LONGRIGG MEDICAL CENTRE,,,,,,10270
202410,QHM,13T00,GATESHEAD EAST PCN,U13720,PELAW MEDICAL PRACTICE,,,,,,5415
202410,QHM,13T00,GATESHEAD EAST PCN,U13720,ST. ALBANS MEDICAL GROUP,,,,,,7376
202410,QHM,13T00,GATESHEAD INNER WEST PCN,U33691,CHAINBRIDGE MEDICAL PARTNERSHIP,,,,,,11478
202410,QHM,13T00,GATESHEAD INNER WEST PCN,U33691,GLENPARK & TEAMS MEDICAL SERVICES,,,,,,9013
202410,QHM,13T00,GATESHEAD INNER WEST PCN,U33691,SUNNISIDE SURGERY,,,,,,3814
202410,QHM,13T00,GATESHEAD INNER WEST PCN,U33691,WHICKHAM COTTAGE MEDICAL CENTRE,,,,,,15666
202410,QHM,13T00,GATESHEAD INNER WEST PCN,U33691,TEAMS MEDICAL PRACTICE ( C 01-May-26 ),,,,,,5484
202410,QHM,13T00,GATESHEAD OUTER WEST PCN,U41930,CHOPWELL PRIMARY HEALTHCARE CENTRE,,,,,,2579
202410,QHM,13T00,GATESHEAD OUTER WEST PCN,U41930,CRAWCROOK MEDICAL CENTRE,,,,,,20413
202410,QHM,13T00,GATESHEAD OUTER WEST PCN,U41930,HOLLYHURST MEDICAL CENTRE,,,,,,4804
202410,QHM,13T00,GATESHEAD OUTER WEST PCN,U41930,OLDWELL SURGERY,,,,,,4757
202410,QHM,13T00,JESMOND - LOWER GOSFORTH PCN,U34146,JESMOND HEALTH PARTNERSHIP,,,,,,27218
202410,QHM,13T00,JESMOND - LOWER GOSFORTH PCN,U34146,ROSEWORTH SURGERY,,,,,,5796
202410,QHM,13T00,JESMOND - LOWER GOSFORTH PCN,U34146,THE GROVE MEDICAL GROUP,,,,,,13281
202410,QHM,13T00,NEWCASTLE CENTRAL HEALTH PCN,U43524,SAVILLE MEDICAL GROUP,,,,,,42855
202410,QHM,13T00,NEWCASTLE EAST PCN,U17849,BENFIELD PARK MEDICAL GROUP,,,,,,10172
202410,QHM,13T00,NEWCASTLE EAST PCN,U17849,BIDDLESTONE HEALTH GROUP,,,,,,10642
202410,QHM,13T00,NEWCASTLE EAST PCN,U17849,HEATON ROAD SURGERY,,,,,,7384
202410,QHM,13T00,NEWCASTLE EAST PCN,U17849,NEWCASTLE MEDICAL CENTRE,,,,,,21775
202410,QHM,13T00,NEWCASTLE EAST PCN,U17849,ST.ANTHONY'S HEALTH CENTRE,,,,,,6692
202410,QHM,13T00,NEWCASTLE EAST PCN,U17849,THORNFIELD MEDICAL GROUP,,,,,,20448
202410,QHM,13T00,NEWCASTLE EAST PCN,U17849,WALKER MEDICAL GROUP,,,,,,10642
202410,QHM,13T00,NEWCASTLE INNER WEST PCN,U45898,BETTS AVENUE MEDICAL GROUP,,,,,,10839
202410,QHM,13T00,NEWCASTLE INNER WEST PCN,U45898,DILSTON MEDICAL CENTRE,,,,,,9583
202410,QHM,13T00,NEWCASTLE INNER WEST PCN,U45898,ELSWICK FAMILY PRACTICE,,,,,,8168
202410,QHM,13T00,NEWCASTLE INNER WEST PCN,U45898,FENHAM HALL SURGERY,,,,,,10627
202410,QHM,13T00,NEWCASTLE INNER WEST PCN,U45898,PROSPECT MEDICAL CENTRE,,,,,,15096
202410,QHM,13T00,NEWCASTLE OUTER WEST PCN,U87170,DENTON PARK MEDICAL GROUP,,,,,,7408
202410,QHM,13T00,NEWCASTLE OUTER WEST PCN,U87170,DENTON TURRET MEDICAL CENTRE,Chloral hydrate (0401010B0),1,488.5124,30,30,9066
202410,QHM,13T00,NEWCASTLE OUTER WEST PCN,U87170,NEWBURN SURGERY,,,,,,6133
202410,QHM,13T00,NEWCASTLE OUTER WEST PCN,U87170,PARKWAY MEDICAL GROUP,,,,,,8451
202410,QHM,13T00,NEWCASTLE OUTER WEST PCN,U87170,THROCKLEY PRIMARY CARE CENTRE,,,,,,7330
202410,QHM,13T00,NEWCASTLE OUTER WEST PCN,U87170,WESTERHOPE MEDICAL GROUP,,,,,,13607
202410,QHM,13T00,NORTH GOSFORTH PCN,U70624,BRUNTON PARK,Chloral hydrate (0401010B0),2,488.5248,30,30,8241
202410,QHM,13T00,NORTH GOSFORTH PCN,U70624,PARK MEDICAL GROUP,,,,,,13267
202410,QHM,13T00,NORTH GOSFORTH PCN,U70624,REGENT MEDICAL CENTRE,,,,,,7601
202410,QHM,13T00,WEST END FAMILY HEALTH PCN,U44695,CRUDDAS PARK SURGERY,,,,,,11603
202410,QHM,13T00,WEST END FAMILY HEALTH PCN,U44695,HOLMSIDE MEDICAL GROUP,,,,,,10123
202410,QHM,13T00,WEST END FAMILY HEALTH PCN,U44695,WEST ROAD MEDICAL CENTRE,,,,,,12436
202410,QHM,16C00,BILLINGHAM & NORTON PCN,U94460,DR RASOOL,,,,,,2239
202410,QHM,16C00,BILLINGHAM & NORTON PCN,U94460,KINGSWAY MEDICAL CENTRE,,,,,,9720
202410,QHM,16C00,BILLINGHAM & NORTON PCN,U94460,MARSH HOUSE MEDICAL PRACTICE,,,,,,8538
202410,QHM,16C00,BILLINGHAM & NORTON PCN,U94460,MELROSE SURGERY,,,,,,2431
202410,QHM,16C00,BILLINGHAM & NORTON PCN,U94460,NORTON MEDICAL CENTRE,,,,,,16527
202410,QHM,16C00,BILLINGHAM & NORTON PCN,U94460,QUEENSTREE PRACTICE,,,,,,4135
202410,QHM,16C00,BILLINGHAM & NORTON PCN,U94460,THE ROSEBERRY PRACTICE,,,,,,7983
202410,QHM,16C00,BYTES PCN,U63844,EAGLESCLIFFE MEDICAL PRACTICE,,,,,,12347
202410,QHM,16C00,BYTES PCN,U63844,PARK LANE SURGERY,,,,,,5342
202410,QHM,16C00,BYTES PCN,U63844,THORNABY & BARWICK MEDICAL GROUP,,,,,,21045
202410,QHM,16C00,BYTES PCN,U63844,YARM MEDICAL PRACTICE,,,,,,14837
202410,QHM,16C00,CENTRAL MIDDLESBROUGH PCN,U55830,MARTONSIDE MEDICAL CENTRE,,,,,,7925
202410,QHM,16C00,CENTRAL MIDDLESBROUGH PCN,U55830,PARK SURGERY,,,,,,12102
202410,QHM,16C00,CENTRAL MIDDLESBROUGH PCN,U55830,PROSPECT SURGERY,,,,,,7335
202410,QHM,16C00,CENTRAL MIDDLESBROUGH PCN,U55830,THE DISCOVERY PRACTICE,,,,,,8816
202410,QHM,16C00,CENTRAL MIDDLESBROUGH PCN,U55830,THE ENDEAVOUR PRACTICE,,,,,,9017
202410,QHM,16C00,CENTRAL MIDDLESBROUGH PCN,U55830,THE ERIMUS PRACTICE,,,,,,6801
202410,QHM,16C00,CENTRAL MIDDLESBROUGH PCN,U55830,THORNTREE SURGERY,,,,,,2745
202410,QHM,16C00,DARLINGTON PCN,U45102,BLACKETTS MEDICAL PRACTICE,,,,,,11239
202410,QHM,16C00,DARLINGTON PCN,U45102,CARMEL MEDICAL PRACTICE,Chloral hydrate (0401010B0),3,1954.0372,109.299,109.299,11588
202410,QHM,16C00,DARLINGTON PCN,U45102,CLIFTON COURT MEDICAL PRACTICE,,,,,,12294
202410,QHM,16C00,DARLINGTON PCN,U45102,DENMARK STREET SURGERY,,,,,,15122
202410,QHM,16C00,DARLINGTON PCN,U45102,MIDDLETON AND DINSDALE MEDICAL PRACTICE,,,,,,5846
202410,QHM,16C00,DARLINGTON PCN,U45102,MOORLANDS SURGERY,,,,,,13227
202410,QHM,16C00,DARLINGTON PCN,U45102,NEASHAM ROAD SURGERY,,,,,,13364
202410,QHM,16C00,DARLINGTON PCN,U45102,ORCHARD COURT SURGERY,,,,,,8621
202410,QHM,16C00,DARLINGTON PCN,U45102,PARKGATE SURGERY,,,,,,4826
202410,QHM,16C00,DARLINGTON PCN,U45102,ROCKLIFFE COURT SURGERY,,,,,,6226
202410,QHM,16C00,DARLINGTON PCN,U45102,WHINFIELD MEDICAL PRACTICE,,,,,,12165
202410,QHM,16C00,DUMMY,-,THE RIDGEWAY HEALTH CENTRE,,,,,,27
202410,QHM,16C00,EAST CLEVELAND PCN,U07842,BROTTON SURGERY,,,,,,7557
202410,QHM,16C00,EAST CLEVELAND PCN,U07842,HILLSIDE PRACTICE,,,,,,9400
202410,QHM,16C00,EAST CLEVELAND PCN,U07842,SPRINGWOOD SURGERY,,,,,,7772
202410,QHM,16C00,EAST CLEVELAND PCN,U07842,THE GARTH,,,,,,11460
202410,QHM,16C00,EAST CLEVELAND PCN,U07842,WOODSIDE SURGERY,,,,,,5929
202410,QHM,16C00,ESTON PCN,U85257,CAMBRIDGE MEDICAL GROUP,,,,,,7356
202410,QHM,16C00,ESTON PCN,U85257,NORMANBY MEDICAL CENTRE,Chloral hydrate (0401010B0),1,488.5124,30,30,22872
202410,QHM,16C00,ESTON PCN,U85257,SOUTH GRANGE MEDICAL GROUP PRACTICE,,,,,,15268
202410,QHM,16C00,ESTON PCN,U85257,THE ESTON SURGERY ( D 01-Oct-25 ),,,,,,3775
202410,QHM,16C00,GREATER MIDDLESBROUGH PCN,U02671,ACKLAM MEDICAL CENTRE,Chloral hydrate (0401010B0),3,2442.5372,150,150,11323
202410,QHM,16C00,GREATER MIDDLESBROUGH PCN,U02671,COULBY MEDICAL PRACTICE,,,,,,9253
202410,QHM,16C00,GREATER MIDDLESBROUGH PCN,U02671,CROSSFELL HEALTH CENTRE,,,,,,8959
202410,QHM,16C00,GREATER MIDDLESBROUGH PCN,U02671,HIRSEL MEDICAL CENTRE,,,,,,3808
202410,QHM,16C00,GREATER MIDDLESBROUGH PCN,U02671,KINGS MEDICAL CENTRE,,,,,,6518
202410,QHM,16C00,GREATER MIDDLESBROUGH PCN,U02671,NEWLANDS MEDICAL CENTRE,,,,,,9854
202410,QHM,16C00,GREATER MIDDLESBROUGH PCN,U02671,PARKWAY MEDICAL CENTRE,,,,,,9169
202410,QHM,16C00,GREATER MIDDLESBROUGH PCN,U02671,WESTBOURNE MEDICAL CENTRE,,,,,,5572
202410,QHM,16C00,HARTLEPOOL HEALTH PCN,U40502,MCKENZIE GROUP PRACTICE,,,,,,6183
202410,QHM,16C00,HARTLEPOOL HEALTH PCN,U40502,MCKENZIE HOUSE SURGERY,Chloral hydrate (0401010B0),1,911.9824,56,56,18868
202410,QHM,16C00,HARTLEPOOL HEALTH PCN,U40502,THE HEADLAND MEDICAL CENTRE,,,,,,5358
202410,QHM,16C00,HARTLEPOOL PCN,U70212,GLADSTONE HOUSE SURGERY,,,,,,5735
202410,QHM,16C00,HARTLEPOOL PCN,U70212,HART MEDICAL PRACTICE,,,,,,9402
202410,QHM,16C00,HARTLEPOOL PCN,U70212,THE PATEL PRACTICE,,,,,,3968
202410,QHM,16C00,HARTLEPOOL PCN,U70212,WEST QUAY MEDICAL PRACTICE,,,,,,6197
202410,QHM,16C00,HARTLEPOOL PCN,U70212,WEST VIEW MILLENIUM SURGERY A,,,,,,7535
202410,QHM,16C00,HOLGATE PCN,U85008,BOROUGH ROAD & NUNTHORPE MEDICAL GROUP,,,,,,16441
202410,QHM,16C00,HOLGATE PCN,U85008,LINTHORPE SURGERY,,,,,,20990
202410,QHM,16C00,HOLGATE PCN,U85008,VILLAGE MEDICAL CENTRE,,,,,,8287
202410,QHM,16C00,NORTH STOCKTON PCN,U07032,ALMA MEDICAL CENTRE,Chloral hydrate (0401010B0),1,732.7624,45,45,11066
202410,QHM,16C00,NORTH STOCKTON PCN,U07032,QUEENS PARK MEDICAL CENTRE,,,,,,18752
202410,QHM,16C00,NORTH STOCKTON PCN,U07032,TENNANT STREET MEDICAL PRACTICE,,,,,,14725
202410,QHM,16C00,ONE LIFE HARTLEPOOL PCN,U27349,BANKHOUSE SURGERY,,,,,,10578
202410,QHM,16C00,ONE LIFE HARTLEPOOL PCN,U27349,CHADWICK PRACTICE,,,,,,11828
202410,QHM,16C00,ONE LIFE HARTLEPOOL PCN,U27349,HAVELOCK GRANGE PRACTICE,,,,,,13721
202410,QHM,16C00,REDCAR COASTAL PCN,U23714,BENTLEY MEDICAL PRACTICE,Chloral hydrate (0401010B0),1,488.5124,30,30,10189
202410,QHM,16C00,REDCAR COASTAL PCN,U23714,HUNTCLIFF SURGERY,Chloral hydrate (0401010B0),3,1628.5772,100,100,10107
202410,QHM,16C00,REDCAR COASTAL PCN,U23714,THE COATHAM ROAD SURGERY,Chloral hydrate (0401010B0),2,977.0248,60,60,6189
202410,QHM,16C00,REDCAR COASTAL PCN,U23714,THE GREEN HOUSE SURGERY,,,,,,10211
202410,QHM,16C00,REDCAR COASTAL PCN,U23714,THE RAVENSCAR SURGERY,,,,,,3329
202410,QHM,16C00,REDCAR COASTAL PCN,U23714,THE SALTSCAR SURGERY,,,,,,8571
202410,QHM,16C00,REDCAR COASTAL PCN,U23714,ZETLAND MEDICAL PRACTICE,,,,,,6957
202410,QHM,16C00,STOCKTON PCN,U89141,ELM TREE SURGERY,,,,,,13450
202410,QHM,16C00,STOCKTON PCN,U89141,RIVERSIDE MEDICAL PRACTICE,,,,,,6819
202410,QHM,16C00,STOCKTON PCN,U89141,THE ARRIVAL PRACTICE ( D 01-Jun-25 ),,,,,,3308
202410,QHM,16C00,STOCKTON PCN,U89141,THE DENSHAM SURGERY,,,,,,3884
202410,QHM,16C00,STOCKTON PCN,U89141,THE DOVECOT SURGERY,,,,,,4178
202410,QHM,16C00,STOCKTON PCN,U89141,WOODBRIDGE PRACTICE,,,,,,18409
202410,QHM,16C00,STOCKTON PCN,U89141,WOODLANDS FAMILY MEDICAL CENTRE,,,,,,12386
202410,QHM,84H00,BISHOP AUCKLAND PCN,U85067,AUCKLAND MEDICAL GROUP,,,,,,15875
202410,QHM,84H00,BISHOP AUCKLAND PCN,U85067,BISHOPGATE MEDICAL CENTRE,,,,,,13626
202410,QHM,84H00,BISHOP AUCKLAND PCN,U85067,STATION VIEW MEDICAL CENTRE,,,,,,9770
202410,QHM,84H00,CHESTER LE STREET PCN,U77096,BRIDGE END SURGERY,,,,,,7816
202410,QHM,84H00,CHESTER LE STREET PCN,U77096,CESTRIA HEALTH CENTRE,,,,,,12733
202410,QHM,84H00,CHESTER LE STREET PCN,U77096,GREAT LUMLEY SURGERY,,,,,,5291
202410,QHM,84H00,CHESTER LE STREET PCN,U77096,MIDDLE CHARE MEDICAL GROUP,Chloral hydrate (0401010B0),1,244.2624,15,15,9421
202410,QHM,84H00,CHESTER LE STREET PCN,U77096,PELTON & FELLROSE MEDICAL GROUP,,,,,,9935
202410,QHM,84H00,CHESTER LE STREET PCN,U77096,SACRISTON MEDICAL CENTRE,,,,,,10778
202410,QHM,84H00,CHESTER LE STREET PCN,U77096,VILLAGES MEDICAL GROUP,,,,,,4178
202410,QHM,84H00,CLAYPATH & UNIVERSITY MEDICAL GROUP PCN,U38486,CLAYPATH & UNIVERSITY MEDICAL GROUP,,,,,,32975
202410,QHM,84H00,DERWENTSIDE PCN,U70497,ANNFIELD PLAIN SURGERY,,,,,,3589
202410,QHM,84H00,DERWENTSIDE PCN,U70497,BROWNEY HOUSE SURGERY,,,,,,2664
202410,QHM,84H00,DERWENTSIDE PCN,U70497,CEDARS MEDICAL GROUP,,,,,,6125
202410,QHM,84H00,DERWENTSIDE PCN,U70497,CONSETT MEDICAL CENTRE,Chloral hydrate (0401010B0),1,244.2624,15,15,16920
202410,QHM,84H00,DERWENTSIDE PCN,U70497,DRS LAMBERT & NG,,,,,,5294
202410,QHM,84H00,DERWENTSIDE PCN,U70497,LANCHESTER MEDICAL CENTRE,,,,,,4152
202410,QHM,84H00,DERWENTSIDE PCN,U70497,LEADGATE SURGERY,,,,,,5907
202410,QHM,84H00,DERWENTSIDE PCN,U70497,OAKFIELDS HEALTH GROUP,,,,,,7644
202410,QHM,84H00,DERWENTSIDE PCN,U70497,QUEENS ROAD SURGERY,,,,,,16057
202410,QHM,84H00,DERWENTSIDE PCN,U70497,STANLEY MEDICAL GROUP,,,,,,12413
202410,QHM,84H00,DERWENTSIDE PCN,U70497,TANFIELD VIEW MEDICAL GROUP,Chloral hydrate (0401010B0),2,977.0248,60,60,10827
202410,QHM,84H00,DERWENTSIDE PCN,U70497,THE HAVEN SURGERY,,,,,,1722
202410,QHM,84H00,DUMMY,-,URGENT CARE CENTRE BISHOP AUCKLAND,Chloral hydrate (0401010B0),1,244.2624,15,15,
202410,QHM,84H00,DURHAM COAST PCN,U26864,BEVAN MEDICAL GROUP,,,,,,8526
202410,QHM,84H00,DURHAM COAST PCN,U26864,EAST DURHAM MEDICAL GROUP,,,,,,18294
202410,QHM,84H00,DURHAM COAST PCN,U26864,SOUTHDENE MEDICAL CENTRE,,,,,,3411
202410,QHM,84H00,DURHAM COAST PCN,U26864,WINGATE MEDICAL PRACTICE INTRAHEALTH,,,,,,3492
202410,QHM,84H00,DURHAM EAST PCN,U53962,BELMONT & SHERBURN MEDICAL GROUP,Chloral hydrate (0401010B0),1,244.2624,15,15,6245
202410,QHM,84H00,DURHAM EAST PCN,U53962,BOWBURN MEDICAL CENTRE,,,,,,4437
202410,QHM,84H00,DURHAM EAST PCN,U53962,CHEVELEY PARK MEDICAL CTR,,,,,,5036
202410,QHM,84H00,DURHAM EAST PCN,U53962,COXHOE MEDICAL PRACTICE,,,,,,7536
202410,QHM,84H00,DURHAM EAST PCN,U53962,WEST RAINTON SURGERY,,,,,,5489
202410,QHM,84H00,DURHAM WEST PCN,U01989,CHASTLETON MEDICAL GROUP,,,,,,10469
202410,QHM,84H00,DURHAM WEST PCN,U01989,DUNELM MEDICAL PRACTICE,,,,,,14410
202410,QHM,84H00,DURHAM WEST PCN,U01989,THE MEDICAL GROUP,,,,,,26707
202410,QHM,84H00,EASINGTON CENTRAL PCN,U14615,BLACKHALL AND PETERLEE PRACTICE,,,,,,10224
202410,QHM,84H00,EASINGTON CENTRAL PCN,U14615,THE HORDEN GROUP PRACTICE,,,,,,8247
202410,QHM,84H00,EASINGTON CENTRAL PCN,U14615,WILLIAM BROWN CENTRE,Chloral hydrate (0401010B0),3,732.7872,45,45,15680
202410,QHM,84H00,NORTH EASINGTON PCN,U81825,BYRON MEDICAL PRACTICE,,,,,,8337
202410,QHM,84H00,NORTH EASINGTON PCN,U81825,MARLBOROUGH SURGERY,,,,,,11296
202410,QHM,84H00,NORTH EASINGTON PCN,U81825,MURTON MEDICAL CENTRE,,,,,,7335
202410,QHM,84H00,NORTH EASINGTON PCN,U81825,SILVERDALE FAMILY PRACTICE,,,,,,6592
202410,QHM,84H00,NORTH EASINGTON PCN,U81825,THE NEW SEAHAM MEDICAL GROUP,,,,,,4664
202410,QHM,84H00,SEDGEFIELD 1 PCN,U37593,BEWICK CRESCENT SURGERY,,,,,,13151
202410,QHM,84H00,SEDGEFIELD 1 PCN,U37593,HALLGARTH SURGERY,,,,,,5375
202410,QHM,84H00,SEDGEFIELD 1 PCN,U37593,JUBILEE MEDICAL GROUP,,,,,,12509
202410,QHM,84H00,SEDGEFIELD 1 PCN,U37593,PEASE WAY MEDICAL CENTRE,,,,,,12154
202410,QHM,84H00,SEDGEFIELD NORTH PCN,U12365,BISHOPS CLOSE MEDICAL PRACTICE,,,,,,8697
202410,QHM,84H00,SEDGEFIELD NORTH PCN,U12365,FERRYHILL AND CHILTON MEDICAL PRACTICE,,,,,,14906
202410,QHM,84H00,SEDGEFIELD NORTH PCN,U12365,SKERNE MEDICAL GROUP,,,,,,16756
202410,QHM,84H00,SEDGEFIELD NORTH PCN,U12365,ST ANDREW'S MEDICAL PRACTICE,,,,,,15504
202410,QHM,84H00,SEDGEFIELD NORTH PCN,U12365,WEST CORNFORTH MEDICAL CENTRE,,,,,,2738
202410,QHM,84H00,TEESDALE PCN,U31619,BARNARD CASTLE SURGERY,,,,,,10883
202410,QHM,84H00,TEESDALE PCN,U31619,EVENWOOD MEDICAL PRACTICE,,,,,,2234
202410,QHM,84H00,TEESDALE PCN,U31619,GAINFORD SURGERY,,,,,,3677
202410,QHM,84H00,TEESDALE PCN,U31619,OLD FORGE SURGERY,,,,,,2663
202410,QHM,84H00,TEESDALE PCN,U31619,PINFOLD MEDICAL PRACTICE,,,,,,2899
202410,QHM,84H00,TEESDALE PCN,U31619,WOODVIEW MEDICAL PRACTICE,,,,,,2566
202410,QHM,84H00,WEAR VALLEY PCN,U96202,NORTH HOUSE SURGERY,,,,,,13557
202410,QHM,84H00,WEAR VALLEY PCN,U96202,THE WEARDALE PRACTICE,,,,,,7192
202410,QHM,84H00,WEAR VALLEY PCN,U96202,WILLINGTON MEDICAL GROUP,,,,,,9221
202410,QHM,99C00,CRAMLINGTON SEATON VALLEY PCN,U24977,WOODLANDS PARK HEALTH CTR,,,,,,6498
202410,QHM,99C00,NORTH SHIELDS PCN,U91110,COLLINGWOOD HEALTH GROUP,,,,,,24376
202410,QHM,99C00,NORTH SHIELDS PCN,U91110,PRIORY MEDICAL GROUP,,,,,,15456
202410,QHM,99C00,NORTH SHIELDS PCN,U91110,REDBURN PARK MEDICAL CENTRE,,,,,,6122
202410,QHM,99C00,NORTH SHIELDS PCN,U91110,NELSON MEDICAL GROUP ( C 01-May-26 ),,,,,,4987
202410,QHM,99C00,NORTH TYNESIDE NORTH WEST PCN,U95193,LANE END SURGERY,,,,,,9525
202410,QHM,99C00,NORTH TYNESIDE NORTH WEST PCN,U95193,MALLARD MEDICAL PRACTICE,Chloral hydrate (0401010B0),1,488.5124,30,30,5426
202410,QHM,99C00,NORTH TYNESIDE NORTH WEST PCN,U95193,STEPHENSON PARK HEALTH GROUP,,,,,,17912
202410,QHM,99C00,NORTH TYNESIDE NORTH WEST PCN,U95193,SWARLAND AVENUE SURGERY,,,,,,6729
202410,QHM,99C00,NORTH TYNESIDE NORTH WEST PCN,U95193,WELLSPRING MEDICAL PRACT.,,,,,,6463
202410,QHM,99C00,NORTH TYNESIDE NORTH WEST PCN,U95193,WEST FARM SURGERY,,,,,,6005
202410,QHM,99C00,NORTH TYNESIDE NORTH WEST PCN,U95193,WIDEOPEN MEDICAL CENTRE,,,,,,7543
202410,QHM,99C00,NORTHUMBRIA PCN,U09980,NPC NORTH TYNESIDE - SPRING TERRACE,Chloral hydrate (0401010B0),25,1142.71,70,70,5904
202410,QHM,99C00,WALLSEND PCN,U10386,BEWICKE MEDICAL CENTRE,,,,,,9347
202410,QHM,99C00,WALLSEND PCN,U10386,HADRIAN HEALTH CENTRE,,,,,,20863
202410,QHM,99C00,WALLSEND PCN,U10386,THE VILLAGE GREEN SURGERY,,,,,,12799
202410,QHM,99C00,WHITLEY BAY PCN,U02739,BEAUMONT PARK SURGERY,,,,,,6512
202410,QHM,99C00,WHITLEY BAY PCN,U02739,BRIDGE AND MONKSEATON MEDICAL PRACTICE,,,,,,13318
202410,QHM,99C00,WHITLEY BAY PCN,U02739,MARINE AVENUE MEDICAL CTR,,,,,,8678
202410,QHM,99C00,WHITLEY BAY PCN,U02739,NORTHUMBERLAND PARK MEDICAL GROUP,,,,,,9591
202410,QHM,99C00,WHITLEY BAY PCN,U02739,WHITLEY BAY HEALTH CENTRE,,,,,,13700
202410,QHM,99C00,WHITLEY BAY PCN,U02739,49 MARINE AVENUE SURGERY ( C 01-May-26 ),,,,,,5861
202410,QHM,99C00,WHITLEY BAY PCN,U02739,PARK PARADE PRACTICE ( C 01-May-26 ),,,,,,4819
202411,QHM,00L00,BLYTH PCN,U25489,MARINE MEDICAL GROUP,,,,,,13622
202411,QHM,00L00,BLYTH PCN,U25489,RAILWAY MEDICAL GROUP,,,,,,27159
202411,QHM,00L00,CRAMLINGTON SEATON VALLEY PCN,U24977,FORUM FAMILY PRACTICE,,,,,,8914
202411,QHM,00L00,CRAMLINGTON SEATON VALLEY PCN,U24977,NETHERFIELD HOUSE,,,,,,5990
202411,QHM,00L00,CRAMLINGTON SEATON VALLEY PCN,U24977,VILLAGE MEDICAL GROUP,,,,,,11193
202411,QHM,00L00,DUMMY,-,RIVERSDALE SURGERY,,,,,,5955
202411,QHM,00L00,DUMMY,-,THE ADDERLANE SURGERY,,,,,,2163
202411,QHM,00L00,NORTHUMBRIA PCN,U09980,NPC AMBLE & BROOMHILL,,,,,,12130
202411,QHM,00L00,NORTHUMBRIA PCN,U09980,NPC CENTRAL NORTHUMBERLAND,,,,,,49917
202411,QHM,00L00,NORTHUMBRIA PCN,U09980,NPC CRAMLINGTON,,,,,,5356
202411,QHM,00L00,NORTHUMBRIA PCN,U09980,NPC ELSDON AVENUE,,,,,,4251
202411,QHM,00L00,NORTHUMBRIA PCN,U09980,NPC FELTON & WIDDRINGTON,,,,,,4566
202411,QHM,00L00,NORTHUMBRIA PCN,U09980,NPC HAYDON BRIDGE & ALLENDALE,,,,,,5256
202411,QHM,00L00,NORTHUMBRIA PCN,U09980,NPC PONTELAND,,,,,,10784
202411,QHM,00L00,NORTHUMBRIA PCN,U09980,NPC ROTHBURY,,,,,,6156
202411,QHM,00L00,WANSBECK PCN,U11112,BEDLINGTONSHIRE MED.GROUP,,,,,,12705
202411,QHM,00L00,WANSBECK PCN,U11112,GUIDEPOST MEDICAL GROUP,,,,,,8058
202411,QHM,00L00,WANSBECK PCN,U11112,SEATON PARK MEDICAL GROUP,,,,,,19588
202411,QHM,00L00,WANSBECK PCN,U11112,THE GABLES MEDICAL GROUP,,,,,,6330
202411,QHM,00L00,WELL UP NORTH PCN,U25545,ALNWICK MEDICAL GROUP,,,,,,18874
202411,QHM,00L00,WELL UP NORTH PCN,U25545,BELFORD MEDICAL PRACTICE,,,,,,4491
202411,QHM,00L00,WELL UP NORTH PCN,U25545,GAS HOUSE LANE SURGERY,Chloral hydrate (0401010B0),1,244.2624,15,15,7094
202411,QHM,00L00,WELL UP NORTH PCN,U25545,GREYSTOKE SURGERY,,,,,,10646
202411,QHM,00L00,WELL UP NORTH PCN,U25545,UNION BRAE & NORHAM PRAC,,,,,,7180
202411,QHM,00L00,WELL UP NORTH PCN,U25545,WELL CLOSE MEDICAL GROUP,,,,,,9189
202411,QHM,00L00,WELL UP NORTH PCN,U25545,WOOLER HEALTH,,,,,,4840
202411,QHM,00L00,WEST NORTHUMBERLAND PCN,U05512,BELLINGHAM PRACTICE,,,,,,3445
202411,QHM,00L00,WEST NORTHUMBERLAND PCN,U05512,BRANCH END SURGERY,,,,,,5387
202411,QHM,00L00,WEST NORTHUMBERLAND PCN,U05512,BURN BRAE MEDICAL GROUP,,,,,,10403
202411,QHM,00L00,WEST NORTHUMBERLAND PCN,U05512,CORBRIDGE HEALTH CENTRE,,,,,,7278
202411,QHM,00L00,WEST NORTHUMBERLAND PCN,U05512,HALTWHISTLE MEDICAL GROUP,,,,,,5574
202411,QHM,00L00,WEST NORTHUMBERLAND PCN,U05512,HUMSHAUGH & WARK MED GRP,,,,,,3444
202411,QHM,00L00,WEST NORTHUMBERLAND PCN,U05512,PRUDHOE MEDICAL GROUP,,,,,,6926
202411,QHM,00L00,WEST NORTHUMBERLAND PCN,U05512,SCOTS GAP MEDICAL GROUP,,,,,,2142
202411,QHM,00L00,WEST NORTHUMBERLAND PCN,U05512,THE SELE MEDICAL PRACTICE,,,,,,5851
202411,QHM,00L00,WEST NORTHUMBERLAND PCN,U05512,WHITE MEDICAL GROUP,,,,,,8574
202411,QHM,00N00,SOUTH TYNESIDE EAST PCN,U20256,FARNHAM MEDICAL CTR.,,,,,,16991
202411,QHM,00N00,SOUTH TYNESIDE EAST PCN,U20256,ST GEORGE & RIVERSIDE MEDICAL PRACTICE,,,,,,7390
202411,QHM,00N00,SOUTH TYNESIDE EAST PCN,U20256,TALBOT MEDICAL CENTRE,,,,,,7828
202411,QHM,00N00,SOUTH TYNESIDE EAST PCN,U20256,TRINITY MEDICAL CENTRE,,,,,,6471
202411,QHM,00N00,SOUTH TYNESIDE EAST PCN,U20256,WENLOCK ROAD SURGERY,,,,,,4435
202411,QHM,00N00,SOUTH TYNESIDE EAST PCN,U20256,WEST VIEW SURGERY,,,,,,2893
202411,QHM,00N00,SOUTH TYNESIDE SOUTH PCN,U89118,CENTRAL SURGERY,,,,,,19092
202411,QHM,00N00,SOUTH TYNESIDE SOUTH PCN,U89118,COLLIERY COURT MEDICAL GROUP,,,,,,8304
202411,QHM,00N00,SOUTH TYNESIDE SOUTH PCN,U89118,DR THORNILEY-WALKER & PARTNERS,,,,,,6058
202411,QHM,00N00,SOUTH TYNESIDE SOUTH PCN,U89118,IMEARY MEDICAL GROUP,,,,,,4256
202411,QHM,00N00,SOUTH TYNESIDE SOUTH PCN,U89118,MARSDEN MEDICAL GROUP,,,,,,22772
202411,QHM,00N00,SOUTH TYNESIDE SOUTH PCN,U89118,WHITBURN SURGERY,,,,,,5415
202411,QHM,00N00,SOUTH TYNESIDE WEST PCN,U37826,ALBERT ROAD SURGERY,,,,,,3381
202411,QHM,00N00,SOUTH TYNESIDE WEST PCN,U37826,EAST WING PRACTICE,,,,,,4275
202411,QHM,00N00,SOUTH TYNESIDE WEST PCN,U37826,ELLISON VIEW SURGERY,,,,,,6101
202411,QHM,00N00,SOUTH TYNESIDE WEST PCN,U37826,MAYFIELD MEDICAL GROUP,,,,,,9095
202411,QHM,00N00,SOUTH TYNESIDE WEST PCN,U37826,RAVENSWORTH SURGERY,,,,,,5921
202411,QHM,00N00,SOUTH TYNESIDE WEST PCN,U37826,THE G.P.SUITE,,,,,,4440
202411,QHM,00N00,SOUTH TYNESIDE WEST PCN,U37826,THE GLEN MEDICAL GROUP,,,,,,11150
202411,QHM,00N00,SOUTH TYNESIDE WEST PCN,U37826,VICTORIA MEDICAL CENTRE,,,,,,3661
202411,QHM,00P00,COALFIELDS PCN,U69720,GRANGEWOOD SURGERY,,,,,,7400
202411,QHM,00P00,COALFIELDS PCN,U69720,HERRINGTON MEDICAL CENTRE,,,,,,9539
202411,QHM,00P00,COALFIELDS PCN,U69720,HETTON GROUP PRACTICE,,,,,,11834
202411,QHM,00P00,COALFIELDS PCN,U69720,"HOUGHTON MEDICAL GROUP,",,,,,,8357
202411,QHM,00P00,COALFIELDS PCN,U69720,KEPIER MEDICAL PRACTICE,,,,,,8541
202411,QHM,00P00,COALFIELDS PCN,U69720,WESTBOURNE MEDICAL GROUP,,,,,,6635
202411,QHM,00P00,DUMMY,-,PALLION PRIMARY CARE SERVICES,,,,,,33
202411,QHM,00P00,SUNDERLAND CENTRAL PCN,U05458,HAPPY HOUSE SURGERY,,,,,,8229
202411,QHM,00P00,SUNDERLAND CENTRAL PCN,U05458,NEW SILKSWORTH MEDICAL PRACTICE,,,,,,9202
202411,QHM,00P00,SUNDERLAND CENTRAL PCN,U05458,SPRINGWELL MEDICAL GROUP,,,,,,6401
202411,QHM,00P00,SUNDERLAND CENTRAL PCN,U05458,SUNDERLAND GP ALLIANCE SOUTH HYLTON SURG,,,,,,4581
202411,QHM,00P00,SUNDERLAND CENTRAL PCN,U05458,VILLAGE SURGERY PARTNERSHIP,,,,,,4782
202411,QHM,00P00,SUNDERLAND EAST PCN,U52297,ASHBURN MEDICAL CENTRE,,,,,,5344
202411,QHM,00P00,SUNDERLAND EAST PCN,U52297,DEERNESS PARK MEDICAL GROUP,,,,,,13513
202411,QHM,00P00,SUNDERLAND EAST PCN,U52297,PARK LANE PRACTICE,,,,,,4391
202411,QHM,00P00,SUNDERLAND EAST PCN,U52297,RIVERVIEW SURGERY,,,,,,7019
202411,QHM,00P00,SUNDERLAND EAST PCN,U52297,SOUTHLANDS MEDICAL GROUP,,,,,,10431
202411,QHM,00P00,SUNDERLAND EAST PCN,U52297,THE NEW CITY MEDICAL GROUP,,,,,,5617
202411,QHM,00P00,SUNDERLAND EAST PCN,U52297,VILLETTE SURGERY,,,,,,5747
202411,QHM,00P00,SUNDERLAND NORTH PCN,U43314,BRIDGE VIEW MEDICAL GROUP,,,,,,14981
202411,QHM,00P00,SUNDERLAND NORTH PCN,U43314,CASTLETOWN MEDICAL CENTRE,,,,,,2110
202411,QHM,00P00,SUNDERLAND NORTH PCN,U43314,"FULWELL MEDICAL CENTRE,",,,,,,9229
202411,QHM,00P00,SUNDERLAND NORTH PCN,U43314,MONKWEARMOUTH HEALTH CENTRE,,,,,,4669
202411,QHM,00P00,SUNDERLAND NORTH PCN,U43314,RED HOUSE MEDICAL CENTRE,,,,,,5537
202411,QHM,00P00,SUNDERLAND NORTH PCN,U43314,ST BEDE MEDICAL CENTRE,,,,,,9277
202411,QHM,00P00,SUNDERLAND WEST 1 PCN,U14646,CHESTER SURGERY,,,,,,3029
202411,QHM,00P00,SUNDERLAND WEST 1 PCN,U14646,FORGE MEDICAL PRACTICE,,,,,,8654
202411,QHM,00P00,SUNDERLAND WEST 1 PCN,U14646,HYLTON MEDICAL GROUP,,,,,,7121
202411,QHM,00P00,SUNDERLAND WEST 1 PCN,U14646,MILLFIELD MEDICAL GROUP,,,,,,14627
202411,QHM,00P00,SUNDERLAND WEST 1 PCN,U14646,PALLION FAMILY PRACTICE,,,,,,10172
202411,QHM,00P00,SUNDERLAND WEST 1 PCN,U14646,THE BROADWAY MEDICAL PRACTICE,,,,,,7589
202411,QHM,00P00,SUNDERLAND WEST 1 PCN,U14646,WEARSIDE MEDICAL PRACTICE - PALLION,,,,,,8177
202411,QHM,00P00,WASHINGTON PCN,U61868,CONCORD MEDICAL PRACTICE,,,,,,5227
202411,QHM,00P00,WASHINGTON PCN,U61868,GALLERIES MEDICAL PRACTICE,,,,,,11438
202411,QHM,00P00,WASHINGTON PCN,U61868,I J HEALTHCARE,,,,,,3647
202411,QHM,00P00,WASHINGTON PCN,U61868,NEW WASHINGTON MEDICAL GROUP,,,,,,7240
202411,QHM,00P00,WASHINGTON PCN,U61868,RICKLETON MEDICAL CENTRE,,,,,,2728
202411,QHM,00P00,WASHINGTON PCN,U61868,SUNDERLAND GP ALLIANCE MEDICAL PRACTICE,,,,,,10189
202411,QHM,00P00,WASHINGTON PCN,U61868,THE STEPHENSON MEDICAL PRACTICE,,,,,,12382
202411,QHM,01H00,CARLISLE HEALTHCARE PCN,U92223,BRAMPTON MEDICAL PRACTICE,,,,,,16740
202411,QHM,01H00,CARLISLE HEALTHCARE PCN,U92223,CARLISLE HEALTHCARE,,,,,,39451
202411,QHM,01H00,CARLISLE HEALTHCARE PCN,U92223,LONGTOWN MEDICAL CENTRE,,,,,,3847
202411,QHM,01H00,CARLISLE HEALTHCARE PCN,U92223,SPENCER ST SURGERY,,,,,,13502
202411,QHM,01H00,CARLISLE PCN,U66688,CARLISLE CENTRAL PRACTICE,,,,,,13669
202411,QHM,01H00,CARLISLE PCN,U66688,EDEN MEDICAL GROUP,,,,,,16112
202411,QHM,01H00,CARLISLE PCN,U66688,WARWICK SQUARE GROUP PRACTICE,,,,,,7739
202411,QHM,01H00,CARLISLE PCN,U66688,FUSEHILL MEDICAL PRACTICE ( C 01-May-25 ),,,,,,1
202411,QHM,01H00,COCKERMOUTH & MARYPORT PCN,U76572,CASTLEGATE AND DERWENT SURGERY,,,,,,18215
202411,QHM,01H00,COCKERMOUTH & MARYPORT PCN,U76572,MARYPORT HEALTH SERVICES,,,,,,13823
202411,QHM,01H00,COPELAND HAVEN PCN,U94879,DISTINGTON SURGERY,,,,,,6290
202411,QHM,01H00,COPELAND HAVEN PCN,U94879,MANSION HOUSE SURGERY,,,,,,7520
202411,QHM,01H00,COPELAND HAVEN PCN,U94879,WESTCROFT HOUSE SURGERY,,,,,,6080
202411,QHM,01H00,COPELAND PCN,U48302,FELLVIEW HEALTHCARE,,,,,,23227
202411,QHM,01H00,COPELAND PCN,U48302,LOWTHER MEDICAL CENTRE,,,,,,13930
202411,QHM,01H00,COPELAND PCN,U48302,SEASCALE HEALTH CENTRE,,,,,,5954
202411,QHM,01H00,EDEN (CUMBRIA) PCN,U08085,ALSTON MEDICAL PRACTICE,,,,,,2223
202411,QHM,01H00,EDEN (CUMBRIA) PCN,U08085,APPLEBY MEDICAL PRACTICE,,,,,,5108
202411,QHM,01H00,EDEN (CUMBRIA) PCN,U08085,BIRBECK MEDICAL GROUP,,,,,,14589
202411,QHM,01H00,EDEN (CUMBRIA) PCN,U08085,COURT THORN SURGERY,,,,,,3770
202411,QHM,01H00,EDEN (CUMBRIA) PCN,U08085,GLENRIDDING HEALTH CENTRE,,,,,,948
202411,QHM,01H00,EDEN (CUMBRIA) PCN,U08085,KIRKOSWALD SURGERY,,,,,,2735
202411,QHM,01H00,EDEN (CUMBRIA) PCN,U08085,SHAP MEDICAL PRACTICE,,,,,,3289
202411,QHM,01H00,EDEN (CUMBRIA) PCN,U08085,TEMPLE SOWERBY MEDICAL PRACTICE,,,,,,4675
202411,QHM,01H00,EDEN (CUMBRIA) PCN,U08085,THE LAKES MEDICAL PRACTICE,,,,,,11384
202411,QHM,01H00,EDEN (CUMBRIA) PCN,U08085,UPPER EDEN MEDICAL PRACTICE,,,,,,6587
202411,QHM,01H00,KESWICK & SOLWAY PCN,U25680,ASPATRIA MEDICAL GROUP,,,,,,7109
202411,QHM,01H00,KESWICK & SOLWAY PCN,U25680,CALDBECK SURGERY,,,,,,4311
202411,QHM,01H00,KESWICK & SOLWAY PCN,U25680,CASTLEHEAD MEDICAL CENTRE,,,,,,8309
202411,QHM,01H00,KESWICK & SOLWAY PCN,U25680,DALSTON MEDICAL GROUP,,,,,,5120
202411,QHM,01H00,KESWICK & SOLWAY PCN,U25680,SILLOTH GROUP MEDICAL PRACTICE,,,,,,4399
202411,QHM,01H00,KESWICK & SOLWAY PCN,U25680,THE CROFT SURGERY,,,,,,3495
202411,QHM,01H00,KESWICK & SOLWAY PCN,U25680,WIGTON GROUP MEDICAL PRACTICE,,,,,,9083
202411,QHM,01H00,WORKINGTON PCN,U67303,JAMES STREET GROUP PRACT,,,,,,33175
202411,QHM,13T00,BIRTLEY AND CENTRAL GATESHEAD PCN,U76028,BIRTLEY MEDICAL GROUP,,,,,,15352
202411,QHM,13T00,BIRTLEY AND CENTRAL GATESHEAD PCN,U76028,OXFORD TCE & RAWLING RD MEDICAL GROUP,,,,,,17789
202411,QHM,13T00,BIRTLEY AND CENTRAL GATESHEAD PCN,U76028,SECOND STREET SURGERY,,,,,,4767
202411,QHM,13T00,BIRTLEY AND CENTRAL GATESHEAD PCN,U76028,THE BRIDGES MEDICAL PRACTICE,,,,,,8119
202411,QHM,13T00,GATESHEAD CENTRAL SOUTH PCN,U91254,BEACON VIEW MEDICAL CENTRE,,,,,,5673
202411,QHM,13T00,GATESHEAD CENTRAL SOUTH PCN,U91254,BENSHAM FAMILY PRACTICE,,,,,,3906
202411,QHM,13T00,GATESHEAD CENTRAL SOUTH PCN,U91254,BEWICK ROAD SURGERY,,,,,,8189
202411,QHM,13T00,GATESHEAD CENTRAL SOUTH PCN,U91254,CENTRAL GATESHEAD MEDICAL GROUP,,,,,,10614
202411,QHM,13T00,GATESHEAD CENTRAL SOUTH PCN,U91254,FELL COTTAGE SURGERY,,,,,,8648
202411,QHM,13T00,GATESHEAD CENTRAL SOUTH PCN,U91254,FELL TOWER MEDICAL CENTRE,,,,,,7554
202411,QHM,13T00,GATESHEAD CENTRAL SOUTH PCN,U91254,MILLENNIUM FAMILY PRACTICE,,,,,,3935
202411,QHM,13T00,GATESHEAD CENTRAL SOUTH PCN,U91254,WREKENTON MEDICAL GROUP,,,,,,12145
202411,QHM,13T00,GATESHEAD EAST PCN,U13720,CROWHALL MEDICAL CENTRE,,,,,,6455
202411,QHM,13T00,GATESHEAD EAST PCN,U13720,LONGRIGG MEDICAL CENTRE,,,,,,10255
202411,QHM,13T00,GATESHEAD EAST PCN,U13720,PELAW MEDICAL PRACTICE,,,,,,5438
202411,QHM,13T00,GATESHEAD EAST PCN,U13720,ST. ALBANS MEDICAL GROUP,,,,,,7353
202411,QHM,13T00,GATESHEAD INNER WEST PCN,U33691,CHAINBRIDGE MEDICAL PARTNERSHIP,,,,,,11491
202411,QHM,13T00,GATESHEAD INNER WEST PCN,U33691,GLENPARK & TEAMS MEDICAL SERVICES,,,,,,9025
202411,QHM,13T00,GATESHEAD INNER WEST PCN,U33691,SUNNISIDE SURGERY,,,,,,3818
202411,QHM,13T00,GATESHEAD INNER WEST PCN,U33691,WHICKHAM COTTAGE MEDICAL CENTRE,,,,,,15655
202411,QHM,13T00,GATESHEAD INNER WEST PCN,U33691,TEAMS MEDICAL PRACTICE ( C 01-May-26 ),,,,,,5475
202411,QHM,13T00,GATESHEAD OUTER WEST PCN,U41930,CHOPWELL PRIMARY HEALTHCARE CENTRE,,,,,,2577
202411,QHM,13T00,GATESHEAD OUTER WEST PCN,U41930,CRAWCROOK MEDICAL CENTRE,,,,,,20399
202411,QHM,13T00,GATESHEAD OUTER WEST PCN,U41930,HOLLYHURST MEDICAL CENTRE,,,,,,4808
202411,QHM,13T00,GATESHEAD OUTER WEST PCN,U41930,OLDWELL SURGERY,,,,,,4770
202411,QHM,13T00,JESMOND - LOWER GOSFORTH PCN,U34146,JESMOND HEALTH PARTNERSHIP,,,,,,27406
202411,QHM,13T00,JESMOND - LOWER GOSFORTH PCN,U34146,ROSEWORTH SURGERY,,,,,,5830
202411,QHM,13T00,JESMOND - LOWER GOSFORTH PCN,U34146,THE GROVE MEDICAL GROUP,,,,,,13267
202411,QHM,13T00,NEWCASTLE CENTRAL HEALTH PCN,U43524,SAVILLE MEDICAL GROUP,,,,,,42891
202411,QHM,13T00,NEWCASTLE EAST PCN,U17849,BENFIELD PARK MEDICAL GROUP,,,,,,10210
202411,QHM,13T00,NEWCASTLE EAST PCN,U17849,BIDDLESTONE HEALTH GROUP,,,,,,10684
202411,QHM,13T00,NEWCASTLE EAST PCN,U17849,HEATON ROAD SURGERY,,,,,,7327
202411,QHM,13T00,NEWCASTLE EAST PCN,U17849,NEWCASTLE MEDICAL CENTRE,,,,,,21898
202411,QHM,13T00,NEWCASTLE EAST PCN,U17849,ST.ANTHONY'S HEALTH CENTRE,,,,,,6692
202411,QHM,13T00,NEWCASTLE EAST PCN,U17849,THORNFIELD MEDICAL GROUP,,,,,,20461
202411,QHM,13T00,NEWCASTLE EAST PCN,U17849,WALKER MEDICAL GROUP,,,,,,10656
202411,QHM,13T00,NEWCASTLE INNER WEST PCN,U45898,BETTS AVENUE MEDICAL GROUP,,,,,,10858
202411,QHM,13T00,NEWCASTLE INNER WEST PCN,U45898,DILSTON MEDICAL CENTRE,,,,,,9564
202411,QHM,13T00,NEWCASTLE INNER WEST PCN,U45898,ELSWICK FAMILY PRACTICE,,,,,,8198
202411,QHM,13T00,NEWCASTLE INNER WEST PCN,U45898,FENHAM HALL SURGERY,,,,,,10648
202411,QHM,13T00,NEWCASTLE INNER WEST PCN,U45898,PROSPECT MEDICAL CENTRE,,,,,,15031
202411,QHM,13T00,NEWCASTLE OUTER WEST PCN,U87170,DENTON PARK MEDICAL GROUP,,,,,,7397
202411,QHM,13T00,NEWCASTLE OUTER WEST PCN,U87170,DENTON TURRET MEDICAL CENTRE,Chloral hydrate (0401010B0),1,488.5124,30,30,9082
202411,QHM,13T00,NEWCASTLE OUTER WEST PCN,U87170,NEWBURN SURGERY,,,,,,6130
202411,QHM,13T00,NEWCASTLE OUTER WEST PCN,U87170,PARKWAY MEDICAL GROUP,,,,,,8469
202411,QHM,13T00,NEWCASTLE OUTER WEST PCN,U87170,THROCKLEY PRIMARY CARE CENTRE,,,,,,7358
202411,QHM,13T00,NEWCASTLE OUTER WEST PCN,U87170,WESTERHOPE MEDICAL GROUP,,,,,,13626
202411,QHM,13T00,NORTH GOSFORTH PCN,U70624,BRUNTON PARK,,,,,,8259
202411,QHM,13T00,NORTH GOSFORTH PCN,U70624,PARK MEDICAL GROUP,,,,,,13252
202411,QHM,13T00,NORTH GOSFORTH PCN,U70624,REGENT MEDICAL CENTRE,,,,,,7615
202411,QHM,13T00,WEST END FAMILY HEALTH PCN,U44695,CRUDDAS PARK SURGERY,,,,,,11610
202411,QHM,13T00,WEST END FAMILY HEALTH PCN,U44695,HOLMSIDE MEDICAL GROUP,,,,,,10117
202411,QHM,13T00,WEST END FAMILY HEALTH PCN,U44695,WEST ROAD MEDICAL CENTRE,,,,,,12439
202411,QHM,16C00,BILLINGHAM & NORTON PCN,U94460,DR RASOOL,,,,,,2227
202411,QHM,16C00,BILLINGHAM & NORTON PCN,U94460,KINGSWAY MEDICAL CENTRE,,,,,,9769
202411,QHM,16C00,BILLINGHAM & NORTON PCN,U94460,MARSH HOUSE MEDICAL PRACTICE,,,,,,8521
202411,QHM,16C00,BILLINGHAM & NORTON PCN,U94460,MELROSE SURGERY,,,,,,2423
202411,QHM,16C00,BILLINGHAM & NORTON PCN,U94460,NORTON MEDICAL CENTRE,,,,,,16510
202411,QHM,16C00,BILLINGHAM & NORTON PCN,U94460,QUEENSTREE PRACTICE,,,,,,4143
202411,QHM,16C00,BILLINGHAM & NORTON PCN,U94460,THE ROSEBERRY PRACTICE,,,,,,7963
202411,QHM,16C00,BYTES PCN,U63844,EAGLESCLIFFE MEDICAL PRACTICE,,,,,,12405
202411,QHM,16C00,BYTES PCN,U63844,PARK LANE SURGERY,,,,,,5339
202411,QHM,16C00,BYTES PCN,U63844,THORNABY & BARWICK MEDICAL GROUP,,,,,,20975
202411,QHM,16C00,BYTES PCN,U63844,YARM MEDICAL PRACTICE,,,,,,14805
202411,QHM,16C00,CENTRAL MIDDLESBROUGH PCN,U55830,MARTONSIDE MEDICAL CENTRE,,,,,,7911
202411,QHM,16C00,CENTRAL MIDDLESBROUGH PCN,U55830,PARK SURGERY,,,,,,12112
202411,QHM,16C00,CENTRAL MIDDLESBROUGH PCN,U55830,PROSPECT SURGERY,,,,,,7338
202411,QHM,16C00,CENTRAL MIDDLESBROUGH PCN,U55830,THE DISCOVERY PRACTICE,,,,,,8750
202411,QHM,16C00,CENTRAL MIDDLESBROUGH PCN,U55830,THE ENDEAVOUR PRACTICE,,,,,,9003
202411,QHM,16C00,CENTRAL MIDDLESBROUGH PCN,U55830,THE ERIMUS PRACTICE,Chloral hydrate (0401010B0),2,1302.7848,80,80,6777
202411,QHM,16C00,CENTRAL MIDDLESBROUGH PCN,U55830,THORNTREE SURGERY,,,,,,2741
202411,QHM,16C00,DARLINGTON PCN,U45102,BLACKETTS MEDICAL PRACTICE,,,,,,11296
202411,QHM,16C00,DARLINGTON PCN,U45102,CARMEL MEDICAL PRACTICE,Chloral hydrate (0401010B0),2,977.0248,49.299,49.299,11619
202411,QHM,16C00,DARLINGTON PCN,U45102,CLIFTON COURT MEDICAL PRACTICE,,,,,,12273
202411,QHM,16C00,DARLINGTON PCN,U45102,DENMARK STREET SURGERY,,,,,,15116
202411,QHM,16C00,DARLINGTON PCN,U45102,MIDDLETON AND DINSDALE MEDICAL PRACTICE,,,,,,5876
202411,QHM,16C00,DARLINGTON PCN,U45102,MOORLANDS SURGERY,,,,,,13231
202411,QHM,16C00,DARLINGTON PCN,U45102,NEASHAM ROAD SURGERY,,,,,,13362
202411,QHM,16C00,DARLINGTON PCN,U45102,ORCHARD COURT SURGERY,,,,,,8618
202411,QHM,16C00,DARLINGTON PCN,U45102,PARKGATE SURGERY,,,,,,4829
202411,QHM,16C00,DARLINGTON PCN,U45102,ROCKLIFFE COURT SURGERY,,,,,,6227
202411,QHM,16C00,DARLINGTON PCN,U45102,WHINFIELD MEDICAL PRACTICE,,,,,,12173
202411,QHM,16C00,DUMMY,-,THE RIDGEWAY HEALTH CENTRE,,,,,,27
202411,QHM,16C00,EAST CLEVELAND PCN,U07842,BROTTON SURGERY,,,,,,7572
202411,QHM,16C00,EAST CLEVELAND PCN,U07842,HILLSIDE PRACTICE,,,,,,9408
202411,QHM,16C00,EAST CLEVELAND PCN,U07842,SPRINGWOOD SURGERY,,,,,,7743
202411,QHM,16C00,EAST CLEVELAND PCN,U07842,THE GARTH,,,,,,11492
202411,QHM,16C00,EAST CLEVELAND PCN,U07842,WOODSIDE SURGERY,,,,,,5921
202411,QHM,16C00,ESTON PCN,U85257,CAMBRIDGE MEDICAL GROUP,,,,,,7323
202411,QHM,16C00,ESTON PCN,U85257,NORMANBY MEDICAL CENTRE,Chloral hydrate (0401010B0),2,977.0248,60,60,22889
202411,QHM,16C00,ESTON PCN,U85257,SOUTH GRANGE MEDICAL GROUP PRACTICE,,,,,,15279
202411,QHM,16C00,ESTON PCN,U85257,THE ESTON SURGERY ( D 01-Oct-25 ),,,,,,3759
202411,QHM,16C00,GREATER MIDDLESBROUGH PCN,U02671,ACKLAM MEDICAL CENTRE,Chloral hydrate (0401010B0),2,1465.5248,90,90,11332
202411,QHM,16C00,GREATER MIDDLESBROUGH PCN,U02671,COULBY MEDICAL PRACTICE,,,,,,9250
202411,QHM,16C00,GREATER MIDDLESBROUGH PCN,U02671,CROSSFELL HEALTH CENTRE,,,,,,8960
202411,QHM,16C00,GREATER MIDDLESBROUGH PCN,U02671,HIRSEL MEDICAL CENTRE,,,,,,3796
202411,QHM,16C00,GREATER MIDDLESBROUGH PCN,U02671,KINGS MEDICAL CENTRE,,,,,,6522
202411,QHM,16C00,GREATER MIDDLESBROUGH PCN,U02671,NEWLANDS MEDICAL CENTRE,,,,,,9858
202411,QHM,16C00,GREATER MIDDLESBROUGH PCN,U02671,PARKWAY MEDICAL CENTRE,,,,,,9206
202411,QHM,16C00,GREATER MIDDLESBROUGH PCN,U02671,WESTBOURNE MEDICAL CENTRE,,,,,,5573
202411,QHM,16C00,HARTLEPOOL HEALTH PCN,U40502,MCKENZIE GROUP PRACTICE,,,,,,6195
202411,QHM,16C00,HARTLEPOOL HEALTH PCN,U40502,MCKENZIE HOUSE SURGERY,Chloral hydrate (0401010B0),1,911.9824,56,56,18893
202411,QHM,16C00,HARTLEPOOL HEALTH PCN,U40502,THE HEADLAND MEDICAL CENTRE,,,,,,5373
202411,QHM,16C00,HARTLEPOOL PCN,U70212,GLADSTONE HOUSE SURGERY,,,,,,5726
202411,QHM,16C00,HARTLEPOOL PCN,U70212,HART MEDICAL PRACTICE,,,,,,9433
202411,QHM,16C00,HARTLEPOOL PCN,U70212,THE PATEL PRACTICE,,,,,,3996
202411,QHM,16C00,HARTLEPOOL PCN,U70212,WEST QUAY MEDICAL PRACTICE,,,,,,6228
202411,QHM,16C00,HARTLEPOOL PCN,U70212,WEST VIEW MILLENIUM SURGERY A,,,,,,7537
202411,QHM,16C00,HOLGATE PCN,U85008,BOROUGH ROAD & NUNTHORPE MEDICAL GROUP,,,,,,16460
202411,QHM,16C00,HOLGATE PCN,U85008,LINTHORPE SURGERY,,,,,,20947
202411,QHM,16C00,HOLGATE PCN,U85008,VILLAGE MEDICAL CENTRE,,,,,,8245
202411,QHM,16C00,NORTH STOCKTON PCN,U07032,ALMA MEDICAL CENTRE,Chloral hydrate (0401010B0),1,732.7624,45,45,11064
202411,QHM,16C00,NORTH STOCKTON PCN,U07032,QUEENS PARK MEDICAL CENTRE,,,,,,18748
202411,QHM,16C00,NORTH STOCKTON PCN,U07032,TENNANT STREET MEDICAL PRACTICE,,,,,,14728
202411,QHM,16C00,ONE LIFE HARTLEPOOL PCN,U27349,BANKHOUSE SURGERY,,,,,,10571
202411,QHM,16C00,ONE LIFE HARTLEPOOL PCN,U27349,CHADWICK PRACTICE,,,,,,11828
202411,QHM,16C00,ONE LIFE HARTLEPOOL PCN,U27349,HAVELOCK GRANGE PRACTICE,,,,,,13718
202411,QHM,16C00,REDCAR COASTAL PCN,U23714,BENTLEY MEDICAL PRACTICE,Chloral hydrate (0401010B0),1,488.5124,30,30,10194
202411,QHM,16C00,REDCAR COASTAL PCN,U23714,HUNTCLIFF SURGERY,,,,,,10098
202411,QHM,16C00,REDCAR COASTAL PCN,U23714,THE COATHAM ROAD SURGERY,Chloral hydrate (0401010B0),1,488.5124,30,30,6206
202411,QHM,16C00,REDCAR COASTAL PCN,U23714,THE GREEN HOUSE SURGERY,,,,,,10207
202411,QHM,16C00,REDCAR COASTAL PCN,U23714,THE RAVENSCAR SURGERY,Chloral hydrate (0401010B0),1,325.7824,20,20,3338
202411,QHM,16C00,REDCAR COASTAL PCN,U23714,THE SALTSCAR SURGERY,,,,,,8570
202411,QHM,16C00,REDCAR COASTAL PCN,U23714,ZETLAND MEDICAL PRACTICE,,,,,,6942
202411,QHM,16C00,STOCKTON PCN,U89141,ELM TREE SURGERY,,,,,,13692
202411,QHM,16C00,STOCKTON PCN,U89141,RIVERSIDE MEDICAL PRACTICE,,,,,,6844
202411,QHM,16C00,STOCKTON PCN,U89141,THE ARRIVAL PRACTICE ( D 01-Jun-25 ),,,,,,3295
202411,QHM,16C00,STOCKTON PCN,U89141,THE DENSHAM SURGERY,,,,,,3888
202411,QHM,16C00,STOCKTON PCN,U89141,THE DOVECOT SURGERY,,,,,,4152
202411,QHM,16C00,STOCKTON PCN,U89141,WOODBRIDGE PRACTICE,Chloral hydrate (0401010B0),1,732.7624,45,45,18415
202411,QHM,16C00,STOCKTON PCN,U89141,WOODLANDS FAMILY MEDICAL CENTRE,,,,,,12384
202411,QHM,84H00,BISHOP AUCKLAND PCN,U85067,AUCKLAND MEDICAL GROUP,,,,,,15907
202411,QHM,84H00,BISHOP AUCKLAND PCN,U85067,BISHOPGATE MEDICAL CENTRE,,,,,,13612
202411,QHM,84H00,BISHOP AUCKLAND PCN,U85067,STATION VIEW MEDICAL CENTRE,,,,,,9760
202411,QHM,84H00,CHESTER LE STREET PCN,U77096,BRIDGE END SURGERY,,,,,,7813
202411,QHM,84H00,CHESTER LE STREET PCN,U77096,CESTRIA HEALTH CENTRE,,,,,,12732
202411,QHM,84H00,CHESTER LE STREET PCN,U77096,GREAT LUMLEY SURGERY,,,,,,5293
202411,QHM,84H00,CHESTER LE STREET PCN,U77096,MIDDLE CHARE MEDICAL GROUP,,,,,,9417
202411,QHM,84H00,CHESTER LE STREET PCN,U77096,PELTON & FELLROSE MEDICAL GROUP,,,,,,9950
202411,QHM,84H00,CHESTER LE STREET PCN,U77096,SACRISTON MEDICAL CENTRE,,,,,,10754
202411,QHM,84H00,CHESTER LE STREET PCN,U77096,VILLAGES MEDICAL GROUP,,,,,,4178
202411,QHM,84H00,CLAYPATH & UNIVERSITY MEDICAL GROUP PCN,U38486,CLAYPATH & UNIVERSITY MEDICAL GROUP,,,,,,33728
202411,QHM,84H00,DERWENTSIDE PCN,U70497,ANNFIELD PLAIN SURGERY,,,,,,3587
202411,QHM,84H00,DERWENTSIDE PCN,U70497,BROWNEY HOUSE SURGERY,,,,,,2672
202411,QHM,84H00,DERWENTSIDE PCN,U70497,CEDARS MEDICAL GROUP,,,,,,6120
202411,QHM,84H00,DERWENTSIDE PCN,U70497,CONSETT MEDICAL CENTRE,Chloral hydrate (0401010B0),1,244.2624,15,15,16891
202411,QHM,84H00,DERWENTSIDE PCN,U70497,DRS LAMBERT & NG,,,,,,5289
202411,QHM,84H00,DERWENTSIDE PCN,U70497,LANCHESTER MEDICAL CENTRE,,,,,,4155
202411,QHM,84H00,DERWENTSIDE PCN,U70497,LEADGATE SURGERY,,,,,,5884
202411,QHM,84H00,DERWENTSIDE PCN,U70497,OAKFIELDS HEALTH GROUP,,,,,,7659
202411,QHM,84H00,DERWENTSIDE PCN,U70497,QUEENS ROAD SURGERY,,,,,,16102
202411,QHM,84H00,DERWENTSIDE PCN,U70497,STANLEY MEDICAL GROUP,,,,,,12441
202411,QHM,84H00,DERWENTSIDE PCN,U70497,TANFIELD VIEW MEDICAL GROUP,,,,,,10835
202411,QHM,84H00,DERWENTSIDE PCN,U70497,THE HAVEN SURGERY,,,,,,1729
202411,QHM,84H00,DURHAM COAST PCN,U26864,BEVAN MEDICAL GROUP,,,,,,8516
202411,QHM,84H00,DURHAM COAST PCN,U26864,EAST DURHAM MEDICAL GROUP,,,,,,18299
202411,QHM,84H00,DURHAM COAST PCN,U26864,SOUTHDENE MEDICAL CENTRE,,,,,,3394
202411,QHM,84H00,DURHAM COAST PCN,U26864,WINGATE MEDICAL PRACTICE INTRAHEALTH,,,,,,3513
202411,QHM,84H00,DURHAM EAST PCN,U53962,BELMONT & SHERBURN MEDICAL GROUP,Chloral hydrate (0401010B0),1,244.2624,15,15,6251
202411,QHM,84H00,DURHAM EAST PCN,U53962,BOWBURN MEDICAL CENTRE,,,,,,4461
202411,QHM,84H00,DURHAM EAST PCN,U53962,CHEVELEY PARK MEDICAL CTR,,,,,,5025
202411,QHM,84H00,DURHAM EAST PCN,U53962,COXHOE MEDICAL PRACTICE,,,,,,7548
202411,QHM,84H00,DURHAM EAST PCN,U53962,WEST RAINTON SURGERY,,,,,,5502
202411,QHM,84H00,DURHAM WEST PCN,U01989,CHASTLETON MEDICAL GROUP,,,,,,10460
202411,QHM,84H00,DURHAM WEST PCN,U01989,DUNELM MEDICAL PRACTICE,,,,,,14479
202411,QHM,84H00,DURHAM WEST PCN,U01989,THE MEDICAL GROUP,,,,,,26676
202411,QHM,84H00,EASINGTON CENTRAL PCN,U14615,BLACKHALL AND PETERLEE PRACTICE,,,,,,10220
202411,QHM,84H00,EASINGTON CENTRAL PCN,U14615,THE HORDEN GROUP PRACTICE,,,,,,8244
202411,QHM,84H00,EASINGTON CENTRAL PCN,U14615,WILLIAM BROWN CENTRE,Chloral hydrate (0401010B0),1,244.2624,15,15,15681
202411,QHM,84H00,NORTH EASINGTON PCN,U81825,BYRON MEDICAL PRACTICE,,,,,,8342
202411,QHM,84H00,NORTH EASINGTON PCN,U81825,MARLBOROUGH SURGERY,,,,,,11305
202411,QHM,84H00,NORTH EASINGTON PCN,U81825,MURTON MEDICAL CENTRE,,,,,,7344
202411,QHM,84H00,NORTH EASINGTON PCN,U81825,SILVERDALE FAMILY PRACTICE,,,,,,6606
202411,QHM,84H00,NORTH EASINGTON PCN,U81825,THE NEW SEAHAM MEDICAL GROUP,,,,,,4658
202411,QHM,84H00,SEDGEFIELD 1 PCN,U37593,BEWICK CRESCENT SURGERY,,,,,,13115
202411,QHM,84H00,SEDGEFIELD 1 PCN,U37593,HALLGARTH SURGERY,,,,,,5377
202411,QHM,84H00,SEDGEFIELD 1 PCN,U37593,JUBILEE MEDICAL GROUP,,,,,,12535
202411,QHM,84H00,SEDGEFIELD 1 PCN,U37593,PEASE WAY MEDICAL CENTRE,,,,,,12129
202411,QHM,84H00,SEDGEFIELD NORTH PCN,U12365,BISHOPS CLOSE MEDICAL PRACTICE,,,,,,8680
202411,QHM,84H00,SEDGEFIELD NORTH PCN,U12365,FERRYHILL AND CHILTON MEDICAL PRACTICE,,,,,,14916
202411,QHM,84H00,SEDGEFIELD NORTH PCN,U12365,SKERNE MEDICAL GROUP,Chloral hydrate (0401010B0),1,977.0124,60,60,16732
202411,QHM,84H00,SEDGEFIELD NORTH PCN,U12365,ST ANDREW'S MEDICAL PRACTICE,,,,,,15546
202411,QHM,84H00,SEDGEFIELD NORTH PCN,U12365,WEST CORNFORTH MEDICAL CENTRE,,,,,,2725
202411,QHM,84H00,TEESDALE PCN,U31619,BARNARD CASTLE SURGERY,,,,,,10894
202411,QHM,84H00,TEESDALE PCN,U31619,EVENWOOD MEDICAL PRACTICE,,,,,,2245
202411,QHM,84H00,TEESDALE PCN,U31619,GAINFORD SURGERY,,,,,,3674
202411,QHM,84H00,TEESDALE PCN,U31619,OLD FORGE SURGERY,,,,,,2655
202411,QHM,84H00,TEESDALE PCN,U31619,PINFOLD MEDICAL PRACTICE,,,,,,2894
202411,QHM,84H00,TEESDALE PCN,U31619,WOODVIEW MEDICAL PRACTICE,,,,,,2558
202411,QHM,84H00,WEAR VALLEY PCN,U96202,NORTH HOUSE SURGERY,,,,,,13545
202411,QHM,84H00,WEAR VALLEY PCN,U96202,THE WEARDALE PRACTICE,,,,,,7195
202411,QHM,84H00,WEAR VALLEY PCN,U96202,WILLINGTON MEDICAL GROUP,,,,,,9223
202411,QHM,99C00,CRAMLINGTON SEATON VALLEY PCN,U24977,WOODLANDS PARK HEALTH CTR,,,,,,6505
202411,QHM,99C00,NORTH SHIELDS PCN,U91110,COLLINGWOOD HEALTH GROUP,,,,,,24405
202411,QHM,99C00,NORTH SHIELDS PCN,U91110,PRIORY MEDICAL GROUP,,,,,,15439
202411,QHM,99C00,NORTH SHIELDS PCN,U91110,REDBURN PARK MEDICAL CENTRE,,,,,,6140
202411,QHM,99C00,NORTH SHIELDS PCN,U91110,NELSON MEDICAL GROUP ( C 01-May-26 ),,,,,,4980
202411,QHM,99C00,NORTH TYNESIDE NORTH WEST PCN,U95193,LANE END SURGERY,,,,,,9514
202411,QHM,99C00,NORTH TYNESIDE NORTH WEST PCN,U95193,MALLARD MEDICAL PRACTICE,,,,,,5447
202411,QHM,99C00,NORTH TYNESIDE NORTH WEST PCN,U95193,STEPHENSON PARK HEALTH GROUP,,,,,,17914
202411,QHM,99C00,NORTH TYNESIDE NORTH WEST PCN,U95193,SWARLAND AVENUE SURGERY,,,,,,6708
202411,QHM,99C00,NORTH TYNESIDE NORTH WEST PCN,U95193,WELLSPRING MEDICAL PRACT.,,,,,,6471
202411,QHM,99C00,NORTH TYNESIDE NORTH WEST PCN,U95193,WEST FARM SURGERY,,,,,,6000
202411,QHM,99C00,NORTH TYNESIDE NORTH WEST PCN,U95193,WIDEOPEN MEDICAL CENTRE,,,,,,7558
202411,QHM,99C00,NORTHUMBRIA PCN,U09980,NPC NORTH TYNESIDE - SPRING TERRACE,Chloral hydrate (0401010B0),20,914.168,56,56,5933
202411,QHM,99C00,WALLSEND PCN,U10386,BEWICKE MEDICAL CENTRE,,,,,,9361
202411,QHM,99C00,WALLSEND PCN,U10386,HADRIAN HEALTH CENTRE,,,,,,20866
202411,QHM,99C00,WALLSEND PCN,U10386,THE VILLAGE GREEN SURGERY,,,,,,12812
202411,QHM,99C00,WHITLEY BAY PCN,U02739,BEAUMONT PARK SURGERY,,,,,,6495
202411,QHM,99C00,WHITLEY BAY PCN,U02739,BRIDGE AND MONKSEATON MEDICAL PRACTICE,,,,,,13318
202411,QHM,99C00,WHITLEY BAY PCN,U02739,MARINE AVENUE MEDICAL CTR,,,,,,8722
202411,QHM,99C00,WHITLEY BAY PCN,U02739,NORTHUMBERLAND PARK MEDICAL GROUP,,,,,,9601
202411,QHM,99C00,WHITLEY BAY PCN,U02739,WHITLEY BAY HEALTH CENTRE,,,,,,13656
202411,QHM,99C00,WHITLEY BAY PCN,U02739,49 MARINE AVENUE SURGERY ( C 01-May-26 ),,,,,,5859
202411,QHM,99C00,WHITLEY BAY PCN,U02739,PARK PARADE PRACTICE ( C 01-May-26 ),,,,,,4822
202412,QHM,00L00,BLYTH PCN,U25489,MARINE MEDICAL GROUP,,,,,,13679
202412,QHM,00L00,BLYTH PCN,U25489,RAILWAY MEDICAL GROUP,,,,,,27138
202412,QHM,00L00,CRAMLINGTON SEATON VALLEY PCN,U24977,FORUM FAMILY PRACTICE,,,,,,8921
202412,QHM,00L00,CRAMLINGTON SEATON VALLEY PCN,U24977,NETHERFIELD HOUSE,,,,,,5989
202412,QHM,00L00,CRAMLINGTON SEATON VALLEY PCN,U24977,VILLAGE MEDICAL GROUP,,,,,,11234
202412,QHM,00L00,DUMMY,-,RIVERSDALE SURGERY,,,,,,5950
202412,QHM,00L00,DUMMY,-,THE ADDERLANE SURGERY,,,,,,2169
202412,QHM,00L00,NORTHUMBRIA PCN,U09980,NPC AMBLE & BROOMHILL,,,,,,12151
202412,QHM,00L00,NORTHUMBRIA PCN,U09980,NPC CENTRAL NORTHUMBERLAND,,,,,,49809
202412,QHM,00L00,NORTHUMBRIA PCN,U09980,NPC CRAMLINGTON,,,,,,5362
202412,QHM,00L00,NORTHUMBRIA PCN,U09980,NPC ELSDON AVENUE,,,,,,4258
202412,QHM,00L00,NORTHUMBRIA PCN,U09980,NPC FELTON & WIDDRINGTON,,,,,,4580
202412,QHM,00L00,NORTHUMBRIA PCN,U09980,NPC HAYDON BRIDGE & ALLENDALE,,,,,,5261
202412,QHM,00L00,NORTHUMBRIA PCN,U09980,NPC PONTELAND,Chloral hydrate (0401010B0),3,1355.0372,150,150,10773
202412,QHM,00L00,NORTHUMBRIA PCN,U09980,NPC ROTHBURY,,,,,,6165
202412,QHM,00L00,WANSBECK PCN,U11112,BEDLINGTONSHIRE MED.GROUP,,,,,,12730
202412,QHM,00L00,WANSBECK PCN,U11112,GUIDEPOST MEDICAL GROUP,,,,,,8044
202412,QHM,00L00,WANSBECK PCN,U11112,SEATON PARK MEDICAL GROUP,,,,,,19619
202412,QHM,00L00,WANSBECK PCN,U11112,THE GABLES MEDICAL GROUP,,,,,,6325
202412,QHM,00L00,WELL UP NORTH PCN,U25545,ALNWICK MEDICAL GROUP,,,,,,18885
202412,QHM,00L00,WELL UP NORTH PCN,U25545,BELFORD MEDICAL PRACTICE,,,,,,4493
202412,QHM,00L00,WELL UP NORTH PCN,U25545,GAS HOUSE LANE SURGERY,Chloral hydrate (0401010B0),1,244.2624,15,15,7123
202412,QHM,00L00,WELL UP NORTH PCN,U25545,GREYSTOKE SURGERY,,,,,,10651
202412,QHM,00L00,WELL UP NORTH PCN,U25545,UNION BRAE & NORHAM PRAC,,,,,,7181
202412,QHM,00L00,WELL UP NORTH PCN,U25545,WELL CLOSE MEDICAL GROUP,,,,,,9183
202412,QHM,00L00,WELL UP NORTH PCN,U25545,WOOLER HEALTH,,,,,,4834
202412,QHM,00L00,WEST NORTHUMBERLAND PCN,U05512,BELLINGHAM PRACTICE,,,,,,3438
202412,QHM,00L00,WEST NORTHUMBERLAND PCN,U05512,BRANCH END SURGERY,,,,,,5384
202412,QHM,00L00,WEST NORTHUMBERLAND PCN,U05512,BURN BRAE MEDICAL GROUP,,,,,,10408
202412,QHM,00L00,WEST NORTHUMBERLAND PCN,U05512,CORBRIDGE HEALTH CENTRE,,,,,,7299
202412,QHM,00L00,WEST NORTHUMBERLAND PCN,U05512,HALTWHISTLE MEDICAL GROUP,,,,,,5565
202412,QHM,00L00,WEST NORTHUMBERLAND PCN,U05512,HUMSHAUGH & WARK MED GRP,,,,,,3440
202412,QHM,00L00,WEST NORTHUMBERLAND PCN,U05512,PRUDHOE MEDICAL GROUP,,,,,,6923
202412,QHM,00L00,WEST NORTHUMBERLAND PCN,U05512,SCOTS GAP MEDICAL GROUP,,,,,,2137
202412,QHM,00L00,WEST NORTHUMBERLAND PCN,U05512,THE SELE MEDICAL PRACTICE,,,,,,5842
202412,QHM,00L00,WEST NORTHUMBERLAND PCN,U05512,WHITE MEDICAL GROUP,,,,,,8594
202412,QHM,00N00,SOUTH TYNESIDE EAST PCN,U20256,FARNHAM MEDICAL CTR.,,,,,,16981
202412,QHM,00N00,SOUTH TYNESIDE EAST PCN,U20256,ST GEORGE & RIVERSIDE MEDICAL PRACTICE,,,,,,7414
202412,QHM,00N00,SOUTH TYNESIDE EAST PCN,U20256,TALBOT MEDICAL CENTRE,,,,,,7821
202412,QHM,00N00,SOUTH TYNESIDE EAST PCN,U20256,TRINITY MEDICAL CENTRE,,,,,,6454
202412,QHM,00N00,SOUTH TYNESIDE EAST PCN,U20256,WENLOCK ROAD SURGERY,,,,,,4443
202412,QHM,00N00,SOUTH TYNESIDE EAST PCN,U20256,WEST VIEW SURGERY,,,,,,2900
202412,QHM,00N00,SOUTH TYNESIDE SOUTH PCN,U89118,CENTRAL SURGERY,,,,,,19099
202412,QHM,00N00,SOUTH TYNESIDE SOUTH PCN,U89118,COLLIERY COURT MEDICAL GROUP,,,,,,8306
202412,QHM,00N00,SOUTH TYNESIDE SOUTH PCN,U89118,DR THORNILEY-WALKER & PARTNERS,,,,,,6048
202412,QHM,00N00,SOUTH TYNESIDE SOUTH PCN,U89118,IMEARY MEDICAL GROUP,,,,,,4281
202412,QHM,00N00,SOUTH TYNESIDE SOUTH PCN,U89118,MARSDEN MEDICAL GROUP,,,,,,22821
202412,QHM,00N00,SOUTH TYNESIDE SOUTH PCN,U89118,WHITBURN SURGERY,,,,,,5403
202412,QHM,00N00,SOUTH TYNESIDE WEST PCN,U37826,ALBERT ROAD SURGERY,,,,,,3377
202412,QHM,00N00,SOUTH TYNESIDE WEST PCN,U37826,EAST WING PRACTICE,,,,,,4278
202412,QHM,00N00,SOUTH TYNESIDE WEST PCN,U37826,ELLISON VIEW SURGERY,,,,,,6094
202412,QHM,00N00,SOUTH TYNESIDE WEST PCN,U37826,MAYFIELD MEDICAL GROUP,,,,,,9097
202412,QHM,00N00,SOUTH TYNESIDE WEST PCN,U37826,RAVENSWORTH SURGERY,,,,,,5920
202412,QHM,00N00,SOUTH TYNESIDE WEST PCN,U37826,THE G.P.SUITE,,,,,,4429
202412,QHM,00N00,SOUTH TYNESIDE WEST PCN,U37826,THE GLEN MEDICAL GROUP,,,,,,11148
202412,QHM,00N00,SOUTH TYNESIDE WEST PCN,U37826,VICTORIA MEDICAL CENTRE,,,,,,3656
202412,QHM,00P00,COALFIELDS PCN,U69720,GRANGEWOOD SURGERY,,,,,,7397
202412,QHM,00P00,COALFIELDS PCN,U69720,HERRINGTON MEDICAL CENTRE,,,,,,9544
202412,QHM,00P00,COALFIELDS PCN,U69720,HETTON GROUP PRACTICE,,,,,,11821
202412,QHM,00P00,COALFIELDS PCN,U69720,"HOUGHTON MEDICAL GROUP,",,,,,,8378
202412,QHM,00P00,COALFIELDS PCN,U69720,KEPIER MEDICAL PRACTICE,,,,,,8533
202412,QHM,00P00,COALFIELDS PCN,U69720,WESTBOURNE MEDICAL GROUP,,,,,,6630
202412,QHM,00P00,DUMMY,-,PALLION PRIMARY CARE SERVICES,,,,,,32
202412,QHM,00P00,SUNDERLAND CENTRAL PCN,U05458,HAPPY HOUSE SURGERY,,,,,,8229
202412,QHM,00P00,SUNDERLAND CENTRAL PCN,U05458,NEW SILKSWORTH MEDICAL PRACTICE,,,,,,9198
202412,QHM,00P00,SUNDERLAND CENTRAL PCN,U05458,SPRINGWELL MEDICAL GROUP,,,,,,6400
202412,QHM,00P00,SUNDERLAND CENTRAL PCN,U05458,SUNDERLAND GP ALLIANCE SOUTH HYLTON SURG,,,,,,4579
202412,QHM,00P00,SUNDERLAND CENTRAL PCN,U05458,VILLAGE SURGERY PARTNERSHIP,,,,,,4793
202412,QHM,00P00,SUNDERLAND EAST PCN,U52297,ASHBURN MEDICAL CENTRE,,,,,,5331
202412,QHM,00P00,SUNDERLAND EAST PCN,U52297,DEERNESS PARK MEDICAL GROUP,,,,,,13506
202412,QHM,00P00,SUNDERLAND EAST PCN,U52297,PARK LANE PRACTICE,,,,,,4384
202412,QHM,00P00,SUNDERLAND EAST PCN,U52297,RIVERVIEW SURGERY,,,,,,7005
202412,QHM,00P00,SUNDERLAND EAST PCN,U52297,SOUTHLANDS MEDICAL GROUP,,,,,,10456
202412,QHM,00P00,SUNDERLAND EAST PCN,U52297,THE NEW CITY MEDICAL GROUP,,,,,,5612
202412,QHM,00P00,SUNDERLAND EAST PCN,U52297,VILLETTE SURGERY,,,,,,5751
202412,QHM,00P00,SUNDERLAND NORTH PCN,U43314,BRIDGE VIEW MEDICAL GROUP,,,,,,14976
202412,QHM,00P00,SUNDERLAND NORTH PCN,U43314,CASTLETOWN MEDICAL CENTRE,,,,,,2114
202412,QHM,00P00,SUNDERLAND NORTH PCN,U43314,"FULWELL MEDICAL CENTRE,",,,,,,9225
202412,QHM,00P00,SUNDERLAND NORTH PCN,U43314,MONKWEARMOUTH HEALTH CENTRE,,,,,,4657
202412,QHM,00P00,SUNDERLAND NORTH PCN,U43314,RED HOUSE MEDICAL CENTRE,,,,,,5546
202412,QHM,00P00,SUNDERLAND NORTH PCN,U43314,ST BEDE MEDICAL CENTRE,,,,,,9285
202412,QHM,00P00,SUNDERLAND WEST 1 PCN,U14646,CHESTER SURGERY,,,,,,3052
202412,QHM,00P00,SUNDERLAND WEST 1 PCN,U14646,FORGE MEDICAL PRACTICE,,,,,,8663
202412,QHM,00P00,SUNDERLAND WEST 1 PCN,U14646,HYLTON MEDICAL GROUP,,,,,,7142
202412,QHM,00P00,SUNDERLAND WEST 1 PCN,U14646,MILLFIELD MEDICAL GROUP,,,,,,14607
202412,QHM,00P00,SUNDERLAND WEST 1 PCN,U14646,PALLION FAMILY PRACTICE,,,,,,10160
202412,QHM,00P00,SUNDERLAND WEST 1 PCN,U14646,THE BROADWAY MEDICAL PRACTICE,,,,,,7593
202412,QHM,00P00,SUNDERLAND WEST 1 PCN,U14646,WEARSIDE MEDICAL PRACTICE - PALLION,,,,,,8159
202412,QHM,00P00,WASHINGTON PCN,U61868,CONCORD MEDICAL PRACTICE,,,,,,5223
202412,QHM,00P00,WASHINGTON PCN,U61868,GALLERIES MEDICAL PRACTICE,,,,,,11452
202412,QHM,00P00,WASHINGTON PCN,U61868,I J HEALTHCARE,,,,,,3643
202412,QHM,00P00,WASHINGTON PCN,U61868,NEW WASHINGTON MEDICAL GROUP,,,,,,7229
202412,QHM,00P00,WASHINGTON PCN,U61868,RICKLETON MEDICAL CENTRE,,,,,,2725
202412,QHM,00P00,WASHINGTON PCN,U61868,SUNDERLAND GP ALLIANCE MEDICAL PRACTICE,,,,,,10184
202412,QHM,00P00,WASHINGTON PCN,U61868,THE STEPHENSON MEDICAL PRACTICE,,,,,,12360
202412,QHM,01H00,CARLISLE HEALTHCARE PCN,U92223,BRAMPTON MEDICAL PRACTICE,,,,,,16716
202412,QHM,01H00,CARLISLE HEALTHCARE PCN,U92223,CARLISLE HEALTHCARE,,,,,,39511
202412,QHM,01H00,CARLISLE HEALTHCARE PCN,U92223,LONGTOWN MEDICAL CENTRE,,,,,,3857
202412,QHM,01H00,CARLISLE HEALTHCARE PCN,U92223,SPENCER ST SURGERY,,,,,,13493
202412,QHM,01H00,CARLISLE PCN,U66688,CARLISLE CENTRAL PRACTICE,,,,,,13680
202412,QHM,01H00,CARLISLE PCN,U66688,EDEN MEDICAL GROUP,,,,,,16047
202412,QHM,01H00,CARLISLE PCN,U66688,WARWICK SQUARE GROUP PRACTICE,,,,,,7747
202412,QHM,01H00,CARLISLE PCN,U66688,FUSEHILL MEDICAL PRACTICE ( C 01-May-25 ),,,,,,1
202412,QHM,01H00,COCKERMOUTH & MARYPORT PCN,U76572,CASTLEGATE AND DERWENT SURGERY,,,,,,18196
202412,QHM,01H00,COCKERMOUTH & MARYPORT PCN,U76572,MARYPORT HEALTH SERVICES,,,,,,13835
202412,QHM,01H00,COPELAND HAVEN PCN,U94879,DISTINGTON SURGERY,,,,,,6312
202412,QHM,01H00,COPELAND HAVEN PCN,U94879,MANSION HOUSE SURGERY,,,,,,7518
202412,QHM,01H00,COPELAND HAVEN PCN,U94879,WESTCROFT HOUSE SURGERY,,,,,,6120
202412,QHM,01H00,COPELAND PCN,U48302,FELLVIEW HEALTHCARE,,,,,,23221
202412,QHM,01H00,COPELAND PCN,U48302,LOWTHER MEDICAL CENTRE,,,,,,13914
202412,QHM,01H00,COPELAND PCN,U48302,SEASCALE HEALTH CENTRE,,,,,,5940
202412,QHM,01H00,EDEN (CUMBRIA) PCN,U08085,ALSTON MEDICAL PRACTICE,,,,,,2214
202412,QHM,01H00,EDEN (CUMBRIA) PCN,U08085,APPLEBY MEDICAL PRACTICE,,,,,,5106
202412,QHM,01H00,EDEN (CUMBRIA) PCN,U08085,BIRBECK MEDICAL GROUP,,,,,,14573
202412,QHM,01H00,EDEN (CUMBRIA) PCN,U08085,COURT THORN SURGERY,,,,,,3774
202412,QHM,01H00,EDEN (CUMBRIA) PCN,U08085,GLENRIDDING HEALTH CENTRE,,,,,,960
202412,QHM,01H00,EDEN (CUMBRIA) PCN,U08085,KIRKOSWALD SURGERY,,,,,,2738
202412,QHM,01H00,EDEN (CUMBRIA) PCN,U08085,SHAP MEDICAL PRACTICE,,,,,,3288
202412,QHM,01H00,EDEN (CUMBRIA) PCN,U08085,TEMPLE SOWERBY MEDICAL PRACTICE,,,,,,4663
202412,QHM,01H00,EDEN (CUMBRIA) PCN,U08085,THE LAKES MEDICAL PRACTICE,,,,,,11414
202412,QHM,01H00,EDEN (CUMBRIA) PCN,U08085,UPPER EDEN MEDICAL PRACTICE,,,,,,6591
202412,QHM,01H00,KESWICK & SOLWAY PCN,U25680,ASPATRIA MEDICAL GROUP,,,,,,7127
202412,QHM,01H00,KESWICK & SOLWAY PCN,U25680,CALDBECK SURGERY,,,,,,4307
202412,QHM,01H00,KESWICK & SOLWAY PCN,U25680,CASTLEHEAD MEDICAL CENTRE,,,,,,8317
202412,QHM,01H00,KESWICK & SOLWAY PCN,U25680,DALSTON MEDICAL GROUP,,,,,,5125
202412,QHM,01H00,KESWICK & SOLWAY PCN,U25680,SILLOTH GROUP MEDICAL PRACTICE,,,,,,4408
202412,QHM,01H00,KESWICK & SOLWAY PCN,U25680,THE CROFT SURGERY,,,,,,3498
202412,QHM,01H00,KESWICK & SOLWAY PCN,U25680,WIGTON GROUP MEDICAL PRACTICE,,,,,,9092
202412,QHM,01H00,WORKINGTON PCN,U67303,JAMES STREET GROUP PRACT,,,,,,33192
202412,QHM,13T00,BIRTLEY AND CENTRAL GATESHEAD PCN,U76028,BIRTLEY MEDICAL GROUP,,,,,,15331
202412,QHM,13T00,BIRTLEY AND CENTRAL GATESHEAD PCN,U76028,OXFORD TCE & RAWLING RD MEDICAL GROUP,,,,,,17801
202412,QHM,13T00,BIRTLEY AND CENTRAL GATESHEAD PCN,U76028,SECOND STREET SURGERY,,,,,,4742
202412,QHM,13T00,BIRTLEY AND CENTRAL GATESHEAD PCN,U76028,THE BRIDGES MEDICAL PRACTICE,,,,,,8155
202412,QHM,13T00,GATESHEAD CENTRAL SOUTH PCN,U91254,BEACON VIEW MEDICAL CENTRE,,,,,,5686
202412,QHM,13T00,GATESHEAD CENTRAL SOUTH PCN,U91254,BENSHAM FAMILY PRACTICE,,,,,,3902
202412,QHM,13T00,GATESHEAD CENTRAL SOUTH PCN,U91254,BEWICK ROAD SURGERY,,,,,,8232
202412,QHM,13T00,GATESHEAD CENTRAL SOUTH PCN,U91254,CENTRAL GATESHEAD MEDICAL GROUP,,,,,,10617
202412,QHM,13T00,GATESHEAD CENTRAL SOUTH PCN,U91254,FELL COTTAGE SURGERY,,,,,,8643
202412,QHM,13T00,GATESHEAD CENTRAL SOUTH PCN,U91254,FELL TOWER MEDICAL CENTRE,,,,,,7531
202412,QHM,13T00,GATESHEAD CENTRAL SOUTH PCN,U91254,MILLENNIUM FAMILY PRACTICE,,,,,,3940
202412,QHM,13T00,GATESHEAD CENTRAL SOUTH PCN,U91254,WREKENTON MEDICAL GROUP,,,,,,12145
202412,QHM,13T00,GATESHEAD EAST PCN,U13720,CROWHALL MEDICAL CENTRE,,,,,,6447
202412,QHM,13T00,GATESHEAD EAST PCN,U13720,LONGRIGG MEDICAL CENTRE,,,,,,10236
202412,QHM,13T00,GATESHEAD EAST PCN,U13720,PELAW MEDICAL PRACTICE,,,,,,5479
202412,QHM,13T00,GATESHEAD EAST PCN,U13720,ST. ALBANS MEDICAL GROUP,,,,,,7318
202412,QHM,13T00,GATESHEAD INNER WEST PCN,U33691,CHAINBRIDGE MEDICAL PARTNERSHIP,,,,,,11501
202412,QHM,13T00,GATESHEAD INNER WEST PCN,U33691,GLENPARK & TEAMS MEDICAL SERVICES,,,,,,9025
202412,QHM,13T00,GATESHEAD INNER WEST PCN,U33691,SUNNISIDE SURGERY,,,,,,3828
202412,QHM,13T00,GATESHEAD INNER WEST PCN,U33691,WHICKHAM COTTAGE MEDICAL CENTRE,,,,,,15681
202412,QHM,13T00,GATESHEAD INNER WEST PCN,U33691,TEAMS MEDICAL PRACTICE ( C 01-May-26 ),,,,,,5469
202412,QHM,13T00,GATESHEAD OUTER WEST PCN,U41930,CHOPWELL PRIMARY HEALTHCARE CENTRE,,,,,,2567
202412,QHM,13T00,GATESHEAD OUTER WEST PCN,U41930,CRAWCROOK MEDICAL CENTRE,,,,,,20380
202412,QHM,13T00,GATESHEAD OUTER WEST PCN,U41930,HOLLYHURST MEDICAL CENTRE,,,,,,4822
202412,QHM,13T00,GATESHEAD OUTER WEST PCN,U41930,OLDWELL SURGERY,,,,,,4765
202412,QHM,13T00,JESMOND - LOWER GOSFORTH PCN,U34146,JESMOND HEALTH PARTNERSHIP,,,,,,27344
202412,QHM,13T00,JESMOND - LOWER GOSFORTH PCN,U34146,ROSEWORTH SURGERY,,,,,,5829
202412,QHM,13T00,JESMOND - LOWER GOSFORTH PCN,U34146,THE GROVE MEDICAL GROUP,,,,,,13273
202412,QHM,13T00,NEWCASTLE CENTRAL HEALTH PCN,U43524,SAVILLE MEDICAL GROUP,,,,,,42832
202412,QHM,13T00,NEWCASTLE EAST PCN,U17849,BENFIELD PARK MEDICAL GROUP,,,,,,10221
202412,QHM,13T00,NEWCASTLE EAST PCN,U17849,BIDDLESTONE HEALTH GROUP,,,,,,10674
202412,QHM,13T00,NEWCASTLE EAST PCN,U17849,HEATON ROAD SURGERY,,,,,,7309
202412,QHM,13T00,NEWCASTLE EAST PCN,U17849,NEWCASTLE MEDICAL CENTRE,,,,,,21803
202412,QHM,13T00,NEWCASTLE EAST PCN,U17849,ST.ANTHONY'S HEALTH CENTRE,,,,,,6710
202412,QHM,13T00,NEWCASTLE EAST PCN,U17849,THORNFIELD MEDICAL GROUP,,,,,,20457
202412,QHM,13T00,NEWCASTLE EAST PCN,U17849,WALKER MEDICAL GROUP,,,,,,10649
202412,QHM,13T00,NEWCASTLE INNER WEST PCN,U45898,BETTS AVENUE MEDICAL GROUP,,,,,,10837
202412,QHM,13T00,NEWCASTLE INNER WEST PCN,U45898,DILSTON MEDICAL CENTRE,,,,,,9583
202412,QHM,13T00,NEWCASTLE INNER WEST PCN,U45898,ELSWICK FAMILY PRACTICE,,,,,,8224
202412,QHM,13T00,NEWCASTLE INNER WEST PCN,U45898,FENHAM HALL SURGERY,,,,,,10693
202412,QHM,13T00,NEWCASTLE INNER WEST PCN,U45898,PROSPECT MEDICAL CENTRE,,,,,,15025
202412,QHM,13T00,NEWCASTLE OUTER WEST PCN,U87170,DENTON PARK MEDICAL GROUP,,,,,,7383
202412,QHM,13T00,NEWCASTLE OUTER WEST PCN,U87170,DENTON TURRET MEDICAL CENTRE,Chloral hydrate (0401010B0),1,488.5124,30,30,9086
202412,QHM,13T00,NEWCASTLE OUTER WEST PCN,U87170,NEWBURN SURGERY,,,,,,6158
202412,QHM,13T00,NEWCASTLE OUTER WEST PCN,U87170,PARKWAY MEDICAL GROUP,,,,,,8455
202412,QHM,13T00,NEWCASTLE OUTER WEST PCN,U87170,THROCKLEY PRIMARY CARE CENTRE,,,,,,7361
202412,QHM,13T00,NEWCASTLE OUTER WEST PCN,U87170,WESTERHOPE MEDICAL GROUP,,,,,,13639
202412,QHM,13T00,NORTH GOSFORTH PCN,U70624,BRUNTON PARK,Chloral hydrate (0401010B0),2,488.5248,30,30,8305
202412,QHM,13T00,NORTH GOSFORTH PCN,U70624,PARK MEDICAL GROUP,,,,,,13223
202412,QHM,13T00,NORTH GOSFORTH PCN,U70624,REGENT MEDICAL CENTRE,,,,,,7604
202412,QHM,13T00,WEST END FAMILY HEALTH PCN,U44695,CRUDDAS PARK SURGERY,,,,,,11633
202412,QHM,13T00,WEST END FAMILY HEALTH PCN,U44695,HOLMSIDE MEDICAL GROUP,,,,,,10123
202412,QHM,13T00,WEST END FAMILY HEALTH PCN,U44695,WEST ROAD MEDICAL CENTRE,,,,,,12437
202412,QHM,16C00,BILLINGHAM & NORTON PCN,U94460,DR RASOOL,,,,,,2219
202412,QHM,16C00,BILLINGHAM & NORTON PCN,U94460,KINGSWAY MEDICAL CENTRE,,,,,,9803
202412,QHM,16C00,BILLINGHAM & NORTON PCN,U94460,MARSH HOUSE MEDICAL PRACTICE,,,,,,8533
202412,QHM,16C00,BILLINGHAM & NORTON PCN,U94460,MELROSE SURGERY,,,,,,2407
202412,QHM,16C00,BILLINGHAM & NORTON PCN,U94460,NORTON MEDICAL CENTRE,,,,,,16476
202412,QHM,16C00,BILLINGHAM & NORTON PCN,U94460,QUEENSTREE PRACTICE,,,,,,4149
202412,QHM,16C00,BILLINGHAM & NORTON PCN,U94460,THE ROSEBERRY PRACTICE,,,,,,7971
202412,QHM,16C00,BYTES PCN,U63844,EAGLESCLIFFE MEDICAL PRACTICE,,,,,,12433
202412,QHM,16C00,BYTES PCN,U63844,PARK LANE SURGERY,,,,,,5345
202412,QHM,16C00,BYTES PCN,U63844,THORNABY & BARWICK MEDICAL GROUP,,,,,,20961
202412,QHM,16C00,BYTES PCN,U63844,YARM MEDICAL PRACTICE,,,,,,14786
202412,QHM,16C00,CENTRAL MIDDLESBROUGH PCN,U55830,MARTONSIDE MEDICAL CENTRE,,,,,,7911
202412,QHM,16C00,CENTRAL MIDDLESBROUGH PCN,U55830,PARK SURGERY,,,,,,12295
202412,QHM,16C00,CENTRAL MIDDLESBROUGH PCN,U55830,PROSPECT SURGERY,,,,,,7295
202412,QHM,16C00,CENTRAL MIDDLESBROUGH PCN,U55830,THE DISCOVERY PRACTICE,,,,,,8690
202412,QHM,16C00,CENTRAL MIDDLESBROUGH PCN,U55830,THE ENDEAVOUR PRACTICE,,,,,,8936
202412,QHM,16C00,CENTRAL MIDDLESBROUGH PCN,U55830,THE ERIMUS PRACTICE,,,,,,6762
202412,QHM,16C00,CENTRAL MIDDLESBROUGH PCN,U55830,THORNTREE SURGERY,,,,,,2727
202412,QHM,16C00,DARLINGTON PCN,U45102,BLACKETTS MEDICAL PRACTICE,,,,,,11338
202412,QHM,16C00,DARLINGTON PCN,U45102,CARMEL MEDICAL PRACTICE,Chloral hydrate (0401010B0),2,488.5248,19.299,19.299,11621
202412,QHM,16C00,DARLINGTON PCN,U45102,CLIFTON COURT MEDICAL PRACTICE,,,,,,12286
202412,QHM,16C00,DARLINGTON PCN,U45102,DENMARK STREET SURGERY,,,,,,15107
202412,QHM,16C00,DARLINGTON PCN,U45102,MIDDLETON AND DINSDALE MEDICAL PRACTICE,,,,,,5900
202412,QHM,16C00,DARLINGTON PCN,U45102,MOORLANDS SURGERY,,,,,,13235
202412,QHM,16C00,DARLINGTON PCN,U45102,NEASHAM ROAD SURGERY,,,,,,13353
202412,QHM,16C00,DARLINGTON PCN,U45102,ORCHARD COURT SURGERY,,,,,,8604
202412,QHM,16C00,DARLINGTON PCN,U45102,PARKGATE SURGERY,,,,,,4844
202412,QHM,16C00,DARLINGTON PCN,U45102,ROCKLIFFE COURT SURGERY,,,,,,6220
202412,QHM,16C00,DARLINGTON PCN,U45102,WHINFIELD MEDICAL PRACTICE,,,,,,12163
202412,QHM,16C00,DUMMY,-,THE RIDGEWAY HEALTH CENTRE,,,,,,27
202412,QHM,16C00,EAST CLEVELAND PCN,U07842,BROTTON SURGERY,,,,,,7583
202412,QHM,16C00,EAST CLEVELAND PCN,U07842,HILLSIDE PRACTICE,,,,,,9395
202412,QHM,16C00,EAST CLEVELAND PCN,U07842,SPRINGWOOD SURGERY,,,,,,7727
202412,QHM,16C00,EAST CLEVELAND PCN,U07842,THE GARTH,,,,,,11518
202412,QHM,16C00,EAST CLEVELAND PCN,U07842,WOODSIDE SURGERY,,,,,,5911
202412,QHM,16C00,ESTON PCN,U85257,CAMBRIDGE MEDICAL GROUP,,,,,,7314
202412,QHM,16C00,ESTON PCN,U85257,NORMANBY MEDICAL CENTRE,Chloral hydrate (0401010B0),1,488.5124,30,30,22901
202412,QHM,16C00,ESTON PCN,U85257,SOUTH GRANGE MEDICAL GROUP PRACTICE,,,,,,15304
202412,QHM,16C00,ESTON PCN,U85257,THE ESTON SURGERY ( D 01-Oct-25 ),,,,,,3747
202412,QHM,16C00,GREATER MIDDLESBROUGH PCN,U02671,ACKLAM MEDICAL CENTRE,Chloral hydrate (0401010B0),1,488.5124,30,30,11335
202412,QHM,16C00,GREATER MIDDLESBROUGH PCN,U02671,COULBY MEDICAL PRACTICE,,,,,,9235
202412,QHM,16C00,GREATER MIDDLESBROUGH PCN,U02671,CROSSFELL HEALTH CENTRE,,,,,,8953
202412,QHM,16C00,GREATER MIDDLESBROUGH PCN,U02671,HIRSEL MEDICAL CENTRE,,,,,,3800
202412,QHM,16C00,GREATER MIDDLESBROUGH PCN,U02671,KINGS MEDICAL CENTRE,,,,,,6512
202412,QHM,16C00,GREATER MIDDLESBROUGH PCN,U02671,NEWLANDS MEDICAL CENTRE,,,,,,9829
202412,QHM,16C00,GREATER MIDDLESBROUGH PCN,U02671,PARKWAY MEDICAL CENTRE,,,,,,9214
202412,QHM,16C00,GREATER MIDDLESBROUGH PCN,U02671,WESTBOURNE MEDICAL CENTRE,,,,,,5574
202412,QHM,16C00,HARTLEPOOL HEALTH PCN,U40502,MCKENZIE GROUP PRACTICE,,,,,,6190
202412,QHM,16C00,HARTLEPOOL HEALTH PCN,U40502,MCKENZIE HOUSE SURGERY,Chloral hydrate (0401010B0),1,911.9824,56,56,18892
202412,QHM,16C00,HARTLEPOOL HEALTH PCN,U40502,THE HEADLAND MEDICAL CENTRE,,,,,,5365
202412,QHM,16C00,HARTLEPOOL PCN,U70212,GLADSTONE HOUSE SURGERY,,,,,,5710
202412,QHM,16C00,HARTLEPOOL PCN,U70212,HART MEDICAL PRACTICE,,,,,,9428
202412,QHM,16C00,HARTLEPOOL PCN,U70212,THE PATEL PRACTICE,,,,,,4017
202412,QHM,16C00,HARTLEPOOL PCN,U70212,WEST QUAY MEDICAL PRACTICE,,,,,,6242
202412,QHM,16C00,HARTLEPOOL PCN,U70212,WEST VIEW MILLENIUM SURGERY A,,,,,,7545
202412,QHM,16C00,HOLGATE PCN,U85008,BOROUGH ROAD & NUNTHORPE MEDICAL GROUP,,,,,,16504
202412,QHM,16C00,HOLGATE PCN,U85008,LINTHORPE SURGERY,,,,,,20925
202412,QHM,16C00,HOLGATE PCN,U85008,VILLAGE MEDICAL CENTRE,,,,,,8205
202412,QHM,16C00,NORTH STOCKTON PCN,U07032,ALMA MEDICAL CENTRE,Chloral hydrate (0401010B0),1,732.7624,45,45,11063
202412,QHM,16C00,NORTH STOCKTON PCN,U07032,QUEENS PARK MEDICAL CENTRE,,,,,,18743
202412,QHM,16C00,NORTH STOCKTON PCN,U07032,TENNANT STREET MEDICAL PRACTICE,,,,,,14735
202412,QHM,16C00,ONE LIFE HARTLEPOOL PCN,U27349,BANKHOUSE SURGERY,,,,,,10567
202412,QHM,16C00,ONE LIFE HARTLEPOOL PCN,U27349,CHADWICK PRACTICE,,,,,,11819
202412,QHM,16C00,ONE LIFE HARTLEPOOL PCN,U27349,HAVELOCK GRANGE PRACTICE,,,,,,13699
202412,QHM,16C00,REDCAR COASTAL PCN,U23714,BENTLEY MEDICAL PRACTICE,Chloral hydrate (0401010B0),1,488.5124,30,30,10178
202412,QHM,16C00,REDCAR COASTAL PCN,U23714,HUNTCLIFF SURGERY,Chloral hydrate (0401010B0),3,1628.5772,100,100,10084
202412,QHM,16C00,REDCAR COASTAL PCN,U23714,THE COATHAM ROAD SURGERY,Chloral hydrate (0401010B0),1,488.5124,30,30,6210
202412,QHM,16C00,REDCAR COASTAL PCN,U23714,THE GREEN HOUSE SURGERY,,,,,,10212
202412,QHM,16C00,REDCAR COASTAL PCN,U23714,THE RAVENSCAR SURGERY,,,,,,3325
202412,QHM,16C00,REDCAR COASTAL PCN,U23714,THE SALTSCAR SURGERY,,,,,,8568
202412,QHM,16C00,REDCAR COASTAL PCN,U23714,ZETLAND MEDICAL PRACTICE,,,,,,6929
202412,QHM,16C00,STOCKTON PCN,U89141,ELM TREE SURGERY,,,,,,13860
202412,QHM,16C00,STOCKTON PCN,U89141,RIVERSIDE MEDICAL PRACTICE,,,,,,6866
202412,QHM,16C00,STOCKTON PCN,U89141,THE ARRIVAL PRACTICE ( D 01-Jun-25 ),,,,,,3292
202412,QHM,16C00,STOCKTON PCN,U89141,THE DENSHAM SURGERY,,,,,,3894
202412,QHM,16C00,STOCKTON PCN,U89141,THE DOVECOT SURGERY,,,,,,4141
202412,QHM,16C00,STOCKTON PCN,U89141,WOODBRIDGE PRACTICE,Chloral hydrate (0401010B0),1,732.7624,45,45,18393
202412,QHM,16C00,STOCKTON PCN,U89141,WOODLANDS FAMILY MEDICAL CENTRE,,,,,,12377
202412,QHM,84H00,BISHOP AUCKLAND PCN,U85067,AUCKLAND MEDICAL GROUP,,,,,,15900
202412,QHM,84H00,BISHOP AUCKLAND PCN,U85067,BISHOPGATE MEDICAL CENTRE,,,,,,13612
202412,QHM,84H00,BISHOP AUCKLAND PCN,U85067,STATION VIEW MEDICAL CENTRE,,,,,,9754
202412,QHM,84H00,CHESTER LE STREET PCN,U77096,BRIDGE END SURGERY,,,,,,7807
202412,QHM,84H00,CHESTER LE STREET PCN,U77096,CESTRIA HEALTH CENTRE,,,,,,12712
202412,QHM,84H00,CHESTER LE STREET PCN,U77096,GREAT LUMLEY SURGERY,,,,,,5268
202412,QHM,84H00,CHESTER LE STREET PCN,U77096,MIDDLE CHARE MEDICAL GROUP,,,,,,9422
202412,QHM,84H00,CHESTER LE STREET PCN,U77096,PELTON & FELLROSE MEDICAL GROUP,,,,,,9952
202412,QHM,84H00,CHESTER LE STREET PCN,U77096,SACRISTON MEDICAL CENTRE,,,,,,10773
202412,QHM,84H00,CHESTER LE STREET PCN,U77096,VILLAGES MEDICAL GROUP,,,,,,4184
202412,QHM,84H00,CLAYPATH & UNIVERSITY MEDICAL GROUP PCN,U38486,CLAYPATH & UNIVERSITY MEDICAL GROUP,,,,,,33594
202412,QHM,84H00,DERWENTSIDE PCN,U70497,ANNFIELD PLAIN SURGERY,,,,,,3590
202412,QHM,84H00,DERWENTSIDE PCN,U70497,BROWNEY HOUSE SURGERY,,,,,,2661
202412,QHM,84H00,DERWENTSIDE PCN,U70497,CEDARS MEDICAL GROUP,,,,,,6140
202412,QHM,84H00,DERWENTSIDE PCN,U70497,CONSETT MEDICAL CENTRE,Chloral hydrate (0401010B0),2,488.5248,30,30,16903
202412,QHM,84H00,DERWENTSIDE PCN,U70497,DRS LAMBERT & NG,,,,,,5294
202412,QHM,84H00,DERWENTSIDE PCN,U70497,LANCHESTER MEDICAL CENTRE,,,,,,4152
202412,QHM,84H00,DERWENTSIDE PCN,U70497,LEADGATE SURGERY,,,,,,5867
202412,QHM,84H00,DERWENTSIDE PCN,U70497,OAKFIELDS HEALTH GROUP,,,,,,7640
202412,QHM,84H00,DERWENTSIDE PCN,U70497,QUEENS ROAD SURGERY,,,,,,16125
202412,QHM,84H00,DERWENTSIDE PCN,U70497,STANLEY MEDICAL GROUP,,,,,,12438
202412,QHM,84H00,DERWENTSIDE PCN,U70497,TANFIELD VIEW MEDICAL GROUP,Chloral hydrate (0401010B0),1,488.5124,30,30,10828
202412,QHM,84H00,DERWENTSIDE PCN,U70497,THE HAVEN SURGERY,,,,,,1727
202412,QHM,84H00,DURHAM COAST PCN,U26864,BEVAN MEDICAL GROUP,,,,,,8549
202412,QHM,84H00,DURHAM COAST PCN,U26864,EAST DURHAM MEDICAL GROUP,,,,,,18296
202412,QHM,84H00,DURHAM COAST PCN,U26864,SOUTHDENE MEDICAL CENTRE,,,,,,3396
202412,QHM,84H00,DURHAM COAST PCN,U26864,WINGATE MEDICAL PRACTICE INTRAHEALTH,,,,,,3521
202412,QHM,84H00,DURHAM EAST PCN,U53962,BELMONT & SHERBURN MEDICAL GROUP,Chloral hydrate (0401010B0),2,488.5248,30,30,6246
202412,QHM,84H00,DURHAM EAST PCN,U53962,BOWBURN MEDICAL CENTRE,,,,,,4490
202412,QHM,84H00,DURHAM EAST PCN,U53962,CHEVELEY PARK MEDICAL CTR,,,,,,5033
202412,QHM,84H00,DURHAM EAST PCN,U53962,COXHOE MEDICAL PRACTICE,,,,,,7554
202412,QHM,84H00,DURHAM EAST PCN,U53962,WEST RAINTON SURGERY,,,,,,5507
202412,QHM,84H00,DURHAM WEST PCN,U01989,CHASTLETON MEDICAL GROUP,,,,,,10455
202412,QHM,84H00,DURHAM WEST PCN,U01989,DUNELM MEDICAL PRACTICE,,,,,,14509
202412,QHM,84H00,DURHAM WEST PCN,U01989,THE MEDICAL GROUP,,,,,,26692
202412,QHM,84H00,EASINGTON CENTRAL PCN,U14615,BLACKHALL AND PETERLEE PRACTICE,,,,,,10226
202412,QHM,84H00,EASINGTON CENTRAL PCN,U14615,THE HORDEN GROUP PRACTICE,,,,,,8263
202412,QHM,84H00,EASINGTON CENTRAL PCN,U14615,WILLIAM BROWN CENTRE,Chloral hydrate (0401010B0),2,488.5248,30,30,15695
202412,QHM,84H00,NORTH EASINGTON PCN,U81825,BYRON MEDICAL PRACTICE,Chloral hydrate (0401010B0),1,162.9424,10,10,8343
202412,QHM,84H00,NORTH EASINGTON PCN,U81825,MARLBOROUGH SURGERY,,,,,,11335
202412,QHM,84H00,NORTH EASINGTON PCN,U81825,MURTON MEDICAL CENTRE,,,,,,7337
202412,QHM,84H00,NORTH EASINGTON PCN,U81825,SILVERDALE FAMILY PRACTICE,,,,,,6616
202412,QHM,84H00,NORTH EASINGTON PCN,U81825,THE NEW SEAHAM MEDICAL GROUP,,,,,,4654
202412,QHM,84H00,SEDGEFIELD 1 PCN,U37593,BEWICK CRESCENT SURGERY,,,,,,13091
202412,QHM,84H00,SEDGEFIELD 1 PCN,U37593,HALLGARTH SURGERY,,,,,,5381
202412,QHM,84H00,SEDGEFIELD 1 PCN,U37593,JUBILEE MEDICAL GROUP,,,,,,12548
202412,QHM,84H00,SEDGEFIELD 1 PCN,U37593,PEASE WAY MEDICAL CENTRE,,,,,,12109
202412,QHM,84H00,SEDGEFIELD NORTH PCN,U12365,BISHOPS CLOSE MEDICAL PRACTICE,,,,,,8649
202412,QHM,84H00,SEDGEFIELD NORTH PCN,U12365,FERRYHILL AND CHILTON MEDICAL PRACTICE,,,,,,14912
202412,QHM,84H00,SEDGEFIELD NORTH PCN,U12365,SKERNE MEDICAL GROUP,Chloral hydrate (0401010B0),1,977.0124,60,60,16734
202412,QHM,84H00,SEDGEFIELD NORTH PCN,U12365,ST ANDREW'S MEDICAL PRACTICE,,,,,,15573
202412,QHM,84H00,SEDGEFIELD NORTH PCN,U12365,WEST CORNFORTH MEDICAL CENTRE,,,,,,2720
202412,QHM,84H00,TEESDALE PCN,U31619,BARNARD CASTLE SURGERY,,,,,,10937
202412,QHM,84H00,TEESDALE PCN,U31619,EVENWOOD MEDICAL PRACTICE,,,,,,2250
202412,QHM,84H00,TEESDALE PCN,U31619,GAINFORD SURGERY,,,,,,3677
202412,QHM,84H00,TEESDALE PCN,U31619,OLD FORGE SURGERY,,,,,,2660
202412,QHM,84H00,TEESDALE PCN,U31619,PINFOLD MEDICAL PRACTICE,,,,,,2885
202412,QHM,84H00,TEESDALE PCN,U31619,WOODVIEW MEDICAL PRACTICE,,,,,,2573
202412,QHM,84H00,WEAR VALLEY PCN,U96202,NORTH HOUSE SURGERY,,,,,,13551
202412,QHM,84H00,WEAR VALLEY PCN,U96202,THE WEARDALE PRACTICE,,,,,,7199
202412,QHM,84H00,WEAR VALLEY PCN,U96202,WILLINGTON MEDICAL GROUP,,,,,,9219
202412,QHM,99C00,CRAMLINGTON SEATON VALLEY PCN,U24977,WOODLANDS PARK HEALTH CTR,,,,,,6525
202412,QHM,99C00,NORTH SHIELDS PCN,U91110,COLLINGWOOD HEALTH GROUP,,,,,,24411
202412,QHM,99C00,NORTH SHIELDS PCN,U91110,PRIORY MEDICAL GROUP,,,,,,15441
202412,QHM,99C00,NORTH SHIELDS PCN,U91110,REDBURN PARK MEDICAL CENTRE,,,,,,6191
202412,QHM,99C00,NORTH SHIELDS PCN,U91110,NELSON MEDICAL GROUP ( C 01-May-26 ),,,,,,4953
202412,QHM,99C00,NORTH TYNESIDE NORTH WEST PCN,U95193,LANE END SURGERY,,,,,,9529
202412,QHM,99C00,NORTH TYNESIDE NORTH WEST PCN,U95193,MALLARD MEDICAL PRACTICE,Chloral hydrate (0401010B0),1,488.5124,30,30,5439
202412,QHM,99C00,NORTH TYNESIDE NORTH WEST PCN,U95193,STEPHENSON PARK HEALTH GROUP,,,,,,17879
202412,QHM,99C00,NORTH TYNESIDE NORTH WEST PCN,U95193,SWARLAND AVENUE SURGERY,,,,,,6714
202412,QHM,99C00,NORTH TYNESIDE NORTH WEST PCN,U95193,WELLSPRING MEDICAL PRACT.,,,,,,6479
202412,QHM,99C00,NORTH TYNESIDE NORTH WEST PCN,U95193,WEST FARM SURGERY,,,,,,6009
202412,QHM,99C00,NORTH TYNESIDE NORTH WEST PCN,U95193,WIDEOPEN MEDICAL CENTRE,,,,,,7580
202412,QHM,99C00,NORTHUMBRIA PCN,U09980,NPC NORTH TYNESIDE - SPRING TERRACE,Chloral hydrate (0401010B0),23,947.0852,58,58,5961
202412,QHM,99C00,WALLSEND PCN,U10386,BEWICKE MEDICAL CENTRE,,,,,,9370
202412,QHM,99C00,WALLSEND PCN,U10386,HADRIAN HEALTH CENTRE,,,,,,20921
202412,QHM,99C00,WALLSEND PCN,U10386,THE VILLAGE GREEN SURGERY,,,,,,12813
202412,QHM,99C00,WHITLEY BAY PCN,U02739,BEAUMONT PARK SURGERY,,,,,,6486
202412,QHM,99C00,WHITLEY BAY PCN,U02739,BRIDGE AND MONKSEATON MEDICAL PRACTICE,,,,,,13313
202412,QHM,99C00,WHITLEY BAY PCN,U02739,MARINE AVENUE MEDICAL CTR,,,,,,8758
202412,QHM,99C00,WHITLEY BAY PCN,U02739,NORTHUMBERLAND PARK MEDICAL GROUP,,,,,,9602
202412,QHM,99C00,WHITLEY BAY PCN,U02739,WHITLEY BAY HEALTH CENTRE,,,,,,13625
202412,QHM,99C00,WHITLEY BAY PCN,U02739,49 MARINE AVENUE SURGERY ( C 01-May-26 ),,,,,,5846
202412,QHM,99C00,WHITLEY BAY PCN,U02739,PARK PARADE PRACTICE ( C 01-May-26 ),,,,,,4828
202501,QHM,00L00,BLYTH PCN,U25489,MARINE MEDICAL GROUP,,,,,,13673
202501,QHM,00L00,BLYTH PCN,U25489,RAILWAY MEDICAL GROUP,,,,,,27117
202501,QHM,00L00,CRAMLINGTON SEATON VALLEY PCN,U24977,FORUM FAMILY PRACTICE,,,,,,8963
202501,QHM,00L00,CRAMLINGTON SEATON VALLEY PCN,U24977,NETHERFIELD HOUSE,,,,,,5987
202501,QHM,00L00,CRAMLINGTON SEATON VALLEY PCN,U24977,VILLAGE MEDICAL GROUP,,,,,,11257
202501,QHM,00L00,DUMMY,-,RIVERSDALE SURGERY,,,,,,5965
202501,QHM,00L00,DUMMY,-,THE ADDERLANE SURGERY,,,,,,2173
202501,QHM,00L00,NORTHUMBRIA PCN,U09980,NPC AMBLE & BROOMHILL,,,,,,12167
202501,QHM,00L00,NORTHUMBRIA PCN,U09980,NPC CENTRAL NORTHUMBERLAND,,,,,,49685
202501,QHM,00L00,NORTHUMBRIA PCN,U09980,NPC CRAMLINGTON,,,,,,5384
202501,QHM,00L00,NORTHUMBRIA PCN,U09980,NPC ELSDON AVENUE,,,,,,4288
202501,QHM,00L00,NORTHUMBRIA PCN,U09980,NPC FELTON & WIDDRINGTON,,,,,,4581
202501,QHM,00L00,NORTHUMBRIA PCN,U09980,NPC HAYDON BRIDGE & ALLENDALE,,,,,,5265
202501,QHM,00L00,NORTHUMBRIA PCN,U09980,NPC PONTELAND,Chloral hydrate (0401010B0),1,455.0124,50,50,10760
202501,QHM,00L00,NORTHUMBRIA PCN,U09980,NPC ROTHBURY,,,,,,6176
202501,QHM,00L00,WANSBECK PCN,U11112,BEDLINGTONSHIRE MED.GROUP,,,,,,12770
202501,QHM,00L00,WANSBECK PCN,U11112,GUIDEPOST MEDICAL GROUP,,,,,,8046
202501,QHM,00L00,WANSBECK PCN,U11112,SEATON PARK MEDICAL GROUP,,,,,,19649
202501,QHM,00L00,WANSBECK PCN,U11112,THE GABLES MEDICAL GROUP,,,,,,6313
202501,QHM,00L00,WELL UP NORTH PCN,U25545,ALNWICK MEDICAL GROUP,,,,,,18875
202501,QHM,00L00,WELL UP NORTH PCN,U25545,BELFORD MEDICAL PRACTICE,,,,,,4495
202501,QHM,00L00,WELL UP NORTH PCN,U25545,GAS HOUSE LANE SURGERY,Chloral hydrate (0401010B0),1,244.2624,15,15,7147
202501,QHM,00L00,WELL UP NORTH PCN,U25545,GREYSTOKE SURGERY,,,,,,10688
202501,QHM,00L00,WELL UP NORTH PCN,U25545,UNION BRAE & NORHAM PRAC,,,,,,7196
202501,QHM,00L00,WELL UP NORTH PCN,U25545,WELL CLOSE MEDICAL GROUP,,,,,,9183
202501,QHM,00L00,WELL UP NORTH PCN,U25545,WOOLER HEALTH,,,,,,4858
202501,QHM,00L00,WEST NORTHUMBERLAND PCN,U05512,BELLINGHAM PRACTICE,,,,,,3446
202501,QHM,00L00,WEST NORTHUMBERLAND PCN,U05512,BRANCH END SURGERY,,,,,,5385
202501,QHM,00L00,WEST NORTHUMBERLAND PCN,U05512,BURN BRAE MEDICAL GROUP,,,,,,10417
202501,QHM,00L00,WEST NORTHUMBERLAND PCN,U05512,CORBRIDGE HEALTH CENTRE,,,,,,7293
202501,QHM,00L00,WEST NORTHUMBERLAND PCN,U05512,HALTWHISTLE MEDICAL GROUP,,,,,,5568
202501,QHM,00L00,WEST NORTHUMBERLAND PCN,U05512,HUMSHAUGH & WARK MED GRP,,,,,,3429
202501,QHM,00L00,WEST NORTHUMBERLAND PCN,U05512,PRUDHOE MEDICAL GROUP,,,,,,6925
202501,QHM,00L00,WEST NORTHUMBERLAND PCN,U05512,SCOTS GAP MEDICAL GROUP,,,,,,2139
202501,QHM,00L00,WEST NORTHUMBERLAND PCN,U05512,THE SELE MEDICAL PRACTICE,,,,,,5850
202501,QHM,00L00,WEST NORTHUMBERLAND PCN,U05512,WHITE MEDICAL GROUP,,,,,,8622
202501,QHM,00N00,SOUTH TYNESIDE EAST PCN,U20256,FARNHAM MEDICAL CTR.,,,,,,16964
202501,QHM,00N00,SOUTH TYNESIDE EAST PCN,U20256,ST GEORGE & RIVERSIDE MEDICAL PRACTICE,,,,,,7404
202501,QHM,00N00,SOUTH TYNESIDE EAST PCN,U20256,TALBOT MEDICAL CENTRE,,,,,,7826
202501,QHM,00N00,SOUTH TYNESIDE EAST PCN,U20256,TRINITY MEDICAL CENTRE,,,,,,6441
202501,QHM,00N00,SOUTH TYNESIDE EAST PCN,U20256,WENLOCK ROAD SURGERY,,,,,,4448
202501,QHM,00N00,SOUTH TYNESIDE EAST PCN,U20256,WEST VIEW SURGERY,,,,,,2898
202501,QHM,00N00,SOUTH TYNESIDE SOUTH PCN,U89118,CENTRAL SURGERY,,,,,,19164
202501,QHM,00N00,SOUTH TYNESIDE SOUTH PCN,U89118,COLLIERY COURT MEDICAL GROUP,,,,,,8332
202501,QHM,00N00,SOUTH TYNESIDE SOUTH PCN,U89118,DR THORNILEY-WALKER & PARTNERS,,,,,,6014
202501,QHM,00N00,SOUTH TYNESIDE SOUTH PCN,U89118,IMEARY MEDICAL GROUP,,,,,,4303
202501,QHM,00N00,SOUTH TYNESIDE SOUTH PCN,U89118,MARSDEN MEDICAL GROUP,Chloral hydrate (0401010B0),1,244.2624,15,15,22849
202501,QHM,00N00,SOUTH TYNESIDE SOUTH PCN,U89118,WHITBURN SURGERY,,,,,,5388
202501,QHM,00N00,SOUTH TYNESIDE WEST PCN,U37826,ALBERT ROAD SURGERY,,,,,,3380
202501,QHM,00N00,SOUTH TYNESIDE WEST PCN,U37826,EAST WING PRACTICE,,,,,,4271
202501,QHM,00N00,SOUTH TYNESIDE WEST PCN,U37826,ELLISON VIEW SURGERY,,,,,,6080
202501,QHM,00N00,SOUTH TYNESIDE WEST PCN,U37826,MAYFIELD MEDICAL GROUP,,,,,,9081
202501,QHM,00N00,SOUTH TYNESIDE WEST PCN,U37826,RAVENSWORTH SURGERY,,,,,,5922
202501,QHM,00N00,SOUTH TYNESIDE WEST PCN,U37826,THE G.P.SUITE,,,,,,4412
202501,QHM,00N00,SOUTH TYNESIDE WEST PCN,U37826,THE GLEN MEDICAL GROUP,,,,,,11144
202501,QHM,00N00,SOUTH TYNESIDE WEST PCN,U37826,VICTORIA MEDICAL CENTRE,,,,,,3645
202501,QHM,00P00,COALFIELDS PCN,U69720,GRANGEWOOD SURGERY,,,,,,7410
202501,QHM,00P00,COALFIELDS PCN,U69720,HERRINGTON MEDICAL CENTRE,,,,,,9569
202501,QHM,00P00,COALFIELDS PCN,U69720,HETTON GROUP PRACTICE,,,,,,11823
202501,QHM,00P00,COALFIELDS PCN,U69720,"HOUGHTON MEDICAL GROUP,",,,,,,8390
202501,QHM,00P00,COALFIELDS PCN,U69720,KEPIER MEDICAL PRACTICE,,,,,,8528
202501,QHM,00P00,COALFIELDS PCN,U69720,WESTBOURNE MEDICAL GROUP,,,,,,6614
202501,QHM,00P00,DUMMY,-,PALLION PRIMARY CARE SERVICES,,,,,,32
202501,QHM,00P00,SUNDERLAND CENTRAL PCN,U05458,HAPPY HOUSE SURGERY,,,,,,8190
202501,QHM,00P00,SUNDERLAND CENTRAL PCN,U05458,NEW SILKSWORTH MEDICAL PRACTICE,,,,,,9187
202501,QHM,00P00,SUNDERLAND CENTRAL PCN,U05458,SPRINGWELL MEDICAL GROUP,,,,,,6403
202501,QHM,00P00,SUNDERLAND CENTRAL PCN,U05458,SUNDERLAND GP ALLIANCE SOUTH HYLTON SURG,,,,,,4578
202501,QHM,00P00,SUNDERLAND CENTRAL PCN,U05458,VILLAGE SURGERY PARTNERSHIP,,,,,,4789
202501,QHM,00P00,SUNDERLAND EAST PCN,U52297,ASHBURN MEDICAL CENTRE,,,,,,5338
202501,QHM,00P00,SUNDERLAND EAST PCN,U52297,DEERNESS PARK MEDICAL GROUP,,,,,,13478
202501,QHM,00P00,SUNDERLAND EAST PCN,U52297,PARK LANE PRACTICE,,,,,,4395
202501,QHM,00P00,SUNDERLAND EAST PCN,U52297,RIVERVIEW SURGERY,,,,,,7001
202501,QHM,00P00,SUNDERLAND EAST PCN,U52297,SOUTHLANDS MEDICAL GROUP,,,,,,10491
202501,QHM,00P00,SUNDERLAND EAST PCN,U52297,THE NEW CITY MEDICAL GROUP,,,,,,5638
202501,QHM,00P00,SUNDERLAND EAST PCN,U52297,VILLETTE SURGERY,,,,,,5769
202501,QHM,00P00,SUNDERLAND NORTH PCN,U43314,BRIDGE VIEW MEDICAL GROUP,,,,,,14945
202501,QHM,00P00,SUNDERLAND NORTH PCN,U43314,CASTLETOWN MEDICAL CENTRE,,,,,,2107
202501,QHM,00P00,SUNDERLAND NORTH PCN,U43314,"FULWELL MEDICAL CENTRE,",,,,,,9219
202501,QHM,00P00,SUNDERLAND NORTH PCN,U43314,MONKWEARMOUTH HEALTH CENTRE,,,,,,4662
202501,QHM,00P00,SUNDERLAND NORTH PCN,U43314,RED HOUSE MEDICAL CENTRE,,,,,,5548
202501,QHM,00P00,SUNDERLAND NORTH PCN,U43314,ST BEDE MEDICAL CENTRE,,,,,,9297
202501,QHM,00P00,SUNDERLAND WEST 1 PCN,U14646,CHESTER SURGERY,,,,,,3049
202501,QHM,00P00,SUNDERLAND WEST 1 PCN,U14646,FORGE MEDICAL PRACTICE,,,,,,8646
202501,QHM,00P00,SUNDERLAND WEST 1 PCN,U14646,HYLTON MEDICAL GROUP,,,,,,7160
202501,QHM,00P00,SUNDERLAND WEST 1 PCN,U14646,MILLFIELD MEDICAL GROUP,,,,,,14567
202501,QHM,00P00,SUNDERLAND WEST 1 PCN,U14646,PALLION FAMILY PRACTICE,,,,,,10147
202501,QHM,00P00,SUNDERLAND WEST 1 PCN,U14646,THE BROADWAY MEDICAL PRACTICE,,,,,,7629
202501,QHM,00P00,SUNDERLAND WEST 1 PCN,U14646,WEARSIDE MEDICAL PRACTICE - PALLION,,,,,,8148
202501,QHM,00P00,WASHINGTON PCN,U61868,CONCORD MEDICAL PRACTICE,,,,,,5225
202501,QHM,00P00,WASHINGTON PCN,U61868,GALLERIES MEDICAL PRACTICE,,,,,,11488
202501,QHM,00P00,WASHINGTON PCN,U61868,I J HEALTHCARE,,,,,,3641
202501,QHM,00P00,WASHINGTON PCN,U61868,NEW WASHINGTON MEDICAL GROUP,,,,,,7220
202501,QHM,00P00,WASHINGTON PCN,U61868,RICKLETON MEDICAL CENTRE,,,,,,2744
202501,QHM,00P00,WASHINGTON PCN,U61868,SUNDERLAND GP ALLIANCE MEDICAL PRACTICE,,,,,,10125
202501,QHM,00P00,WASHINGTON PCN,U61868,THE STEPHENSON MEDICAL PRACTICE,,,,,,12312
202501,QHM,01H00,CARLISLE HEALTHCARE PCN,U92223,BRAMPTON MEDICAL PRACTICE,,,,,,16712
202501,QHM,01H00,CARLISLE HEALTHCARE PCN,U92223,CARLISLE HEALTHCARE,,,,,,39657
202501,QHM,01H00,CARLISLE HEALTHCARE PCN,U92223,LONGTOWN MEDICAL CENTRE,,,,,,3851
202501,QHM,01H00,CARLISLE HEALTHCARE PCN,U92223,SPENCER ST SURGERY,,,,,,13510
202501,QHM,01H00,CARLISLE PCN,U66688,CARLISLE CENTRAL PRACTICE,,,,,,13627
202501,QHM,01H00,CARLISLE PCN,U66688,EDEN MEDICAL GROUP,,,,,,15960
202501,QHM,01H00,CARLISLE PCN,U66688,WARWICK SQUARE GROUP PRACTICE,,,,,,7737
202501,QHM,01H00,COCKERMOUTH & MARYPORT PCN,U76572,CASTLEGATE AND DERWENT SURGERY,,,,,,18198
202501,QHM,01H00,COCKERMOUTH & MARYPORT PCN,U76572,MARYPORT HEALTH SERVICES,,,,,,13834
202501,QHM,01H00,COPELAND HAVEN PCN,U94879,DISTINGTON SURGERY,,,,,,6329
202501,QHM,01H00,COPELAND HAVEN PCN,U94879,MANSION HOUSE SURGERY,,,,,,7537
202501,QHM,01H00,COPELAND HAVEN PCN,U94879,WESTCROFT HOUSE SURGERY,,,,,,6122
202501,QHM,01H00,COPELAND PCN,U48302,FELLVIEW HEALTHCARE,,,,,,23234
202501,QHM,01H00,COPELAND PCN,U48302,LOWTHER MEDICAL CENTRE,,,,,,13881
202501,QHM,01H00,COPELAND PCN,U48302,SEASCALE HEALTH CENTRE,,,,,,5929
202501,QHM,01H00,EDEN (CUMBRIA) PCN,U08085,ALSTON MEDICAL PRACTICE,,,,,,2215
202501,QHM,01H00,EDEN (CUMBRIA) PCN,U08085,APPLEBY MEDICAL PRACTICE,,,,,,5118
202501,QHM,01H00,EDEN (CUMBRIA) PCN,U08085,BIRBECK MEDICAL GROUP,,,,,,14566
202501,QHM,01H00,EDEN (CUMBRIA) PCN,U08085,COURT THORN SURGERY,,,,,,3777
202501,QHM,01H00,EDEN (CUMBRIA) PCN,U08085,GLENRIDDING HEALTH CENTRE,,,,,,967
202501,QHM,01H00,EDEN (CUMBRIA) PCN,U08085,KIRKOSWALD SURGERY,,,,,,2744
202501,QHM,01H00,EDEN (CUMBRIA) PCN,U08085,SHAP MEDICAL PRACTICE,,,,,,3290
202501,QHM,01H00,EDEN (CUMBRIA) PCN,U08085,TEMPLE SOWERBY MEDICAL PRACTICE,,,,,,4653
202501,QHM,01H00,EDEN (CUMBRIA) PCN,U08085,THE LAKES MEDICAL PRACTICE,,,,,,11439
202501,QHM,01H00,EDEN (CUMBRIA) PCN,U08085,UPPER EDEN MEDICAL PRACTICE,,,,,,6594
202501,QHM,01H00,KESWICK & SOLWAY PCN,U25680,ASPATRIA MEDICAL GROUP,,,,,,7144
202501,QHM,01H00,KESWICK & SOLWAY PCN,U25680,CALDBECK SURGERY,,,,,,4300
202501,QHM,01H00,KESWICK & SOLWAY PCN,U25680,CASTLEHEAD MEDICAL CENTRE,,,,,,8311
202501,QHM,01H00,KESWICK & SOLWAY PCN,U25680,DALSTON MEDICAL GROUP,,,,,,5142
202501,QHM,01H00,KESWICK & SOLWAY PCN,U25680,SILLOTH GROUP MEDICAL PRACTICE,,,,,,4398
202501,QHM,01H00,KESWICK & SOLWAY PCN,U25680,THE CROFT SURGERY,,,,,,3502
202501,QHM,01H00,KESWICK & SOLWAY PCN,U25680,WIGTON GROUP MEDICAL PRACTICE,,,,,,9098
202501,QHM,01H00,WORKINGTON PCN,U67303,JAMES STREET GROUP PRACT,,,,,,33245
202501,QHM,13T00,BIRTLEY AND CENTRAL GATESHEAD PCN,U76028,BIRTLEY MEDICAL GROUP,,,,,,15294
202501,QHM,13T00,BIRTLEY AND CENTRAL GATESHEAD PCN,U76028,OXFORD TCE & RAWLING RD MEDICAL GROUP,,,,,,17815
202501,QHM,13T00,BIRTLEY AND CENTRAL GATESHEAD PCN,U76028,SECOND STREET SURGERY,,,,,,4712
202501,QHM,13T00,BIRTLEY AND CENTRAL GATESHEAD PCN,U76028,THE BRIDGES MEDICAL PRACTICE,,,,,,8168
202501,QHM,13T00,GATESHEAD CENTRAL SOUTH PCN,U91254,BEACON VIEW MEDICAL CENTRE,,,,,,5708
202501,QHM,13T00,GATESHEAD CENTRAL SOUTH PCN,U91254,BENSHAM FAMILY PRACTICE,,,,,,3884
202501,QHM,13T00,GATESHEAD CENTRAL SOUTH PCN,U91254,BEWICK ROAD SURGERY,,,,,,8280
202501,QHM,13T00,GATESHEAD CENTRAL SOUTH PCN,U91254,CENTRAL GATESHEAD MEDICAL GROUP,,,,,,10622
202501,QHM,13T00,GATESHEAD CENTRAL SOUTH PCN,U91254,FELL COTTAGE SURGERY,,,,,,8650
202501,QHM,13T00,GATESHEAD CENTRAL SOUTH PCN,U91254,FELL TOWER MEDICAL CENTRE,,,,,,7528
202501,QHM,13T00,GATESHEAD CENTRAL SOUTH PCN,U91254,MILLENNIUM FAMILY PRACTICE,,,,,,3937
202501,QHM,13T00,GATESHEAD CENTRAL SOUTH PCN,U91254,WREKENTON MEDICAL GROUP,,,,,,12139
202501,QHM,13T00,GATESHEAD EAST PCN,U13720,CROWHALL MEDICAL CENTRE,,,,,,6459
202501,QHM,13T00,GATESHEAD EAST PCN,U13720,LONGRIGG MEDICAL CENTRE,,,,,,10207
202501,QHM,13T00,GATESHEAD EAST PCN,U13720,PELAW MEDICAL PRACTICE,,,,,,5498
202501,QHM,13T00,GATESHEAD EAST PCN,U13720,ST. ALBANS MEDICAL GROUP,,,,,,7289
202501,QHM,13T00,GATESHEAD INNER WEST PCN,U33691,CHAINBRIDGE MEDICAL PARTNERSHIP,,,,,,11529
202501,QHM,13T00,GATESHEAD INNER WEST PCN,U33691,GLENPARK & TEAMS MEDICAL SERVICES,,,,,,9056
202501,QHM,13T00,GATESHEAD INNER WEST PCN,U33691,SUNNISIDE SURGERY,,,,,,3835
202501,QHM,13T00,GATESHEAD INNER WEST PCN,U33691,WHICKHAM COTTAGE MEDICAL CENTRE,,,,,,15673
202501,QHM,13T00,GATESHEAD INNER WEST PCN,U33691,TEAMS MEDICAL PRACTICE ( C 01-May-26 ),,,,,,5458
202501,QHM,13T00,GATESHEAD OUTER WEST PCN,U41930,CHOPWELL PRIMARY HEALTHCARE CENTRE,,,,,,2565
202501,QHM,13T00,GATESHEAD OUTER WEST PCN,U41930,CRAWCROOK MEDICAL CENTRE,,,,,,20343
202501,QHM,13T00,GATESHEAD OUTER WEST PCN,U41930,HOLLYHURST MEDICAL CENTRE,,,,,,4870
202501,QHM,13T00,GATESHEAD OUTER WEST PCN,U41930,OLDWELL SURGERY,,,,,,4765
202501,QHM,13T00,JESMOND - LOWER GOSFORTH PCN,U34146,JESMOND HEALTH PARTNERSHIP,,,,,,27376
202501,QHM,13T00,JESMOND - LOWER GOSFORTH PCN,U34146,ROSEWORTH SURGERY,,,,,,5840
202501,QHM,13T00,JESMOND - LOWER GOSFORTH PCN,U34146,THE GROVE MEDICAL GROUP,,,,,,13234
202501,QHM,13T00,NEWCASTLE CENTRAL HEALTH PCN,U43524,SAVILLE MEDICAL GROUP,,,,,,42729
202501,QHM,13T00,NEWCASTLE EAST PCN,U17849,BENFIELD PARK MEDICAL GROUP,,,,,,10265
202501,QHM,13T00,NEWCASTLE EAST PCN,U17849,BIDDLESTONE HEALTH GROUP,,,,,,10693
202501,QHM,13T00,NEWCASTLE EAST PCN,U17849,HEATON ROAD SURGERY,,,,,,7279
202501,QHM,13T00,NEWCASTLE EAST PCN,U17849,NEWCASTLE MEDICAL CENTRE,,,,,,21789
202501,QHM,13T00,NEWCASTLE EAST PCN,U17849,ST.ANTHONY'S HEALTH CENTRE,,,,,,6694
202501,QHM,13T00,NEWCASTLE EAST PCN,U17849,THORNFIELD MEDICAL GROUP,,,,,,20424
202501,QHM,13T00,NEWCASTLE EAST PCN,U17849,WALKER MEDICAL GROUP,,,,,,10636
202501,QHM,13T00,NEWCASTLE INNER WEST PCN,U45898,BETTS AVENUE MEDICAL GROUP,,,,,,10823
202501,QHM,13T00,NEWCASTLE INNER WEST PCN,U45898,DILSTON MEDICAL CENTRE,,,,,,9603
202501,QHM,13T00,NEWCASTLE INNER WEST PCN,U45898,ELSWICK FAMILY PRACTICE,,,,,,8265
202501,QHM,13T00,NEWCASTLE INNER WEST PCN,U45898,FENHAM HALL SURGERY,,,,,,10767
202501,QHM,13T00,NEWCASTLE INNER WEST PCN,U45898,PROSPECT MEDICAL CENTRE,,,,,,14995
202501,QHM,13T00,NEWCASTLE OUTER WEST PCN,U87170,DENTON PARK MEDICAL GROUP,,,,,,7407
202501,QHM,13T00,NEWCASTLE OUTER WEST PCN,U87170,DENTON TURRET MEDICAL CENTRE,Chloral hydrate (0401010B0),2,977.0248,60,60,9100
202501,QHM,13T00,NEWCASTLE OUTER WEST PCN,U87170,NEWBURN SURGERY,,,,,,6166
202501,QHM,13T00,NEWCASTLE OUTER WEST PCN,U87170,PARKWAY MEDICAL GROUP,,,,,,8450
202501,QHM,13T00,NEWCASTLE OUTER WEST PCN,U87170,THROCKLEY PRIMARY CARE CENTRE,,,,,,7384
202501,QHM,13T00,NEWCASTLE OUTER WEST PCN,U87170,WESTERHOPE MEDICAL GROUP,,,,,,13640
202501,QHM,13T00,NORTH GOSFORTH PCN,U70624,BRUNTON PARK,Chloral hydrate (0401010B0),2,488.5248,30,30,8356
202501,QHM,13T00,NORTH GOSFORTH PCN,U70624,PARK MEDICAL GROUP,,,,,,13229
202501,QHM,13T00,NORTH GOSFORTH PCN,U70624,REGENT MEDICAL CENTRE,,,,,,7593
202501,QHM,13T00,WEST END FAMILY HEALTH PCN,U44695,CRUDDAS PARK SURGERY,,,,,,11619
202501,QHM,13T00,WEST END FAMILY HEALTH PCN,U44695,HOLMSIDE MEDICAL GROUP,,,,,,10122
202501,QHM,13T00,WEST END FAMILY HEALTH PCN,U44695,WEST ROAD MEDICAL CENTRE,,,,,,12448
202501,QHM,16C00,BILLINGHAM & NORTON PCN,U94460,DR RASOOL,,,,,,2212
202501,QHM,16C00,BILLINGHAM & NORTON PCN,U94460,KINGSWAY MEDICAL CENTRE,,,,,,9833
202501,QHM,16C00,BILLINGHAM & NORTON PCN,U94460,MARSH HOUSE MEDICAL PRACTICE,,,,,,8521
202501,QHM,16C00,BILLINGHAM & NORTON PCN,U94460,MELROSE SURGERY,,,,,,2399
202501,QHM,16C00,BILLINGHAM & NORTON PCN,U94460,NORTON MEDICAL CENTRE,,,,,,16435
202501,QHM,16C00,BILLINGHAM & NORTON PCN,U94460,QUEENSTREE PRACTICE,,,,,,4155
202501,QHM,16C00,BILLINGHAM & NORTON PCN,U94460,THE ROSEBERRY PRACTICE,,,,,,7966
202501,QHM,16C00,BYTES PCN,U63844,EAGLESCLIFFE MEDICAL PRACTICE,,,,,,12541
202501,QHM,16C00,BYTES PCN,U63844,PARK LANE SURGERY,,,,,,5374
202501,QHM,16C00,BYTES PCN,U63844,THORNABY & BARWICK MEDICAL GROUP,,,,,,20905
202501,QHM,16C00,BYTES PCN,U63844,YARM MEDICAL PRACTICE,,,,,,14705
202501,QHM,16C00,CENTRAL MIDDLESBROUGH PCN,U55830,MARTONSIDE MEDICAL CENTRE,,,,,,7910
202501,QHM,16C00,CENTRAL MIDDLESBROUGH PCN,U55830,PARK SURGERY,,,,,,12260
202501,QHM,16C00,CENTRAL MIDDLESBROUGH PCN,U55830,PROSPECT SURGERY,,,,,,7263
202501,QHM,16C00,CENTRAL MIDDLESBROUGH PCN,U55830,THE DISCOVERY PRACTICE,,,,,,8640
202501,QHM,16C00,CENTRAL MIDDLESBROUGH PCN,U55830,THE ENDEAVOUR PRACTICE,,,,,,8812
202501,QHM,16C00,CENTRAL MIDDLESBROUGH PCN,U55830,THE ERIMUS PRACTICE,,,,,,6700
202501,QHM,16C00,CENTRAL MIDDLESBROUGH PCN,U55830,THORNTREE SURGERY,,,,,,2747
202501,QHM,16C00,DARLINGTON PCN,U45102,BLACKETTS MEDICAL PRACTICE,,,,,,11379
202501,QHM,16C00,DARLINGTON PCN,U45102,CARMEL MEDICAL PRACTICE,Chloral hydrate (0401010B0),1,244.2624,4.299,4.299,11617
202501,QHM,16C00,DARLINGTON PCN,U45102,CLIFTON COURT MEDICAL PRACTICE,,,,,,12256
202501,QHM,16C00,DARLINGTON PCN,U45102,DENMARK STREET SURGERY,,,,,,15122
202501,QHM,16C00,DARLINGTON PCN,U45102,MIDDLETON AND DINSDALE MEDICAL PRACTICE,,,,,,5887
202501,QHM,16C00,DARLINGTON PCN,U45102,MOORLANDS SURGERY,,,,,,13233
202501,QHM,16C00,DARLINGTON PCN,U45102,NEASHAM ROAD SURGERY,,,,,,13366
202501,QHM,16C00,DARLINGTON PCN,U45102,ORCHARD COURT SURGERY,,,,,,8633
202501,QHM,16C00,DARLINGTON PCN,U45102,PARKGATE SURGERY,,,,,,4848
202501,QHM,16C00,DARLINGTON PCN,U45102,ROCKLIFFE COURT SURGERY,,,,,,6235
202501,QHM,16C00,DARLINGTON PCN,U45102,WHINFIELD MEDICAL PRACTICE,,,,,,12139
202501,QHM,16C00,DUMMY,-,THE RIDGEWAY HEALTH CENTRE,,,,,,27
202501,QHM,16C00,EAST CLEVELAND PCN,U07842,BROTTON SURGERY,,,,,,7599
202501,QHM,16C00,EAST CLEVELAND PCN,U07842,HILLSIDE PRACTICE,,,,,,9394
202501,QHM,16C00,EAST CLEVELAND PCN,U07842,SPRINGWOOD SURGERY,,,,,,7708
202501,QHM,16C00,EAST CLEVELAND PCN,U07842,THE GARTH,,,,,,11555
202501,QHM,16C00,EAST CLEVELAND PCN,U07842,WOODSIDE SURGERY,,,,,,5896
202501,QHM,16C00,ESTON PCN,U85257,CAMBRIDGE MEDICAL GROUP,,,,,,7291
202501,QHM,16C00,ESTON PCN,U85257,NORMANBY MEDICAL CENTRE,Chloral hydrate (0401010B0),1,488.5124,30,30,22889
202501,QHM,16C00,ESTON PCN,U85257,SOUTH GRANGE MEDICAL GROUP PRACTICE,,,,,,15325
202501,QHM,16C00,ESTON PCN,U85257,THE ESTON SURGERY ( D 01-Oct-25 ),,,,,,3726
202501,QHM,16C00,GREATER MIDDLESBROUGH PCN,U02671,ACKLAM MEDICAL CENTRE,Chloral hydrate (0401010B0),3,2442.5372,150,150,11322
202501,QHM,16C00,GREATER MIDDLESBROUGH PCN,U02671,COULBY MEDICAL PRACTICE,,,,,,9234
202501,QHM,16C00,GREATER MIDDLESBROUGH PCN,U02671,CROSSFELL HEALTH CENTRE,,,,,,8952
202501,QHM,16C00,GREATER MIDDLESBROUGH PCN,U02671,HIRSEL MEDICAL CENTRE,,,,,,3795
202501,QHM,16C00,GREATER MIDDLESBROUGH PCN,U02671,KINGS MEDICAL CENTRE,,,,,,6486
202501,QHM,16C00,GREATER MIDDLESBROUGH PCN,U02671,NEWLANDS MEDICAL CENTRE,,,,,,9800
202501,QHM,16C00,GREATER MIDDLESBROUGH PCN,U02671,PARKWAY MEDICAL CENTRE,,,,,,9265
202501,QHM,16C00,GREATER MIDDLESBROUGH PCN,U02671,WESTBOURNE MEDICAL CENTRE,,,,,,5582
202501,QHM,16C00,HARTLEPOOL HEALTH PCN,U40502,MCKENZIE GROUP PRACTICE,,,,,,6186
202501,QHM,16C00,HARTLEPOOL HEALTH PCN,U40502,MCKENZIE HOUSE SURGERY,Chloral hydrate (0401010B0),1,911.9824,56,56,18939
202501,QHM,16C00,HARTLEPOOL HEALTH PCN,U40502,THE HEADLAND MEDICAL CENTRE,,,,,,5363
202501,QHM,16C00,HARTLEPOOL PCN,U70212,GLADSTONE HOUSE SURGERY,,,,,,5689
202501,QHM,16C00,HARTLEPOOL PCN,U70212,HART MEDICAL PRACTICE,,,,,,9436
202501,QHM,16C00,HARTLEPOOL PCN,U70212,THE PATEL PRACTICE,,,,,,4016
202501,QHM,16C00,HARTLEPOOL PCN,U70212,WEST QUAY MEDICAL PRACTICE,,,,,,6264
202501,QHM,16C00,HARTLEPOOL PCN,U70212,WEST VIEW MILLENIUM SURGERY A,,,,,,7545
202501,QHM,16C00,HOLGATE PCN,U85008,BOROUGH ROAD & NUNTHORPE MEDICAL GROUP,,,,,,16612
202501,QHM,16C00,HOLGATE PCN,U85008,LINTHORPE SURGERY,,,,,,20897
202501,QHM,16C00,HOLGATE PCN,U85008,VILLAGE MEDICAL CENTRE,,,,,,8187
202501,QHM,16C00,NORTH STOCKTON PCN,U07032,ALMA MEDICAL CENTRE,Chloral hydrate (0401010B0),2,1465.5248,90,90,11066
202501,QHM,16C00,NORTH STOCKTON PCN,U07032,QUEENS PARK MEDICAL CENTRE,,,,,,18741
202501,QHM,16C00,NORTH STOCKTON PCN,U07032,TENNANT STREET MEDICAL PRACTICE,,,,,,14751
202501,QHM,16C00,ONE LIFE HARTLEPOOL PCN,U27349,BANKHOUSE SURGERY,,,,,,10578
202501,QHM,16C00,ONE LIFE HARTLEPOOL PCN,U27349,CHADWICK PRACTICE,,,,,,11825
202501,QHM,16C00,ONE LIFE HARTLEPOOL PCN,U27349,HAVELOCK GRANGE PRACTICE,,,,,,13691
202501,QHM,16C00,REDCAR COASTAL PCN,U23714,BENTLEY MEDICAL PRACTICE,Chloral hydrate (0401010B0),1,488.5124,30,30,10166
202501,QHM,16C00,REDCAR COASTAL PCN,U23714,HUNTCLIFF SURGERY,Chloral hydrate (0401010B0),2,1302.7948,80,80,10049
202501,QHM,16C00,REDCAR COASTAL PCN,U23714,THE COATHAM ROAD SURGERY,Chloral hydrate (0401010B0),1,488.5124,30,30,6204
202501,QHM,16C00,REDCAR COASTAL PCN,U23714,THE GREEN HOUSE SURGERY,,,,,,10176
202501,QHM,16C00,REDCAR COASTAL PCN,U23714,THE RAVENSCAR SURGERY,,,,,,3345
202501,QHM,16C00,REDCAR COASTAL PCN,U23714,THE SALTSCAR SURGERY,,,,,,8558
202501,QHM,16C00,REDCAR COASTAL PCN,U23714,ZETLAND MEDICAL PRACTICE,,,,,,6931
202501,QHM,16C00,STOCKTON PCN,U89141,ELM TREE SURGERY,,,,,,14928
202501,QHM,16C00,STOCKTON PCN,U89141,RIVERSIDE MEDICAL PRACTICE,,,,,,6888
202501,QHM,16C00,STOCKTON PCN,U89141,THE ARRIVAL PRACTICE ( D 01-Jun-25 ),,,,,,3252
202501,QHM,16C00,STOCKTON PCN,U89141,THE DENSHAM SURGERY,,,,,,3894
202501,QHM,16C00,STOCKTON PCN,U89141,THE DOVECOT SURGERY,,,,,,4105
202501,QHM,16C00,STOCKTON PCN,U89141,WOODBRIDGE PRACTICE,,,,,,18363
202501,QHM,16C00,STOCKTON PCN,U89141,WOODLANDS FAMILY MEDICAL CENTRE,,,,,,12400
202501,QHM,84H00,BISHOP AUCKLAND PCN,U85067,AUCKLAND MEDICAL GROUP,,,,,,15885
202501,QHM,84H00,BISHOP AUCKLAND PCN,U85067,BISHOPGATE MEDICAL CENTRE,,,,,,13655
202501,QHM,84H00,BISHOP AUCKLAND PCN,U85067,STATION VIEW MEDICAL CENTRE,,,,,,9756
202501,QHM,84H00,CHESTER LE STREET PCN,U77096,BRIDGE END SURGERY,,,,,,7791
202501,QHM,84H00,CHESTER LE STREET PCN,U77096,CESTRIA HEALTH CENTRE,,,,,,12704
202501,QHM,84H00,CHESTER LE STREET PCN,U77096,GREAT LUMLEY SURGERY,,,,,,5267
202501,QHM,84H00,CHESTER LE STREET PCN,U77096,MIDDLE CHARE MEDICAL GROUP,Chloral hydrate (0401010B0),1,244.2624,15,15,9398
202501,QHM,84H00,CHESTER LE STREET PCN,U77096,PELTON & FELLROSE MEDICAL GROUP,,,,,,9976
202501,QHM,84H00,CHESTER LE STREET PCN,U77096,SACRISTON MEDICAL CENTRE,,,,,,10756
202501,QHM,84H00,CHESTER LE STREET PCN,U77096,VILLAGES MEDICAL GROUP,,,,,,4180
202501,QHM,84H00,CLAYPATH & UNIVERSITY MEDICAL GROUP PCN,U38486,CLAYPATH & UNIVERSITY MEDICAL GROUP,,,,,,33423
202501,QHM,84H00,DERWENTSIDE PCN,U70497,ANNFIELD PLAIN SURGERY,,,,,,3590
202501,QHM,84H00,DERWENTSIDE PCN,U70497,BROWNEY HOUSE SURGERY,,,,,,2665
202501,QHM,84H00,DERWENTSIDE PCN,U70497,CEDARS MEDICAL GROUP,,,,,,6147
202501,QHM,84H00,DERWENTSIDE PCN,U70497,CONSETT MEDICAL CENTRE,Chloral hydrate (0401010B0),1,244.2624,15,15,16876
202501,QHM,84H00,DERWENTSIDE PCN,U70497,DRS LAMBERT & NG,,,,,,5301
202501,QHM,84H00,DERWENTSIDE PCN,U70497,LANCHESTER MEDICAL CENTRE,,,,,,4139
202501,QHM,84H00,DERWENTSIDE PCN,U70497,LEADGATE SURGERY,,,,,,5849
202501,QHM,84H00,DERWENTSIDE PCN,U70497,OAKFIELDS HEALTH GROUP,,,,,,7657
202501,QHM,84H00,DERWENTSIDE PCN,U70497,QUEENS ROAD SURGERY,,,,,,16179
202501,QHM,84H00,DERWENTSIDE PCN,U70497,STANLEY MEDICAL GROUP,,,,,,12443
202501,QHM,84H00,DERWENTSIDE PCN,U70497,TANFIELD VIEW MEDICAL GROUP,Chloral hydrate (0401010B0),1,488.5124,30,30,10830
202501,QHM,84H00,DERWENTSIDE PCN,U70497,THE HAVEN SURGERY,,,,,,1736
202501,QHM,84H00,DURHAM COAST PCN,U26864,BEVAN MEDICAL GROUP,,,,,,8575
202501,QHM,84H00,DURHAM COAST PCN,U26864,EAST DURHAM MEDICAL GROUP,,,,,,18293
202501,QHM,84H00,DURHAM COAST PCN,U26864,SOUTHDENE MEDICAL CENTRE,,,,,,3388
202501,QHM,84H00,DURHAM COAST PCN,U26864,WINGATE MEDICAL PRACTICE INTRAHEALTH,,,,,,3521
202501,QHM,84H00,DURHAM EAST PCN,U53962,BELMONT & SHERBURN MEDICAL GROUP,,,,,,6239
202501,QHM,84H00,DURHAM EAST PCN,U53962,BOWBURN MEDICAL CENTRE,,,,,,4505
202501,QHM,84H00,DURHAM EAST PCN,U53962,CHEVELEY PARK MEDICAL CTR,,,,,,5029
202501,QHM,84H00,DURHAM EAST PCN,U53962,COXHOE MEDICAL PRACTICE,,,,,,7569
202501,QHM,84H00,DURHAM EAST PCN,U53962,WEST RAINTON SURGERY,,,,,,5513
202501,QHM,84H00,DURHAM WEST PCN,U01989,CHASTLETON MEDICAL GROUP,,,,,,10428
202501,QHM,84H00,DURHAM WEST PCN,U01989,DUNELM MEDICAL PRACTICE,,,,,,14509
202501,QHM,84H00,DURHAM WEST PCN,U01989,THE MEDICAL GROUP,,,,,,26696
202501,QHM,84H00,EASINGTON CENTRAL PCN,U14615,BLACKHALL AND PETERLEE PRACTICE,,,,,,10227
202501,QHM,84H00,EASINGTON CENTRAL PCN,U14615,THE HORDEN GROUP PRACTICE,,,,,,8272
202501,QHM,84H00,EASINGTON CENTRAL PCN,U14615,WILLIAM BROWN CENTRE,Chloral hydrate (0401010B0),3,732.7872,45,45,15686
202501,QHM,84H00,NORTH EASINGTON PCN,U81825,BYRON MEDICAL PRACTICE,Chloral hydrate (0401010B0),1,162.9424,10,10,8334
202501,QHM,84H00,NORTH EASINGTON PCN,U81825,MARLBOROUGH SURGERY,,,,,,11363
202501,QHM,84H00,NORTH EASINGTON PCN,U81825,MURTON MEDICAL CENTRE,,,,,,7363
202501,QHM,84H00,NORTH EASINGTON PCN,U81825,SILVERDALE FAMILY PRACTICE,,,,,,6615
202501,QHM,84H00,NORTH EASINGTON PCN,U81825,THE NEW SEAHAM MEDICAL GROUP,,,,,,4650
202501,QHM,84H00,SEDGEFIELD 1 PCN,U37593,BEWICK CRESCENT SURGERY,,,,,,13086
202501,QHM,84H00,SEDGEFIELD 1 PCN,U37593,HALLGARTH SURGERY,,,,,,5389
202501,QHM,84H00,SEDGEFIELD 1 PCN,U37593,JUBILEE MEDICAL GROUP,,,,,,12559
202501,QHM,84H00,SEDGEFIELD 1 PCN,U37593,PEASE WAY MEDICAL CENTRE,,,,,,12116
202501,QHM,84H00,SEDGEFIELD NORTH PCN,U12365,BISHOPS CLOSE MEDICAL PRACTICE,,,,,,8644
202501,QHM,84H00,SEDGEFIELD NORTH PCN,U12365,FERRYHILL AND CHILTON MEDICAL PRACTICE,,,,,,14901
202501,QHM,84H00,SEDGEFIELD NORTH PCN,U12365,SKERNE MEDICAL GROUP,Chloral hydrate (0401010B0),2,1954.0248,120,120,16752
202501,QHM,84H00,SEDGEFIELD NORTH PCN,U12365,ST ANDREW'S MEDICAL PRACTICE,,,,,,15609
202501,QHM,84H00,SEDGEFIELD NORTH PCN,U12365,WEST CORNFORTH MEDICAL CENTRE,,,,,,2740
202501,QHM,84H00,TEESDALE PCN,U31619,BARNARD CASTLE SURGERY,,,,,,10935
202501,QHM,84H00,TEESDALE PCN,U31619,EVENWOOD MEDICAL PRACTICE,,,,,,2250
202501,QHM,84H00,TEESDALE PCN,U31619,GAINFORD SURGERY,,,,,,3680
202501,QHM,84H00,TEESDALE PCN,U31619,OLD FORGE SURGERY,,,,,,2663
202501,QHM,84H00,TEESDALE PCN,U31619,PINFOLD MEDICAL PRACTICE,,,,,,2886
202501,QHM,84H00,TEESDALE PCN,U31619,WOODVIEW MEDICAL PRACTICE,,,,,,2573
202501,QHM,84H00,WEAR VALLEY PCN,U96202,NORTH HOUSE SURGERY,,,,,,13523
202501,QHM,84H00,WEAR VALLEY PCN,U96202,THE WEARDALE PRACTICE,,,,,,7207
202501,QHM,84H00,WEAR VALLEY PCN,U96202,WILLINGTON MEDICAL GROUP,,,,,,9222
202501,QHM,99C00,CRAMLINGTON SEATON VALLEY PCN,U24977,WOODLANDS PARK HEALTH CTR,,,,,,6569
202501,QHM,99C00,NORTH SHIELDS PCN,U91110,COLLINGWOOD HEALTH GROUP,,,,,,24466
202501,QHM,99C00,NORTH SHIELDS PCN,U91110,PRIORY MEDICAL GROUP,,,,,,15425
202501,QHM,99C00,NORTH SHIELDS PCN,U91110,REDBURN PARK MEDICAL CENTRE,,,,,,6208
202501,QHM,99C00,NORTH SHIELDS PCN,U91110,NELSON MEDICAL GROUP ( C 01-May-26 ),,,,,,4957
202501,QHM,99C00,NORTH TYNESIDE NORTH WEST PCN,U95193,LANE END SURGERY,,,,,,9513
202501,QHM,99C00,NORTH TYNESIDE NORTH WEST PCN,U95193,MALLARD MEDICAL PRACTICE,Chloral hydrate (0401010B0),1,488.5124,30,30,5440
202501,QHM,99C00,NORTH TYNESIDE NORTH WEST PCN,U95193,STEPHENSON PARK HEALTH GROUP,,,,,,17853
202501,QHM,99C00,NORTH TYNESIDE NORTH WEST PCN,U95193,SWARLAND AVENUE SURGERY,,,,,,6699
202501,QHM,99C00,NORTH TYNESIDE NORTH WEST PCN,U95193,WELLSPRING MEDICAL PRACT.,,,,,,6489
202501,QHM,99C00,NORTH TYNESIDE NORTH WEST PCN,U95193,WEST FARM SURGERY,,,,,,6026
202501,QHM,99C00,NORTH TYNESIDE NORTH WEST PCN,U95193,WIDEOPEN MEDICAL CENTRE,,,,,,7559
202501,QHM,99C00,NORTHUMBRIA PCN,U09980,NPC NORTH TYNESIDE - SPRING TERRACE,Chloral hydrate (0401010B0),22,1109.7928,68,68,5984
202501,QHM,99C00,WALLSEND PCN,U10386,BEWICKE MEDICAL CENTRE,,,,,,9347
202501,QHM,99C00,WALLSEND PCN,U10386,HADRIAN HEALTH CENTRE,,,,,,20974
202501,QHM,99C00,WALLSEND PCN,U10386,THE VILLAGE GREEN SURGERY,,,,,,12795
202501,QHM,99C00,WHITLEY BAY PCN,U02739,BEAUMONT PARK SURGERY,,,,,,6464
202501,QHM,99C00,WHITLEY BAY PCN,U02739,BRIDGE AND MONKSEATON MEDICAL PRACTICE,,,,,,13292
202501,QHM,99C00,WHITLEY BAY PCN,U02739,MARINE AVENUE MEDICAL CTR,,,,,,8808
202501,QHM,99C00,WHITLEY BAY PCN,U02739,NORTHUMBERLAND PARK MEDICAL GROUP,,,,,,9598
202501,QHM,99C00,WHITLEY BAY PCN,U02739,WHITLEY BAY HEALTH CENTRE,,,,,,13574
202501,QHM,99C00,WHITLEY BAY PCN,U02739,49 MARINE AVENUE SURGERY ( C 01-May-26 ),,,,,,5839
202501,QHM,99C00,WHITLEY BAY PCN,U02739,PARK PARADE PRACTICE ( C 01-May-26 ),,,,,,4837
202502,QHM,00L00,BLYTH PCN,U25489,MARINE MEDICAL GROUP,,,,,,13700
202502,QHM,00L00,BLYTH PCN,U25489,RAILWAY MEDICAL GROUP,,,,,,27049
202502,QHM,00L00,CRAMLINGTON SEATON VALLEY PCN,U24977,FORUM FAMILY PRACTICE,,,,,,8981
202502,QHM,00L00,CRAMLINGTON SEATON VALLEY PCN,U24977,NETHERFIELD HOUSE,,,,,,5992
202502,QHM,00L00,CRAMLINGTON SEATON VALLEY PCN,U24977,VILLAGE MEDICAL GROUP,,,,,,11277
202502,QHM,00L00,DUMMY,-,RIVERSDALE SURGERY,,,,,,5964
202502,QHM,00L00,DUMMY,-,THE ADDERLANE SURGERY,,,,,,2181
202502,QHM,00L00,NORTHUMBRIA PCN,U09980,NPC AMBLE & BROOMHILL,,,,,,12161
202502,QHM,00L00,NORTHUMBRIA PCN,U09980,NPC CENTRAL NORTHUMBERLAND,,,,,,49639
202502,QHM,00L00,NORTHUMBRIA PCN,U09980,NPC CRAMLINGTON,,,,,,5385
202502,QHM,00L00,NORTHUMBRIA PCN,U09980,NPC ELSDON AVENUE,,,,,,4289
202502,QHM,00L00,NORTHUMBRIA PCN,U09980,NPC FELTON & WIDDRINGTON,,,,,,4587
202502,QHM,00L00,NORTHUMBRIA PCN,U09980,NPC HAYDON BRIDGE & ALLENDALE,,,,,,5258
202502,QHM,00L00,NORTHUMBRIA PCN,U09980,NPC PONTELAND,,,,,,10770
202502,QHM,00L00,NORTHUMBRIA PCN,U09980,NPC ROTHBURY,,,,,,6164
202502,QHM,00L00,WANSBECK PCN,U11112,BEDLINGTONSHIRE MED.GROUP,,,,,,12764
202502,QHM,00L00,WANSBECK PCN,U11112,GUIDEPOST MEDICAL GROUP,,,,,,8044
202502,QHM,00L00,WANSBECK PCN,U11112,SEATON PARK MEDICAL GROUP,,,,,,19728
202502,QHM,00L00,WANSBECK PCN,U11112,THE GABLES MEDICAL GROUP,,,,,,6311
202502,QHM,00L00,WELL UP NORTH PCN,U25545,ALNWICK MEDICAL GROUP,,,,,,18871
202502,QHM,00L00,WELL UP NORTH PCN,U25545,BELFORD MEDICAL PRACTICE,,,,,,4495
202502,QHM,00L00,WELL UP NORTH PCN,U25545,GAS HOUSE LANE SURGERY,Chloral hydrate (0401010B0),1,244.2624,15,15,7153
202502,QHM,00L00,WELL UP NORTH PCN,U25545,GREYSTOKE SURGERY,,,,,,10703
202502,QHM,00L00,WELL UP NORTH PCN,U25545,UNION BRAE & NORHAM PRAC,,,,,,7177
202502,QHM,00L00,WELL UP NORTH PCN,U25545,WELL CLOSE MEDICAL GROUP,,,,,,9200
202502,QHM,00L00,WELL UP NORTH PCN,U25545,WOOLER HEALTH,,,,,,4879
202502,QHM,00L00,WEST NORTHUMBERLAND PCN,U05512,BELLINGHAM PRACTICE,,,,,,3433
202502,QHM,00L00,WEST NORTHUMBERLAND PCN,U05512,BRANCH END SURGERY,,,,,,5401
202502,QHM,00L00,WEST NORTHUMBERLAND PCN,U05512,BURN BRAE MEDICAL GROUP,,,,,,10416
202502,QHM,00L00,WEST NORTHUMBERLAND PCN,U05512,CORBRIDGE HEALTH CENTRE,,,,,,7303
202502,QHM,00L00,WEST NORTHUMBERLAND PCN,U05512,HALTWHISTLE MEDICAL GROUP,,,,,,5557
202502,QHM,00L00,WEST NORTHUMBERLAND PCN,U05512,HUMSHAUGH & WARK MED GRP,,,,,,3419
202502,QHM,00L00,WEST NORTHUMBERLAND PCN,U05512,PRUDHOE MEDICAL GROUP,,,,,,6929
202502,QHM,00L00,WEST NORTHUMBERLAND PCN,U05512,SCOTS GAP MEDICAL GROUP,,,,,,2146
202502,QHM,00L00,WEST NORTHUMBERLAND PCN,U05512,THE SELE MEDICAL PRACTICE,,,,,,5839
202502,QHM,00L00,WEST NORTHUMBERLAND PCN,U05512,WHITE MEDICAL GROUP,,,,,,8643
202502,QHM,00N00,SOUTH TYNESIDE EAST PCN,U20256,FARNHAM MEDICAL CTR.,,,,,,16936
202502,QHM,00N00,SOUTH TYNESIDE EAST PCN,U20256,ST GEORGE & RIVERSIDE MEDICAL PRACTICE,,,,,,7416
202502,QHM,00N00,SOUTH TYNESIDE EAST PCN,U20256,TALBOT MEDICAL CENTRE,,,,,,7832
202502,QHM,00N00,SOUTH TYNESIDE EAST PCN,U20256,TRINITY MEDICAL CENTRE,,,,,,6430
202502,QHM,00N00,SOUTH TYNESIDE EAST PCN,U20256,WENLOCK ROAD SURGERY,,,,,,4444
202502,QHM,00N00,SOUTH TYNESIDE EAST PCN,U20256,WEST VIEW SURGERY,,,,,,2879
202502,QHM,00N00,SOUTH TYNESIDE SOUTH PCN,U89118,CENTRAL SURGERY,,,,,,19176
202502,QHM,00N00,SOUTH TYNESIDE SOUTH PCN,U89118,COLLIERY COURT MEDICAL GROUP,,,,,,8291
202502,QHM,00N00,SOUTH TYNESIDE SOUTH PCN,U89118,DR THORNILEY-WALKER & PARTNERS,,,,,,6021
202502,QHM,00N00,SOUTH TYNESIDE SOUTH PCN,U89118,IMEARY MEDICAL GROUP,,,,,,4335
202502,QHM,00N00,SOUTH TYNESIDE SOUTH PCN,U89118,MARSDEN MEDICAL GROUP,,,,,,22826
202502,QHM,00N00,SOUTH TYNESIDE SOUTH PCN,U89118,WHITBURN SURGERY,,,,,,5381
202502,QHM,00N00,SOUTH TYNESIDE WEST PCN,U37826,ALBERT ROAD SURGERY,,,,,,3395
202502,QHM,00N00,SOUTH TYNESIDE WEST PCN,U37826,EAST WING PRACTICE,,,,,,4272
202502,QHM,00N00,SOUTH TYNESIDE WEST PCN,U37826,ELLISON VIEW SURGERY,,,,,,6057
202502,QHM,00N00,SOUTH TYNESIDE WEST PCN,U37826,MAYFIELD MEDICAL GROUP,,,,,,9046
202502,QHM,00N00,SOUTH TYNESIDE WEST PCN,U37826,RAVENSWORTH SURGERY,,,,,,5931
202502,QHM,00N00,SOUTH TYNESIDE WEST PCN,U37826,THE G.P.SUITE,,,,,,4402
202502,QHM,00N00,SOUTH TYNESIDE WEST PCN,U37826,THE GLEN MEDICAL GROUP,,,,,,11172
202502,QHM,00N00,SOUTH TYNESIDE WEST PCN,U37826,VICTORIA MEDICAL CENTRE,,,,,,3653
202502,QHM,00P00,COALFIELDS PCN,U69720,GRANGEWOOD SURGERY,,,,,,7424
202502,QHM,00P00,COALFIELDS PCN,U69720,HERRINGTON MEDICAL CENTRE,,,,,,9579
202502,QHM,00P00,COALFIELDS PCN,U69720,HETTON GROUP PRACTICE,,,,,,11818
202502,QHM,00P00,COALFIELDS PCN,U69720,"HOUGHTON MEDICAL GROUP,",,,,,,8391
202502,QHM,00P00,COALFIELDS PCN,U69720,KEPIER MEDICAL PRACTICE,,,,,,8533
202502,QHM,00P00,COALFIELDS PCN,U69720,WESTBOURNE MEDICAL GROUP,,,,,,6625
202502,QHM,00P00,DUMMY,-,PALLION PRIMARY CARE SERVICES,,,,,,33
202502,QHM,00P00,SUNDERLAND CENTRAL PCN,U05458,HAPPY HOUSE SURGERY,,,,,,8180
202502,QHM,00P00,SUNDERLAND CENTRAL PCN,U05458,NEW SILKSWORTH MEDICAL PRACTICE,,,,,,9169
202502,QHM,00P00,SUNDERLAND CENTRAL PCN,U05458,SPRINGWELL MEDICAL GROUP,,,,,,6421
202502,QHM,00P00,SUNDERLAND CENTRAL PCN,U05458,SUNDERLAND GP ALLIANCE SOUTH HYLTON SURG,,,,,,4564
202502,QHM,00P00,SUNDERLAND CENTRAL PCN,U05458,VILLAGE SURGERY PARTNERSHIP,,,,,,4805
202502,QHM,00P00,SUNDERLAND EAST PCN,U52297,ASHBURN MEDICAL CENTRE,,,,,,5314
202502,QHM,00P00,SUNDERLAND EAST PCN,U52297,DEERNESS PARK MEDICAL GROUP,,,,,,13507
202502,QHM,00P00,SUNDERLAND EAST PCN,U52297,PARK LANE PRACTICE,,,,,,4372
202502,QHM,00P00,SUNDERLAND EAST PCN,U52297,RIVERVIEW SURGERY,,,,,,6988
202502,QHM,00P00,SUNDERLAND EAST PCN,U52297,SOUTHLANDS MEDICAL GROUP,,,,,,10524
202502,QHM,00P00,SUNDERLAND EAST PCN,U52297,THE NEW CITY MEDICAL GROUP,,,,,,5651
202502,QHM,00P00,SUNDERLAND EAST PCN,U52297,VILLETTE SURGERY,,,,,,5762
202502,QHM,00P00,SUNDERLAND NORTH PCN,U43314,BRIDGE VIEW MEDICAL GROUP,,,,,,14926
202502,QHM,00P00,SUNDERLAND NORTH PCN,U43314,CASTLETOWN MEDICAL CENTRE,,,,,,2112
202502,QHM,00P00,SUNDERLAND NORTH PCN,U43314,"FULWELL MEDICAL CENTRE,",,,,,,9237
202502,QHM,00P00,SUNDERLAND NORTH PCN,U43314,MONKWEARMOUTH HEALTH CENTRE,,,,,,4658
202502,QHM,00P00,SUNDERLAND NORTH PCN,U43314,RED HOUSE MEDICAL CENTRE,,,,,,5551
202502,QHM,00P00,SUNDERLAND NORTH PCN,U43314,ST BEDE MEDICAL CENTRE,,,,,,9307
202502,QHM,00P00,SUNDERLAND WEST 1 PCN,U14646,CHESTER SURGERY,,,,,,3056
202502,QHM,00P00,SUNDERLAND WEST 1 PCN,U14646,FORGE MEDICAL PRACTICE,,,,,,8628
202502,QHM,00P00,SUNDERLAND WEST 1 PCN,U14646,HYLTON MEDICAL GROUP,,,,,,7184
202502,QHM,00P00,SUNDERLAND WEST 1 PCN,U14646,MILLFIELD MEDICAL GROUP,,,,,,14525
202502,QHM,00P00,SUNDERLAND WEST 1 PCN,U14646,PALLION FAMILY PRACTICE,,,,,,10110
202502,QHM,00P00,SUNDERLAND WEST 1 PCN,U14646,THE BROADWAY MEDICAL PRACTICE,,,,,,7695
202502,QHM,00P00,SUNDERLAND WEST 1 PCN,U14646,WEARSIDE MEDICAL PRACTICE - PALLION,,,,,,8117
202502,QHM,00P00,WASHINGTON PCN,U61868,CONCORD MEDICAL PRACTICE,,,,,,5215
202502,QHM,00P00,WASHINGTON PCN,U61868,GALLERIES MEDICAL PRACTICE,,,,,,11491
202502,QHM,00P00,WASHINGTON PCN,U61868,I J HEALTHCARE,,,,,,3626
202502,QHM,00P00,WASHINGTON PCN,U61868,NEW WASHINGTON MEDICAL GROUP,,,,,,7209
202502,QHM,00P00,WASHINGTON PCN,U61868,RICKLETON MEDICAL CENTRE,,,,,,2761
202502,QHM,00P00,WASHINGTON PCN,U61868,SUNDERLAND GP ALLIANCE MEDICAL PRACTICE,,,,,,10103
202502,QHM,00P00,WASHINGTON PCN,U61868,THE STEPHENSON MEDICAL PRACTICE,,,,,,12297
202502,QHM,01H00,CARLISLE HEALTHCARE PCN,U92223,BRAMPTON MEDICAL PRACTICE,,,,,,16696
202502,QHM,01H00,CARLISLE HEALTHCARE PCN,U92223,CARLISLE HEALTHCARE,,,,,,39803
202502,QHM,01H00,CARLISLE HEALTHCARE PCN,U92223,LONGTOWN MEDICAL CENTRE,,,,,,3844
202502,QHM,01H00,CARLISLE HEALTHCARE PCN,U92223,SPENCER ST SURGERY,,,,,,13532
202502,QHM,01H00,CARLISLE PCN,U66688,CARLISLE CENTRAL PRACTICE,,,,,,13580
202502,QHM,01H00,CARLISLE PCN,U66688,EDEN MEDICAL GROUP,,,,,,15850
202502,QHM,01H00,CARLISLE PCN,U66688,WARWICK SQUARE GROUP PRACTICE,,,,,,7777
202502,QHM,01H00,COCKERMOUTH & MARYPORT PCN,U76572,CASTLEGATE AND DERWENT SURGERY,,,,,,18205
202502,QHM,01H00,COCKERMOUTH & MARYPORT PCN,U76572,MARYPORT HEALTH SERVICES,,,,,,13844
202502,QHM,01H00,COPELAND HAVEN PCN,U94879,DISTINGTON SURGERY,,,,,,6336
202502,QHM,01H00,COPELAND HAVEN PCN,U94879,MANSION HOUSE SURGERY,,,,,,7547
202502,QHM,01H00,COPELAND HAVEN PCN,U94879,WESTCROFT HOUSE SURGERY,,,,,,6172
202502,QHM,01H00,COPELAND PCN,U48302,FELLVIEW HEALTHCARE,,,,,,23159
202502,QHM,01H00,COPELAND PCN,U48302,LOWTHER MEDICAL CENTRE,,,,,,13850
202502,QHM,01H00,COPELAND PCN,U48302,SEASCALE HEALTH CENTRE,,,,,,5914
202502,QHM,01H00,EDEN (CUMBRIA) PCN,U08085,ALSTON MEDICAL PRACTICE,,,,,,2214
202502,QHM,01H00,EDEN (CUMBRIA) PCN,U08085,APPLEBY MEDICAL PRACTICE,,,,,,5122
202502,QHM,01H00,EDEN (CUMBRIA) PCN,U08085,BIRBECK MEDICAL GROUP,,,,,,14551
202502,QHM,01H00,EDEN (CUMBRIA) PCN,U08085,COURT THORN SURGERY,,,,,,3779
202502,QHM,01H00,EDEN (CUMBRIA) PCN,U08085,GLENRIDDING HEALTH CENTRE,,,,,,966
202502,QHM,01H00,EDEN (CUMBRIA) PCN,U08085,KIRKOSWALD SURGERY,,,,,,2754
202502,QHM,01H00,EDEN (CUMBRIA) PCN,U08085,SHAP MEDICAL PRACTICE,,,,,,3302
202502,QHM,01H00,EDEN (CUMBRIA) PCN,U08085,TEMPLE SOWERBY MEDICAL PRACTICE,,,,,,4645
202502,QHM,01H00,EDEN (CUMBRIA) PCN,U08085,THE LAKES MEDICAL PRACTICE,,,,,,11440
202502,QHM,01H00,EDEN (CUMBRIA) PCN,U08085,UPPER EDEN MEDICAL PRACTICE,,,,,,6571
202502,QHM,01H00,KESWICK & SOLWAY PCN,U25680,ASPATRIA MEDICAL GROUP,,,,,,7146
202502,QHM,01H00,KESWICK & SOLWAY PCN,U25680,CALDBECK SURGERY,,,,,,4283
202502,QHM,01H00,KESWICK & SOLWAY PCN,U25680,CASTLEHEAD MEDICAL CENTRE,,,,,,8321
202502,QHM,01H00,KESWICK & SOLWAY PCN,U25680,DALSTON MEDICAL GROUP,,,,,,5128
202502,QHM,01H00,KESWICK & SOLWAY PCN,U25680,SILLOTH GROUP MEDICAL PRACTICE,,,,,,4400
202502,QHM,01H00,KESWICK & SOLWAY PCN,U25680,THE CROFT SURGERY,,,,,,3508
202502,QHM,01H00,KESWICK & SOLWAY PCN,U25680,WIGTON GROUP MEDICAL PRACTICE,,,,,,9121
202502,QHM,01H00,WORKINGTON PCN,U67303,JAMES STREET GROUP PRACT,,,,,,33262
202502,QHM,13T00,BIRTLEY AND CENTRAL GATESHEAD PCN,U76028,BIRTLEY MEDICAL GROUP,,,,,,15292
202502,QHM,13T00,BIRTLEY AND CENTRAL GATESHEAD PCN,U76028,OXFORD TCE & RAWLING RD MEDICAL GROUP,,,,,,17808
202502,QHM,13T00,BIRTLEY AND CENTRAL GATESHEAD PCN,U76028,SECOND STREET SURGERY,,,,,,4696
202502,QHM,13T00,BIRTLEY AND CENTRAL GATESHEAD PCN,U76028,THE BRIDGES MEDICAL PRACTICE,,,,,,8170
202502,QHM,13T00,GATESHEAD CENTRAL SOUTH PCN,U91254,BEACON VIEW MEDICAL CENTRE,,,,,,5698
202502,QHM,13T00,GATESHEAD CENTRAL SOUTH PCN,U91254,BENSHAM FAMILY PRACTICE,,,,,,3875
202502,QHM,13T00,GATESHEAD CENTRAL SOUTH PCN,U91254,BEWICK ROAD SURGERY,,,,,,8275
202502,QHM,13T00,GATESHEAD CENTRAL SOUTH PCN,U91254,CENTRAL GATESHEAD MEDICAL GROUP,,,,,,10615
202502,QHM,13T00,GATESHEAD CENTRAL SOUTH PCN,U91254,FELL COTTAGE SURGERY,,,,,,8667
202502,QHM,13T00,GATESHEAD CENTRAL SOUTH PCN,U91254,FELL TOWER MEDICAL CENTRE,,,,,,7524
202502,QHM,13T00,GATESHEAD CENTRAL SOUTH PCN,U91254,MILLENNIUM FAMILY PRACTICE,,,,,,3916
202502,QHM,13T00,GATESHEAD CENTRAL SOUTH PCN,U91254,WREKENTON MEDICAL GROUP,,,,,,12150
202502,QHM,13T00,GATESHEAD EAST PCN,U13720,CROWHALL MEDICAL CENTRE,,,,,,6448
202502,QHM,13T00,GATESHEAD EAST PCN,U13720,LONGRIGG MEDICAL CENTRE,,,,,,10202
202502,QHM,13T00,GATESHEAD EAST PCN,U13720,PELAW MEDICAL PRACTICE,,,,,,5511
202502,QHM,13T00,GATESHEAD EAST PCN,U13720,ST. ALBANS MEDICAL GROUP,,,,,,7289
202502,QHM,13T00,GATESHEAD INNER WEST PCN,U33691,CHAINBRIDGE MEDICAL PARTNERSHIP,,,,,,11524
202502,QHM,13T00,GATESHEAD INNER WEST PCN,U33691,GLENPARK & TEAMS MEDICAL SERVICES,,,,,,9063
202502,QHM,13T00,GATESHEAD INNER WEST PCN,U33691,SUNNISIDE SURGERY,,,,,,3854
202502,QHM,13T00,GATESHEAD INNER WEST PCN,U33691,WHICKHAM COTTAGE MEDICAL CENTRE,,,,,,15658
202502,QHM,13T00,GATESHEAD INNER WEST PCN,U33691,TEAMS MEDICAL PRACTICE ( C 01-May-26 ),,,,,,5448
202502,QHM,13T00,GATESHEAD OUTER WEST PCN,U41930,CHOPWELL PRIMARY HEALTHCARE CENTRE,,,,,,2567
202502,QHM,13T00,GATESHEAD OUTER WEST PCN,U41930,CRAWCROOK MEDICAL CENTRE,,,,,,20347
202502,QHM,13T00,GATESHEAD OUTER WEST PCN,U41930,HOLLYHURST MEDICAL CENTRE,,,,,,4880
202502,QHM,13T00,GATESHEAD OUTER WEST PCN,U41930,OLDWELL SURGERY,,,,,,4776
202502,QHM,13T00,JESMOND - LOWER GOSFORTH PCN,U34146,JESMOND HEALTH PARTNERSHIP,,,,,,27408
202502,QHM,13T00,JESMOND - LOWER GOSFORTH PCN,U34146,ROSEWORTH SURGERY,,,,,,5826
202502,QHM,13T00,JESMOND - LOWER GOSFORTH PCN,U34146,THE GROVE MEDICAL GROUP,,,,,,13184
202502,QHM,13T00,NEWCASTLE CENTRAL HEALTH PCN,U43524,SAVILLE MEDICAL GROUP,,,,,,42739
202502,QHM,13T00,NEWCASTLE EAST PCN,U17849,BENFIELD PARK MEDICAL GROUP,,,,,,10292
202502,QHM,13T00,NEWCASTLE EAST PCN,U17849,BIDDLESTONE HEALTH GROUP,,,,,,10712
202502,QHM,13T00,NEWCASTLE EAST PCN,U17849,HEATON ROAD SURGERY,,,,,,7253
202502,QHM,13T00,NEWCASTLE EAST PCN,U17849,NEWCASTLE MEDICAL CENTRE,,,,,,21850
202502,QHM,13T00,NEWCASTLE EAST PCN,U17849,ST.ANTHONY'S HEALTH CENTRE,,,,,,6724
202502,QHM,13T00,NEWCASTLE EAST PCN,U17849,THORNFIELD MEDICAL GROUP,,,,,,20501
202502,QHM,13T00,NEWCASTLE EAST PCN,U17849,WALKER MEDICAL GROUP,,,,,,10668
202502,QHM,13T00,NEWCASTLE INNER WEST PCN,U45898,BETTS AVENUE MEDICAL GROUP,,,,,,10838
202502,QHM,13T00,NEWCASTLE INNER WEST PCN,U45898,DILSTON MEDICAL CENTRE,,,,,,9631
202502,QHM,13T00,NEWCASTLE INNER WEST PCN,U45898,ELSWICK FAMILY PRACTICE,,,,,,8238
202502,QHM,13T00,NEWCASTLE INNER WEST PCN,U45898,FENHAM HALL SURGERY,,,,,,10772
202502,QHM,13T00,NEWCASTLE INNER WEST PCN,U45898,PROSPECT MEDICAL CENTRE,,,,,,14920
202502,QHM,13T00,NEWCASTLE OUTER WEST PCN,U87170,DENTON PARK MEDICAL GROUP,,,,,,7431
202502,QHM,13T00,NEWCASTLE OUTER WEST PCN,U87170,DENTON TURRET MEDICAL CENTRE,,,,,,9088
202502,QHM,13T00,NEWCASTLE OUTER WEST PCN,U87170,NEWBURN SURGERY,,,,,,6174
202502,QHM,13T00,NEWCASTLE OUTER WEST PCN,U87170,PARKWAY MEDICAL GROUP,,,,,,8445
202502,QHM,13T00,NEWCASTLE OUTER WEST PCN,U87170,THROCKLEY PRIMARY CARE CENTRE,,,,,,7370
202502,QHM,13T00,NEWCASTLE OUTER WEST PCN,U87170,WESTERHOPE MEDICAL GROUP,,,,,,13671
202502,QHM,13T00,NORTH GOSFORTH PCN,U70624,BRUNTON PARK,Chloral hydrate (0401010B0),2,488.5248,30,30,8330
202502,QHM,13T00,NORTH GOSFORTH PCN,U70624,PARK MEDICAL GROUP,,,,,,13233
202502,QHM,13T00,NORTH GOSFORTH PCN,U70624,REGENT MEDICAL CENTRE,,,,,,7585
202502,QHM,13T00,WEST END FAMILY HEALTH PCN,U44695,CRUDDAS PARK SURGERY,,,,,,11628
202502,QHM,13T00,WEST END FAMILY HEALTH PCN,U44695,HOLMSIDE MEDICAL GROUP,,,,,,10115
202502,QHM,13T00,WEST END FAMILY HEALTH PCN,U44695,WEST ROAD MEDICAL CENTRE,,,,,,12455
202502,QHM,16C00,BILLINGHAM & NORTON PCN,U94460,DR RASOOL,,,,,,2202
202502,QHM,16C00,BILLINGHAM & NORTON PCN,U94460,KINGSWAY MEDICAL CENTRE,,,,,,9838
202502,QHM,16C00,BILLINGHAM & NORTON PCN,U94460,MARSH HOUSE MEDICAL PRACTICE,,,,,,8521
202502,QHM,16C00,BILLINGHAM & NORTON PCN,U94460,MELROSE SURGERY,,,,,,2393
202502,QHM,16C00,BILLINGHAM & NORTON PCN,U94460,NORTON MEDICAL CENTRE,,,,,,16423
202502,QHM,16C00,BILLINGHAM & NORTON PCN,U94460,QUEENSTREE PRACTICE,,,,,,4158
202502,QHM,16C00,BILLINGHAM & NORTON PCN,U94460,THE ROSEBERRY PRACTICE,,,,,,7955
202502,QHM,16C00,BYTES PCN,U63844,EAGLESCLIFFE MEDICAL PRACTICE,,,,,,12576
202502,QHM,16C00,BYTES PCN,U63844,PARK LANE SURGERY,,,,,,5409
202502,QHM,16C00,BYTES PCN,U63844,THORNABY & BARWICK MEDICAL GROUP,,,,,,20900
202502,QHM,16C00,BYTES PCN,U63844,YARM MEDICAL PRACTICE,,,,,,14636
202502,QHM,16C00,CENTRAL MIDDLESBROUGH PCN,U55830,MARTONSIDE MEDICAL CENTRE,,,,,,7911
202502,QHM,16C00,CENTRAL MIDDLESBROUGH PCN,U55830,PARK SURGERY,,,,,,12263
202502,QHM,16C00,CENTRAL MIDDLESBROUGH PCN,U55830,PROSPECT SURGERY,,,,,,7212
202502,QHM,16C00,CENTRAL MIDDLESBROUGH PCN,U55830,THE DISCOVERY PRACTICE,,,,,,8590
202502,QHM,16C00,CENTRAL MIDDLESBROUGH PCN,U55830,THE ENDEAVOUR PRACTICE,,,,,,8732
202502,QHM,16C00,CENTRAL MIDDLESBROUGH PCN,U55830,THE ERIMUS PRACTICE,Chloral hydrate (0401010B0),1,651.3424,40,40,6672
202502,QHM,16C00,CENTRAL MIDDLESBROUGH PCN,U55830,THORNTREE SURGERY,,,,,,2757
202502,QHM,16C00,DARLINGTON PCN,U45102,BLACKETTS MEDICAL PRACTICE,,,,,,11380
202502,QHM,16C00,DARLINGTON PCN,U45102,CARMEL MEDICAL PRACTICE,Chloral hydrate (0401010B0),2,1221.2748,64.299,64.299,11646
202502,QHM,16C00,DARLINGTON PCN,U45102,CLIFTON COURT MEDICAL PRACTICE,,,,,,12261
202502,QHM,16C00,DARLINGTON PCN,U45102,DENMARK STREET SURGERY,,,,,,15095
202502,QHM,16C00,DARLINGTON PCN,U45102,MIDDLETON AND DINSDALE MEDICAL PRACTICE,,,,,,5898
202502,QHM,16C00,DARLINGTON PCN,U45102,MOORLANDS SURGERY,,,,,,13246
202502,QHM,16C00,DARLINGTON PCN,U45102,NEASHAM ROAD SURGERY,,,,,,13361
202502,QHM,16C00,DARLINGTON PCN,U45102,ORCHARD COURT SURGERY,,,,,,8644
202502,QHM,16C00,DARLINGTON PCN,U45102,PARKGATE SURGERY,,,,,,4851
202502,QHM,16C00,DARLINGTON PCN,U45102,ROCKLIFFE COURT SURGERY,,,,,,6243
202502,QHM,16C00,DARLINGTON PCN,U45102,WHINFIELD MEDICAL PRACTICE,,,,,,12103
202502,QHM,16C00,DUMMY,-,THE RIDGEWAY HEALTH CENTRE,,,,,,22
202502,QHM,16C00,EAST CLEVELAND PCN,U07842,BROTTON SURGERY,,,,,,7614
202502,QHM,16C00,EAST CLEVELAND PCN,U07842,HILLSIDE PRACTICE,,,,,,9390
202502,QHM,16C00,EAST CLEVELAND PCN,U07842,SPRINGWOOD SURGERY,,,,,,7690
202502,QHM,16C00,EAST CLEVELAND PCN,U07842,THE GARTH,,,,,,11578
202502,QHM,16C00,EAST CLEVELAND PCN,U07842,WOODSIDE SURGERY,,,,,,5890
202502,QHM,16C00,ESTON PCN,U85257,CAMBRIDGE MEDICAL GROUP,,,,,,7280
202502,QHM,16C00,ESTON PCN,U85257,NORMANBY MEDICAL CENTRE,Chloral hydrate (0401010B0),1,488.5124,30,30,22915
202502,QHM,16C00,ESTON PCN,U85257,SOUTH GRANGE MEDICAL GROUP PRACTICE,,,,,,15368
202502,QHM,16C00,ESTON PCN,U85257,THE ESTON SURGERY ( D 01-Oct-25 ),,,,,,3715
202502,QHM,16C00,GREATER MIDDLESBROUGH PCN,U02671,ACKLAM MEDICAL CENTRE,Chloral hydrate (0401010B0),2,1465.5248,90,90,11328
202502,QHM,16C00,GREATER MIDDLESBROUGH PCN,U02671,COULBY MEDICAL PRACTICE,,,,,,9236
202502,QHM,16C00,GREATER MIDDLESBROUGH PCN,U02671,CROSSFELL HEALTH CENTRE,,,,,,8923
202502,QHM,16C00,GREATER MIDDLESBROUGH PCN,U02671,HIRSEL MEDICAL CENTRE,,,,,,3793
202502,QHM,16C00,GREATER MIDDLESBROUGH PCN,U02671,KINGS MEDICAL CENTRE,,,,,,6489
202502,QHM,16C00,GREATER MIDDLESBROUGH PCN,U02671,NEWLANDS MEDICAL CENTRE,,,,,,9790
202502,QHM,16C00,GREATER MIDDLESBROUGH PCN,U02671,PARKWAY MEDICAL CENTRE,,,,,,9301
202502,QHM,16C00,GREATER MIDDLESBROUGH PCN,U02671,WESTBOURNE MEDICAL CENTRE,,,,,,5596
202502,QHM,16C00,HARTLEPOOL HEALTH PCN,U40502,MCKENZIE GROUP PRACTICE,,,,,,6199
202502,QHM,16C00,HARTLEPOOL HEALTH PCN,U40502,MCKENZIE HOUSE SURGERY,Chloral hydrate (0401010B0),1,911.9824,56,56,18980
202502,QHM,16C00,HARTLEPOOL HEALTH PCN,U40502,THE HEADLAND MEDICAL CENTRE,,,,,,5358
202502,QHM,16C00,HARTLEPOOL PCN,U70212,GLADSTONE HOUSE SURGERY,,,,,,5682
202502,QHM,16C00,HARTLEPOOL PCN,U70212,HART MEDICAL PRACTICE,,,,,,9438
202502,QHM,16C00,HARTLEPOOL PCN,U70212,THE PATEL PRACTICE,,,,,,4013
202502,QHM,16C00,HARTLEPOOL PCN,U70212,WEST QUAY MEDICAL PRACTICE,,,,,,6277
202502,QHM,16C00,HARTLEPOOL PCN,U70212,WEST VIEW MILLENIUM SURGERY A,,,,,,7534
202502,QHM,16C00,HOLGATE PCN,U85008,BOROUGH ROAD & NUNTHORPE MEDICAL GROUP,,,,,,16654
202502,QHM,16C00,HOLGATE PCN,U85008,LINTHORPE SURGERY,,,,,,20913
202502,QHM,16C00,HOLGATE PCN,U85008,VILLAGE MEDICAL CENTRE,,,,,,8156
202502,QHM,16C00,NORTH STOCKTON PCN,U07032,ALMA MEDICAL CENTRE,,,,,,11050
202502,QHM,16C00,NORTH STOCKTON PCN,U07032,QUEENS PARK MEDICAL CENTRE,,,,,,18759
202502,QHM,16C00,NORTH STOCKTON PCN,U07032,TENNANT STREET MEDICAL PRACTICE,,,,,,14748
202502,QHM,16C00,ONE LIFE HARTLEPOOL PCN,U27349,BANKHOUSE SURGERY,,,,,,10589
202502,QHM,16C00,ONE LIFE HARTLEPOOL PCN,U27349,CHADWICK PRACTICE,,,,,,11838
202502,QHM,16C00,ONE LIFE HARTLEPOOL PCN,U27349,HAVELOCK GRANGE PRACTICE,,,,,,13701
202502,QHM,16C00,REDCAR COASTAL PCN,U23714,BENTLEY MEDICAL PRACTICE,Chloral hydrate (0401010B0),1,488.5124,30,30,10154
202502,QHM,16C00,REDCAR COASTAL PCN,U23714,HUNTCLIFF SURGERY,,,,,,10022
202502,QHM,16C00,REDCAR COASTAL PCN,U23714,THE COATHAM ROAD SURGERY,Chloral hydrate (0401010B0),1,488.5124,30,30,6221
202502,QHM,16C00,REDCAR COASTAL PCN,U23714,THE GREEN HOUSE SURGERY,,,,,,10140
202502,QHM,16C00,REDCAR COASTAL PCN,U23714,THE RAVENSCAR SURGERY,Chloral hydrate (0401010B0),1,244.2624,15,15,3351
202502,QHM,16C00,REDCAR COASTAL PCN,U23714,THE SALTSCAR SURGERY,,,,,,8538
202502,QHM,16C00,REDCAR COASTAL PCN,U23714,ZETLAND MEDICAL PRACTICE,,,,,,6988
202502,QHM,16C00,STOCKTON PCN,U89141,ELM TREE SURGERY,,,,,,15280
202502,QHM,16C00,STOCKTON PCN,U89141,RIVERSIDE MEDICAL PRACTICE,,,,,,6930
202502,QHM,16C00,STOCKTON PCN,U89141,THE ARRIVAL PRACTICE ( D 01-Jun-25 ),,,,,,3291
202502,QHM,16C00,STOCKTON PCN,U89141,THE DENSHAM SURGERY,,,,,,3899
202502,QHM,16C00,STOCKTON PCN,U89141,THE DOVECOT SURGERY,,,,,,4091
202502,QHM,16C00,STOCKTON PCN,U89141,WOODBRIDGE PRACTICE,Chloral hydrate (0401010B0),1,732.7624,45,45,18330
202502,QHM,16C00,STOCKTON PCN,U89141,WOODLANDS FAMILY MEDICAL CENTRE,,,,,,12385
202502,QHM,84H00,BISHOP AUCKLAND PCN,U85067,AUCKLAND MEDICAL GROUP,,,,,,15905
202502,QHM,84H00,BISHOP AUCKLAND PCN,U85067,BISHOPGATE MEDICAL CENTRE,,,,,,13668
202502,QHM,84H00,BISHOP AUCKLAND PCN,U85067,STATION VIEW MEDICAL CENTRE,,,,,,9738
202502,QHM,84H00,CHESTER LE STREET PCN,U77096,BRIDGE END SURGERY,,,,,,7775
202502,QHM,84H00,CHESTER LE STREET PCN,U77096,CESTRIA HEALTH CENTRE,,,,,,12672
202502,QHM,84H00,CHESTER LE STREET PCN,U77096,GREAT LUMLEY SURGERY,,,,,,5247
202502,QHM,84H00,CHESTER LE STREET PCN,U77096,MIDDLE CHARE MEDICAL GROUP,Chloral hydrate (0401010B0),1,244.2624,15,15,9368
202502,QHM,84H00,CHESTER LE STREET PCN,U77096,PELTON & FELLROSE MEDICAL GROUP,,,,,,10017
202502,QHM,84H00,CHESTER LE STREET PCN,U77096,SACRISTON MEDICAL CENTRE,,,,,,10745
202502,QHM,84H00,CHESTER LE STREET PCN,U77096,VILLAGES MEDICAL GROUP,,,,,,4174
202502,QHM,84H00,CLAYPATH & UNIVERSITY MEDICAL GROUP PCN,U38486,CLAYPATH & UNIVERSITY MEDICAL GROUP,,,,,,33326
202502,QHM,84H00,DERWENTSIDE PCN,U70497,ANNFIELD PLAIN SURGERY,,,,,,3577
202502,QHM,84H00,DERWENTSIDE PCN,U70497,BROWNEY HOUSE SURGERY,,,,,,2661
202502,QHM,84H00,DERWENTSIDE PCN,U70497,CEDARS MEDICAL GROUP,,,,,,6163
202502,QHM,84H00,DERWENTSIDE PCN,U70497,CONSETT MEDICAL CENTRE,Chloral hydrate (0401010B0),1,244.2624,15,15,16849
202502,QHM,84H00,DERWENTSIDE PCN,U70497,DRS LAMBERT & NG,,,,,,5295
202502,QHM,84H00,DERWENTSIDE PCN,U70497,LANCHESTER MEDICAL CENTRE,,,,,,4138
202502,QHM,84H00,DERWENTSIDE PCN,U70497,LEADGATE SURGERY,,,,,,5845
202502,QHM,84H00,DERWENTSIDE PCN,U70497,OAKFIELDS HEALTH GROUP,,,,,,7675
202502,QHM,84H00,DERWENTSIDE PCN,U70497,QUEENS ROAD SURGERY,,,,,,16237
202502,QHM,84H00,DERWENTSIDE PCN,U70497,STANLEY MEDICAL GROUP,,,,,,12456
202502,QHM,84H00,DERWENTSIDE PCN,U70497,TANFIELD VIEW MEDICAL GROUP,Chloral hydrate (0401010B0),2,977.0248,60,60,10834
202502,QHM,84H00,DERWENTSIDE PCN,U70497,THE HAVEN SURGERY,,,,,,1734
202502,QHM,84H00,DURHAM COAST PCN,U26864,BEVAN MEDICAL GROUP,,,,,,8592
202502,QHM,84H00,DURHAM COAST PCN,U26864,EAST DURHAM MEDICAL GROUP,,,,,,18289
202502,QHM,84H00,DURHAM COAST PCN,U26864,SOUTHDENE MEDICAL CENTRE,,,,,,3397
202502,QHM,84H00,DURHAM COAST PCN,U26864,WINGATE MEDICAL PRACTICE INTRAHEALTH,,,,,,3526
202502,QHM,84H00,DURHAM EAST PCN,U53962,BELMONT & SHERBURN MEDICAL GROUP,Chloral hydrate (0401010B0),2,488.5248,30,30,6243
202502,QHM,84H00,DURHAM EAST PCN,U53962,BOWBURN MEDICAL CENTRE,,,,,,4509
202502,QHM,84H00,DURHAM EAST PCN,U53962,CHEVELEY PARK MEDICAL CTR,,,,,,5031
202502,QHM,84H00,DURHAM EAST PCN,U53962,COXHOE MEDICAL PRACTICE,,,,,,7575
202502,QHM,84H00,DURHAM EAST PCN,U53962,WEST RAINTON SURGERY,,,,,,5499
202502,QHM,84H00,DURHAM WEST PCN,U01989,CHASTLETON MEDICAL GROUP,,,,,,10426
202502,QHM,84H00,DURHAM WEST PCN,U01989,DUNELM MEDICAL PRACTICE,,,,,,14503
202502,QHM,84H00,DURHAM WEST PCN,U01989,THE MEDICAL GROUP,,,,,,26655
202502,QHM,84H00,EASINGTON CENTRAL PCN,U14615,BLACKHALL AND PETERLEE PRACTICE,,,,,,10233
202502,QHM,84H00,EASINGTON CENTRAL PCN,U14615,THE HORDEN GROUP PRACTICE,,,,,,8290
202502,QHM,84H00,EASINGTON CENTRAL PCN,U14615,WILLIAM BROWN CENTRE,Chloral hydrate (0401010B0),1,244.2624,15,15,15675
202502,QHM,84H00,NORTH EASINGTON PCN,U81825,BYRON MEDICAL PRACTICE,Chloral hydrate (0401010B0),1,162.9424,10,10,8316
202502,QHM,84H00,NORTH EASINGTON PCN,U81825,MARLBOROUGH SURGERY,,,,,,11380
202502,QHM,84H00,NORTH EASINGTON PCN,U81825,MURTON MEDICAL CENTRE,,,,,,7358
202502,QHM,84H00,NORTH EASINGTON PCN,U81825,SILVERDALE FAMILY PRACTICE,,,,,,6637
202502,QHM,84H00,NORTH EASINGTON PCN,U81825,THE NEW SEAHAM MEDICAL GROUP,,,,,,4648
202502,QHM,84H00,SEDGEFIELD 1 PCN,U37593,BEWICK CRESCENT SURGERY,,,,,,13056
202502,QHM,84H00,SEDGEFIELD 1 PCN,U37593,HALLGARTH SURGERY,,,,,,5393
202502,QHM,84H00,SEDGEFIELD 1 PCN,U37593,JUBILEE MEDICAL GROUP,,,,,,12566
202502,QHM,84H00,SEDGEFIELD 1 PCN,U37593,PEASE WAY MEDICAL CENTRE,,,,,,12104
202502,QHM,84H00,SEDGEFIELD NORTH PCN,U12365,BISHOPS CLOSE MEDICAL PRACTICE,,,,,,8644
202502,QHM,84H00,SEDGEFIELD NORTH PCN,U12365,FERRYHILL AND CHILTON MEDICAL PRACTICE,,,,,,14898
202502,QHM,84H00,SEDGEFIELD NORTH PCN,U12365,SKERNE MEDICAL GROUP,,,,,,16754
202502,QHM,84H00,SEDGEFIELD NORTH PCN,U12365,ST ANDREW'S MEDICAL PRACTICE,,,,,,15646
202502,QHM,84H00,SEDGEFIELD NORTH PCN,U12365,WEST CORNFORTH MEDICAL CENTRE,,,,,,2745
202502,QHM,84H00,TEESDALE PCN,U31619,BARNARD CASTLE SURGERY,,,,,,10950
202502,QHM,84H00,TEESDALE PCN,U31619,EVENWOOD MEDICAL PRACTICE,,,,,,2261
202502,QHM,84H00,TEESDALE PCN,U31619,GAINFORD SURGERY,,,,,,3669
202502,QHM,84H00,TEESDALE PCN,U31619,OLD FORGE SURGERY,,,,,,2664
202502,QHM,84H00,TEESDALE PCN,U31619,PINFOLD MEDICAL PRACTICE,,,,,,2879
202502,QHM,84H00,TEESDALE PCN,U31619,WOODVIEW MEDICAL PRACTICE,,,,,,2570
202502,QHM,84H00,WEAR VALLEY PCN,U96202,NORTH HOUSE SURGERY,,,,,,13494
202502,QHM,84H00,WEAR VALLEY PCN,U96202,THE WEARDALE PRACTICE,,,,,,7197
202502,QHM,84H00,WEAR VALLEY PCN,U96202,WILLINGTON MEDICAL GROUP,,,,,,9219
202502,QHM,99C00,CRAMLINGTON SEATON VALLEY PCN,U24977,WOODLANDS PARK HEALTH CTR,,,,,,6589
202502,QHM,99C00,NORTH SHIELDS PCN,U91110,COLLINGWOOD HEALTH GROUP,,,,,,24514
202502,QHM,99C00,NORTH SHIELDS PCN,U91110,PRIORY MEDICAL GROUP,,,,,,15412
202502,QHM,99C00,NORTH SHIELDS PCN,U91110,REDBURN PARK MEDICAL CENTRE,,,,,,6240
202502,QHM,99C00,NORTH SHIELDS PCN,U91110,NELSON MEDICAL GROUP ( C 01-May-26 ),,,,,,4952
202502,QHM,99C00,NORTH TYNESIDE NORTH WEST PCN,U95193,LANE END SURGERY,,,,,,9497
202502,QHM,99C00,NORTH TYNESIDE NORTH WEST PCN,U95193,MALLARD MEDICAL PRACTICE,Chloral hydrate (0401010B0),1,488.5124,30,30,5457
202502,QHM,99C00,NORTH TYNESIDE NORTH WEST PCN,U95193,STEPHENSON PARK HEALTH GROUP,,,,,,17855
202502,QHM,99C00,NORTH TYNESIDE NORTH WEST PCN,U95193,SWARLAND AVENUE SURGERY,,,,,,6700
202502,QHM,99C00,NORTH TYNESIDE NORTH WEST PCN,U95193,WELLSPRING MEDICAL PRACT.,,,,,,6490
202502,QHM,99C00,NORTH TYNESIDE NORTH WEST PCN,U95193,WEST FARM SURGERY,,,,,,6040
202502,QHM,99C00,NORTH TYNESIDE NORTH WEST PCN,U95193,WIDEOPEN MEDICAL CENTRE,,,,,,7555
202502,QHM,99C00,NORTHUMBRIA PCN,U09980,NPC NORTH TYNESIDE - SPRING TERRACE,Chloral hydrate (0401010B0),20,914.168,56,56,5977
202502,QHM,99C00,WALLSEND PCN,U10386,BEWICKE MEDICAL CENTRE,,,,,,9329
202502,QHM,99C00,WALLSEND PCN,U10386,HADRIAN HEALTH CENTRE,,,,,,20963
202502,QHM,99C00,WALLSEND PCN,U10386,THE VILLAGE GREEN SURGERY,,,,,,12805
202502,QHM,99C00,WHITLEY BAY PCN,U02739,BEAUMONT PARK SURGERY,,,,,,6441
202502,QHM,99C00,WHITLEY BAY PCN,U02739,BRIDGE AND MONKSEATON MEDICAL PRACTICE,,,,,,13288
202502,QHM,99C00,WHITLEY BAY PCN,U02739,MARINE AVENUE MEDICAL CTR,,,,,,8807
202502,QHM,99C00,WHITLEY BAY PCN,U02739,NORTHUMBERLAND PARK MEDICAL GROUP,,,,,,9587
202502,QHM,99C00,WHITLEY BAY PCN,U02739,WHITLEY BAY HEALTH CENTRE,,,,,,13525
202502,QHM,99C00,WHITLEY BAY PCN,U02739,49 MARINE AVENUE SURGERY ( C 01-May-26 ),,,,,,5822
202502,QHM,99C00,WHITLEY BAY PCN,U02739,PARK PARADE PRACTICE ( C 01-May-26 ),,,,,,4836
202503,QHM,00L00,BLYTH PCN,U25489,MARINE MEDICAL GROUP,,,,,,13748
202503,QHM,00L00,BLYTH PCN,U25489,RAILWAY MEDICAL GROUP,,,,,,27010
202503,QHM,00L00,CRAMLINGTON SEATON VALLEY PCN,U24977,FORUM FAMILY PRACTICE,,,,,,9018
202503,QHM,00L00,CRAMLINGTON SEATON VALLEY PCN,U24977,NETHERFIELD HOUSE,,,,,,6003
202503,QHM,00L00,CRAMLINGTON SEATON VALLEY PCN,U24977,VILLAGE MEDICAL GROUP,,,,,,11305
202503,QHM,00L00,DUMMY,-,RIVERSDALE SURGERY,,,,,,5955
202503,QHM,00L00,DUMMY,-,THE ADDERLANE SURGERY,,,,,,2187
202503,QHM,00L00,NORTHUMBRIA PCN,U09980,NPC AMBLE & BROOMHILL,,,,,,12142
202503,QHM,00L00,NORTHUMBRIA PCN,U09980,NPC CENTRAL NORTHUMBERLAND,,,,,,49589
202503,QHM,00L00,NORTHUMBRIA PCN,U09980,NPC CRAMLINGTON,,,,,,5401
202503,QHM,00L00,NORTHUMBRIA PCN,U09980,NPC ELSDON AVENUE,,,,,,4289
202503,QHM,00L00,NORTHUMBRIA PCN,U09980,NPC FELTON & WIDDRINGTON,,,,,,4594
202503,QHM,00L00,NORTHUMBRIA PCN,U09980,NPC HAYDON BRIDGE & ALLENDALE,,,,,,5254
202503,QHM,00L00,NORTHUMBRIA PCN,U09980,NPC PONTELAND,,,,,,10752
202503,QHM,00L00,NORTHUMBRIA PCN,U09980,NPC ROTHBURY,,,,,,6153
202503,QHM,00L00,WANSBECK PCN,U11112,BEDLINGTONSHIRE MED.GROUP,,,,,,12774
202503,QHM,00L00,WANSBECK PCN,U11112,GUIDEPOST MEDICAL GROUP,,,,,,8033
202503,QHM,00L00,WANSBECK PCN,U11112,SEATON PARK MEDICAL GROUP,,,,,,19730
202503,QHM,00L00,WANSBECK PCN,U11112,THE GABLES MEDICAL GROUP,,,,,,6313
202503,QHM,00L00,WELL UP NORTH PCN,U25545,ALNWICK MEDICAL GROUP,,,,,,18884
202503,QHM,00L00,WELL UP NORTH PCN,U25545,BELFORD MEDICAL PRACTICE,,,,,,4498
202503,QHM,00L00,WELL UP NORTH PCN,U25545,GAS HOUSE LANE SURGERY,Chloral hydrate (0401010B0),1,244.2624,15,15,7170
202503,QHM,00L00,WELL UP NORTH PCN,U25545,GREYSTOKE SURGERY,,,,,,10724
202503,QHM,00L00,WELL UP NORTH PCN,U25545,UNION BRAE & NORHAM PRAC,,,,,,7175
202503,QHM,00L00,WELL UP NORTH PCN,U25545,WELL CLOSE MEDICAL GROUP,,,,,,9189
202503,QHM,00L00,WELL UP NORTH PCN,U25545,WOOLER HEALTH,,,,,,4888
202503,QHM,00L00,WEST NORTHUMBERLAND PCN,U05512,BELLINGHAM PRACTICE,,,,,,3424
202503,QHM,00L00,WEST NORTHUMBERLAND PCN,U05512,BRANCH END SURGERY,,,,,,5403
202503,QHM,00L00,WEST NORTHUMBERLAND PCN,U05512,BURN BRAE MEDICAL GROUP,,,,,,10426
202503,QHM,00L00,WEST NORTHUMBERLAND PCN,U05512,CORBRIDGE HEALTH CENTRE,,,,,,7306
202503,QHM,00L00,WEST NORTHUMBERLAND PCN,U05512,HALTWHISTLE MEDICAL GROUP,,,,,,5565
202503,QHM,00L00,WEST NORTHUMBERLAND PCN,U05512,HUMSHAUGH & WARK MED GRP,,,,,,3416
202503,QHM,00L00,WEST NORTHUMBERLAND PCN,U05512,PRUDHOE MEDICAL GROUP,,,,,,6904
202503,QHM,00L00,WEST NORTHUMBERLAND PCN,U05512,SCOTS GAP MEDICAL GROUP,,,,,,2156
202503,QHM,00L00,WEST NORTHUMBERLAND PCN,U05512,THE SELE MEDICAL PRACTICE,,,,,,5851
202503,QHM,00L00,WEST NORTHUMBERLAND PCN,U05512,WHITE MEDICAL GROUP,,,,,,8637
202503,QHM,00N00,SOUTH TYNESIDE EAST PCN,U20256,FARNHAM MEDICAL CTR.,,,,,,16909
202503,QHM,00N00,SOUTH TYNESIDE EAST PCN,U20256,ST GEORGE & RIVERSIDE MEDICAL PRACTICE,,,,,,7415
202503,QHM,00N00,SOUTH TYNESIDE EAST PCN,U20256,TALBOT MEDICAL CENTRE,,,,,,7832
202503,QHM,00N00,SOUTH TYNESIDE EAST PCN,U20256,TRINITY MEDICAL CENTRE,,,,,,6428
202503,QHM,00N00,SOUTH TYNESIDE EAST PCN,U20256,WENLOCK ROAD SURGERY,,,,,,4442
202503,QHM,00N00,SOUTH TYNESIDE EAST PCN,U20256,WEST VIEW SURGERY,,,,,,2877
202503,QHM,00N00,SOUTH TYNESIDE SOUTH PCN,U89118,CENTRAL SURGERY,,,,,,19151
202503,QHM,00N00,SOUTH TYNESIDE SOUTH PCN,U89118,COLLIERY COURT MEDICAL GROUP,,,,,,8268
202503,QHM,00N00,SOUTH TYNESIDE SOUTH PCN,U89118,DR THORNILEY-WALKER & PARTNERS,,,,,,6028
202503,QHM,00N00,SOUTH TYNESIDE SOUTH PCN,U89118,IMEARY MEDICAL GROUP,,,,,,4363
202503,QHM,00N00,SOUTH TYNESIDE SOUTH PCN,U89118,MARSDEN MEDICAL GROUP,Chloral hydrate (0401010B0),1,244.2624,15,15,22849
202503,QHM,00N00,SOUTH TYNESIDE SOUTH PCN,U89118,WHITBURN SURGERY,,,,,,5371
202503,QHM,00N00,SOUTH TYNESIDE WEST PCN,U37826,ALBERT ROAD SURGERY,,,,,,3416
202503,QHM,00N00,SOUTH TYNESIDE WEST PCN,U37826,EAST WING PRACTICE,,,,,,4257
202503,QHM,00N00,SOUTH TYNESIDE WEST PCN,U37826,ELLISON VIEW SURGERY,,,,,,6048
202503,QHM,00N00,SOUTH TYNESIDE WEST PCN,U37826,MAYFIELD MEDICAL GROUP,,,,,,9032
202503,QHM,00N00,SOUTH TYNESIDE WEST PCN,U37826,RAVENSWORTH SURGERY,,,,,,5943
202503,QHM,00N00,SOUTH TYNESIDE WEST PCN,U37826,THE G.P.SUITE,,,,,,4387
202503,QHM,00N00,SOUTH TYNESIDE WEST PCN,U37826,THE GLEN MEDICAL GROUP,,,,,,11156
202503,QHM,00N00,SOUTH TYNESIDE WEST PCN,U37826,VICTORIA MEDICAL CENTRE,,,,,,3651
202503,QHM,00P00,COALFIELDS PCN,U69720,GRANGEWOOD SURGERY,,,,,,7417
202503,QHM,00P00,COALFIELDS PCN,U69720,HERRINGTON MEDICAL CENTRE,,,,,,9582
202503,QHM,00P00,COALFIELDS PCN,U69720,HETTON GROUP PRACTICE,,,,,,11820
202503,QHM,00P00,COALFIELDS PCN,U69720,"HOUGHTON MEDICAL GROUP,",,,,,,8396
202503,QHM,00P00,COALFIELDS PCN,U69720,KEPIER MEDICAL PRACTICE,,,,,,8554
202503,QHM,00P00,COALFIELDS PCN,U69720,WESTBOURNE MEDICAL GROUP,,,,,,6638
202503,QHM,00P00,DUMMY,-,PALLION PRIMARY CARE SERVICES,,,,,,33
202503,QHM,00P00,SUNDERLAND CENTRAL PCN,U05458,HAPPY HOUSE SURGERY,,,,,,8184
202503,QHM,00P00,SUNDERLAND CENTRAL PCN,U05458,NEW SILKSWORTH MEDICAL PRACTICE,,,,,,9168
202503,QHM,00P00,SUNDERLAND CENTRAL PCN,U05458,SPRINGWELL MEDICAL GROUP,,,,,,6416
202503,QHM,00P00,SUNDERLAND CENTRAL PCN,U05458,SUNDERLAND GP ALLIANCE SOUTH HYLTON SURG,,,,,,4554
202503,QHM,00P00,SUNDERLAND CENTRAL PCN,U05458,VILLAGE SURGERY PARTNERSHIP,,,,,,4795
202503,QHM,00P00,SUNDERLAND EAST PCN,U52297,ASHBURN MEDICAL CENTRE,,,,,,5301
202503,QHM,00P00,SUNDERLAND EAST PCN,U52297,DEERNESS PARK MEDICAL GROUP,,,,,,13494
202503,QHM,00P00,SUNDERLAND EAST PCN,U52297,PARK LANE PRACTICE,,,,,,4368
202503,QHM,00P00,SUNDERLAND EAST PCN,U52297,RIVERVIEW SURGERY,,,,,,6993
202503,QHM,00P00,SUNDERLAND EAST PCN,U52297,SOUTHLANDS MEDICAL GROUP,,,,,,10555
202503,QHM,00P00,SUNDERLAND EAST PCN,U52297,THE NEW CITY MEDICAL GROUP,,,,,,5667
202503,QHM,00P00,SUNDERLAND EAST PCN,U52297,VILLETTE SURGERY,,,,,,5775
202503,QHM,00P00,SUNDERLAND NORTH PCN,U43314,BRIDGE VIEW MEDICAL GROUP,,,,,,14895
202503,QHM,00P00,SUNDERLAND NORTH PCN,U43314,CASTLETOWN MEDICAL CENTRE,,,,,,2112
202503,QHM,00P00,SUNDERLAND NORTH PCN,U43314,"FULWELL MEDICAL CENTRE,",,,,,,9243
202503,QHM,00P00,SUNDERLAND NORTH PCN,U43314,MONKWEARMOUTH HEALTH CENTRE,,,,,,4640
202503,QHM,00P00,SUNDERLAND NORTH PCN,U43314,RED HOUSE MEDICAL CENTRE,,,,,,5544
202503,QHM,00P00,SUNDERLAND NORTH PCN,U43314,ST BEDE MEDICAL CENTRE,,,,,,9316
202503,QHM,00P00,SUNDERLAND WEST 1 PCN,U14646,CHESTER SURGERY,,,,,,3067
202503,QHM,00P00,SUNDERLAND WEST 1 PCN,U14646,FORGE MEDICAL PRACTICE,,,,,,8623
202503,QHM,00P00,SUNDERLAND WEST 1 PCN,U14646,HYLTON MEDICAL GROUP,,,,,,7204
202503,QHM,00P00,SUNDERLAND WEST 1 PCN,U14646,MILLFIELD MEDICAL GROUP,,,,,,14523
202503,QHM,00P00,SUNDERLAND WEST 1 PCN,U14646,PALLION FAMILY PRACTICE,,,,,,10090
202503,QHM,00P00,SUNDERLAND WEST 1 PCN,U14646,THE BROADWAY MEDICAL PRACTICE,,,,,,7719
202503,QHM,00P00,SUNDERLAND WEST 1 PCN,U14646,WEARSIDE MEDICAL PRACTICE - PALLION,,,,,,8077
202503,QHM,00P00,WASHINGTON PCN,U61868,CONCORD MEDICAL PRACTICE,,,,,,5208
202503,QHM,00P00,WASHINGTON PCN,U61868,GALLERIES MEDICAL PRACTICE,,,,,,11514
202503,QHM,00P00,WASHINGTON PCN,U61868,I J HEALTHCARE,,,,,,3618
202503,QHM,00P00,WASHINGTON PCN,U61868,NEW WASHINGTON MEDICAL GROUP,,,,,,7202
202503,QHM,00P00,WASHINGTON PCN,U61868,RICKLETON MEDICAL CENTRE,,,,,,2777
202503,QHM,00P00,WASHINGTON PCN,U61868,SUNDERLAND GP ALLIANCE MEDICAL PRACTICE,,,,,,10091
202503,QHM,00P00,WASHINGTON PCN,U61868,THE STEPHENSON MEDICAL PRACTICE,,,,,,12283
202503,QHM,01H00,CARLISLE HEALTHCARE PCN,U92223,BRAMPTON MEDICAL PRACTICE,,,,,,16696
202503,QHM,01H00,CARLISLE HEALTHCARE PCN,U92223,CARLISLE HEALTHCARE,,,,,,39974
202503,QHM,01H00,CARLISLE HEALTHCARE PCN,U92223,LONGTOWN MEDICAL CENTRE,,,,,,3850
202503,QHM,01H00,CARLISLE HEALTHCARE PCN,U92223,SPENCER ST SURGERY,,,,,,13570
202503,QHM,01H00,CARLISLE PCN,U66688,CARLISLE CENTRAL PRACTICE,,,,,,13527
202503,QHM,01H00,CARLISLE PCN,U66688,EDEN MEDICAL GROUP,,,,,,15678
202503,QHM,01H00,CARLISLE PCN,U66688,WARWICK SQUARE GROUP PRACTICE,,,,,,7811
202503,QHM,01H00,COCKERMOUTH & MARYPORT PCN,U76572,CASTLEGATE AND DERWENT SURGERY,,,,,,18190
202503,QHM,01H00,COCKERMOUTH & MARYPORT PCN,U76572,MARYPORT HEALTH SERVICES,,,,,,13831
202503,QHM,01H00,COPELAND HAVEN PCN,U94879,DISTINGTON SURGERY,,,,,,6346
202503,QHM,01H00,COPELAND HAVEN PCN,U94879,MANSION HOUSE SURGERY,,,,,,7562
202503,QHM,01H00,COPELAND HAVEN PCN,U94879,WESTCROFT HOUSE SURGERY,,,,,,6173
202503,QHM,01H00,COPELAND PCN,U48302,FELLVIEW HEALTHCARE,,,,,,23176
202503,QHM,01H00,COPELAND PCN,U48302,LOWTHER MEDICAL CENTRE,,,,,,13828
202503,QHM,01H00,COPELAND PCN,U48302,SEASCALE HEALTH CENTRE,,,,,,5921
202503,QHM,01H00,EDEN (CUMBRIA) PCN,U08085,ALSTON MEDICAL PRACTICE,,,,,,2201
202503,QHM,01H00,EDEN (CUMBRIA) PCN,U08085,APPLEBY MEDICAL PRACTICE,,,,,,5117
202503,QHM,01H00,EDEN (CUMBRIA) PCN,U08085,BIRBECK MEDICAL GROUP,,,,,,14529
202503,QHM,01H00,EDEN (CUMBRIA) PCN,U08085,COURT THORN SURGERY,,,,,,3766
202503,QHM,01H00,EDEN (CUMBRIA) PCN,U08085,GLENRIDDING HEALTH CENTRE,,,,,,971
202503,QHM,01H00,EDEN (CUMBRIA) PCN,U08085,KIRKOSWALD SURGERY,,,,,,2760
202503,QHM,01H00,EDEN (CUMBRIA) PCN,U08085,SHAP MEDICAL PRACTICE,,,,,,3303
202503,QHM,01H00,EDEN (CUMBRIA) PCN,U08085,TEMPLE SOWERBY MEDICAL PRACTICE,,,,,,4666
202503,QHM,01H00,EDEN (CUMBRIA) PCN,U08085,THE LAKES MEDICAL PRACTICE,,,,,,11520
202503,QHM,01H00,EDEN (CUMBRIA) PCN,U08085,UPPER EDEN MEDICAL PRACTICE,,,,,,6573
202503,QHM,01H00,KESWICK & SOLWAY PCN,U25680,ASPATRIA MEDICAL GROUP,,,,,,7181
202503,QHM,01H00,KESWICK & SOLWAY PCN,U25680,CALDBECK SURGERY,,,,,,4278
202503,QHM,01H00,KESWICK & SOLWAY PCN,U25680,CASTLEHEAD MEDICAL CENTRE,,,,,,8344
202503,QHM,01H00,KESWICK & SOLWAY PCN,U25680,DALSTON MEDICAL GROUP,,,,,,5130
202503,QHM,01H00,KESWICK & SOLWAY PCN,U25680,SILLOTH GROUP MEDICAL PRACTICE,,,,,,4406
202503,QHM,01H00,KESWICK & SOLWAY PCN,U25680,THE CROFT SURGERY,,,,,,3511
202503,QHM,01H00,KESWICK & SOLWAY PCN,U25680,WIGTON GROUP MEDICAL PRACTICE,,,,,,9128
202503,QHM,01H00,WORKINGTON PCN,U67303,JAMES STREET GROUP PRACT,,,,,,33265
202503,QHM,13T00,BIRTLEY AND CENTRAL GATESHEAD PCN,U76028,BIRTLEY MEDICAL GROUP,,,,,,15307
202503,QHM,13T00,BIRTLEY AND CENTRAL GATESHEAD PCN,U76028,OXFORD TCE & RAWLING RD MEDICAL GROUP,,,,,,17851
202503,QHM,13T00,BIRTLEY AND CENTRAL GATESHEAD PCN,U76028,SECOND STREET SURGERY,,,,,,4664
202503,QHM,13T00,BIRTLEY AND CENTRAL GATESHEAD PCN,U76028,THE BRIDGES MEDICAL PRACTICE,,,,,,8212
202503,QHM,13T00,DUMMY,-,ST OSWALDS PALLIATIVE CARE,Chloral hydrate (0401010B0),1,81.5324,5,5,
202503,QHM,13T00,GATESHEAD CENTRAL SOUTH PCN,U91254,BEACON VIEW MEDICAL CENTRE,,,,,,5724
202503,QHM,13T00,GATESHEAD CENTRAL SOUTH PCN,U91254,BENSHAM FAMILY PRACTICE,,,,,,3863
202503,QHM,13T00,GATESHEAD CENTRAL SOUTH PCN,U91254,BEWICK ROAD SURGERY,,,,,,8295
202503,QHM,13T00,GATESHEAD CENTRAL SOUTH PCN,U91254,CENTRAL GATESHEAD MEDICAL GROUP,,,,,,10616
202503,QHM,13T00,GATESHEAD CENTRAL SOUTH PCN,U91254,FELL COTTAGE SURGERY,,,,,,8675
202503,QHM,13T00,GATESHEAD CENTRAL SOUTH PCN,U91254,FELL TOWER MEDICAL CENTRE,,,,,,7515
202503,QHM,13T00,GATESHEAD CENTRAL SOUTH PCN,U91254,MILLENNIUM FAMILY PRACTICE,,,,,,3877
202503,QHM,13T00,GATESHEAD CENTRAL SOUTH PCN,U91254,WREKENTON MEDICAL GROUP,,,,,,12164
202503,QHM,13T00,GATESHEAD EAST PCN,U13720,CROWHALL MEDICAL CENTRE,,,,,,6454
202503,QHM,13T00,GATESHEAD EAST PCN,U13720,LONGRIGG MEDICAL CENTRE,,,,,,10175
202503,QHM,13T00,GATESHEAD EAST PCN,U13720,PELAW MEDICAL PRACTICE,,,,,,5543
202503,QHM,13T00,GATESHEAD EAST PCN,U13720,ST. ALBANS MEDICAL GROUP,,,,,,7267
202503,QHM,13T00,GATESHEAD INNER WEST PCN,U33691,CHAINBRIDGE MEDICAL PARTNERSHIP,,,,,,11503
202503,QHM,13T00,GATESHEAD INNER WEST PCN,U33691,GLENPARK & TEAMS MEDICAL SERVICES,,,,,,14518
202503,QHM,13T00,GATESHEAD INNER WEST PCN,U33691,SUNNISIDE SURGERY,,,,,,3841
202503,QHM,13T00,GATESHEAD INNER WEST PCN,U33691,WHICKHAM COTTAGE MEDICAL CENTRE,,,,,,15610
202503,QHM,13T00,GATESHEAD OUTER WEST PCN,U41930,CHOPWELL PRIMARY HEALTHCARE CENTRE,,,,,,2577
202503,QHM,13T00,GATESHEAD OUTER WEST PCN,U41930,CRAWCROOK MEDICAL CENTRE,,,,,,20324
202503,QHM,13T00,GATESHEAD OUTER WEST PCN,U41930,HOLLYHURST MEDICAL CENTRE,,,,,,4887
202503,QHM,13T00,GATESHEAD OUTER WEST PCN,U41930,OLDWELL SURGERY,,,,,,4773
202503,QHM,13T00,JESMOND - LOWER GOSFORTH PCN,U34146,JESMOND HEALTH PARTNERSHIP,,,,,,27444
202503,QHM,13T00,JESMOND - LOWER GOSFORTH PCN,U34146,ROSEWORTH SURGERY,,,,,,5819
202503,QHM,13T00,JESMOND - LOWER GOSFORTH PCN,U34146,THE GROVE MEDICAL GROUP,,,,,,13192
202503,QHM,13T00,NEWCASTLE CENTRAL HEALTH PCN,U43524,SAVILLE MEDICAL GROUP,,,,,,42683
202503,QHM,13T00,NEWCASTLE EAST PCN,U17849,BENFIELD PARK MEDICAL GROUP,,,,,,10321
202503,QHM,13T00,NEWCASTLE EAST PCN,U17849,BIDDLESTONE HEALTH GROUP,,,,,,10716
202503,QHM,13T00,NEWCASTLE EAST PCN,U17849,HEATON ROAD SURGERY,,,,,,7215
202503,QHM,13T00,NEWCASTLE EAST PCN,U17849,NEWCASTLE MEDICAL CENTRE,,,,,,21751
202503,QHM,13T00,NEWCASTLE EAST PCN,U17849,ST.ANTHONY'S HEALTH CENTRE,,,,,,6686
202503,QHM,13T00,NEWCASTLE EAST PCN,U17849,THORNFIELD MEDICAL GROUP,,,,,,20538
202503,QHM,13T00,NEWCASTLE EAST PCN,U17849,WALKER MEDICAL GROUP,,,,,,10675
202503,QHM,13T00,NEWCASTLE INNER WEST PCN,U45898,BETTS AVENUE MEDICAL GROUP,,,,,,10823
202503,QHM,13T00,NEWCASTLE INNER WEST PCN,U45898,DILSTON MEDICAL CENTRE,,,,,,9555
202503,QHM,13T00,NEWCASTLE INNER WEST PCN,U45898,ELSWICK FAMILY PRACTICE,,,,,,8279
202503,QHM,13T00,NEWCASTLE INNER WEST PCN,U45898,FENHAM HALL SURGERY,,,,,,10819
202503,QHM,13T00,NEWCASTLE INNER WEST PCN,U45898,PROSPECT MEDICAL CENTRE,,,,,,14850
202503,QHM,13T00,NEWCASTLE OUTER WEST PCN,U87170,DENTON PARK MEDICAL GROUP,,,,,,7440
202503,QHM,13T00,NEWCASTLE OUTER WEST PCN,U87170,DENTON TURRET MEDICAL CENTRE,,,,,,9092
202503,QHM,13T00,NEWCASTLE OUTER WEST PCN,U87170,NEWBURN SURGERY,,,,,,6178
202503,QHM,13T00,NEWCASTLE OUTER WEST PCN,U87170,PARKWAY MEDICAL GROUP,,,,,,8427
202503,QHM,13T00,NEWCASTLE OUTER WEST PCN,U87170,THROCKLEY PRIMARY CARE CENTRE,,,,,,7387
202503,QHM,13T00,NEWCASTLE OUTER WEST PCN,U87170,WESTERHOPE MEDICAL GROUP,,,,,,13737
202503,QHM,13T00,NORTH GOSFORTH PCN,U70624,BRUNTON PARK,Chloral hydrate (0401010B0),1,244.2624,15,15,8318
202503,QHM,13T00,NORTH GOSFORTH PCN,U70624,PARK MEDICAL GROUP,,,,,,13246
202503,QHM,13T00,NORTH GOSFORTH PCN,U70624,REGENT MEDICAL CENTRE,,,,,,7583
202503,QHM,13T00,WEST END FAMILY HEALTH PCN,U44695,CRUDDAS PARK SURGERY,,,,,,11673
202503,QHM,13T00,WEST END FAMILY HEALTH PCN,U44695,HOLMSIDE MEDICAL GROUP,,,,,,10103
202503,QHM,13T00,WEST END FAMILY HEALTH PCN,U44695,WEST ROAD MEDICAL CENTRE,,,,,,12450
202503,QHM,16C00,BILLINGHAM & NORTON PCN,U94460,DR RASOOL,,,,,,2199
202503,QHM,16C00,BILLINGHAM & NORTON PCN,U94460,KINGSWAY MEDICAL CENTRE,,,,,,9871
202503,QHM,16C00,BILLINGHAM & NORTON PCN,U94460,MARSH HOUSE MEDICAL PRACTICE,,,,,,8515
202503,QHM,16C00,BILLINGHAM & NORTON PCN,U94460,MELROSE SURGERY,,,,,,2379
202503,QHM,16C00,BILLINGHAM & NORTON PCN,U94460,NORTON MEDICAL CENTRE,,,,,,16350
202503,QHM,16C00,BILLINGHAM & NORTON PCN,U94460,QUEENSTREE PRACTICE,,,,,,4141
202503,QHM,16C00,BILLINGHAM & NORTON PCN,U94460,THE ROSEBERRY PRACTICE,,,,,,7946
202503,QHM,16C00,BYTES PCN,U63844,EAGLESCLIFFE MEDICAL PRACTICE,,,,,,12678
202503,QHM,16C00,BYTES PCN,U63844,PARK LANE SURGERY,,,,,,5414
202503,QHM,16C00,BYTES PCN,U63844,THORNABY & BARWICK MEDICAL GROUP,,,,,,20877
202503,QHM,16C00,BYTES PCN,U63844,YARM MEDICAL PRACTICE,,,,,,14556
202503,QHM,16C00,CENTRAL MIDDLESBROUGH PCN,U55830,MARTONSIDE MEDICAL CENTRE,,,,,,7905
202503,QHM,16C00,CENTRAL MIDDLESBROUGH PCN,U55830,PARK SURGERY,,,,,,12296
202503,QHM,16C00,CENTRAL MIDDLESBROUGH PCN,U55830,PROSPECT SURGERY,,,,,,7161
202503,QHM,16C00,CENTRAL MIDDLESBROUGH PCN,U55830,THE DISCOVERY PRACTICE,,,,,,8553
202503,QHM,16C00,CENTRAL MIDDLESBROUGH PCN,U55830,THE ENDEAVOUR PRACTICE,,,,,,8719
202503,QHM,16C00,CENTRAL MIDDLESBROUGH PCN,U55830,THE ERIMUS PRACTICE,Chloral hydrate (0401010B0),1,651.3424,40,40,6622
202503,QHM,16C00,CENTRAL MIDDLESBROUGH PCN,U55830,THORNTREE SURGERY,,,,,,2759
202503,QHM,16C00,DARLINGTON PCN,U45102,BLACKETTS MEDICAL PRACTICE,,,,,,11408
202503,QHM,16C00,DARLINGTON PCN,U45102,CARMEL MEDICAL PRACTICE,,,,,,11674
202503,QHM,16C00,DARLINGTON PCN,U45102,CLIFTON COURT MEDICAL PRACTICE,,,,,,12258
202503,QHM,16C00,DARLINGTON PCN,U45102,DENMARK STREET SURGERY,,,,,,15106
202503,QHM,16C00,DARLINGTON PCN,U45102,MIDDLETON AND DINSDALE MEDICAL PRACTICE,,,,,,5890
202503,QHM,16C00,DARLINGTON PCN,U45102,MOORLANDS SURGERY,,,,,,13237
202503,QHM,16C00,DARLINGTON PCN,U45102,NEASHAM ROAD SURGERY,,,,,,13378
202503,QHM,16C00,DARLINGTON PCN,U45102,ORCHARD COURT SURGERY,,,,,,8635
202503,QHM,16C00,DARLINGTON PCN,U45102,PARKGATE SURGERY,,,,,,4859
202503,QHM,16C00,DARLINGTON PCN,U45102,ROCKLIFFE COURT SURGERY,,,,,,6228
202503,QHM,16C00,DARLINGTON PCN,U45102,WHINFIELD MEDICAL PRACTICE,,,,,,12130
202503,QHM,16C00,DUMMY,-,THE RIDGEWAY HEALTH CENTRE,,,,,,19
202503,QHM,16C00,EAST CLEVELAND PCN,U07842,BROTTON SURGERY,,,,,,7646
202503,QHM,16C00,EAST CLEVELAND PCN,U07842,HILLSIDE PRACTICE,,,,,,9391
202503,QHM,16C00,EAST CLEVELAND PCN,U07842,SPRINGWOOD SURGERY,,,,,,7678
202503,QHM,16C00,EAST CLEVELAND PCN,U07842,THE GARTH,,,,,,11614
202503,QHM,16C00,EAST CLEVELAND PCN,U07842,WOODSIDE SURGERY,,,,,,5868
202503,QHM,16C00,ESTON PCN,U85257,CAMBRIDGE MEDICAL GROUP,,,,,,7283
202503,QHM,16C00,ESTON PCN,U85257,NORMANBY MEDICAL CENTRE,Chloral hydrate (0401010B0),1,488.5124,30,30,22911
202503,QHM,16C00,ESTON PCN,U85257,SOUTH GRANGE MEDICAL GROUP PRACTICE,,,,,,15425
202503,QHM,16C00,ESTON PCN,U85257,THE ESTON SURGERY ( D 01-Oct-25 ),,,,,,3709
202503,QHM,16C00,GREATER MIDDLESBROUGH PCN,U02671,ACKLAM MEDICAL CENTRE,Chloral hydrate (0401010B0),2,1465.5248,90,90,11348
202503,QHM,16C00,GREATER MIDDLESBROUGH PCN,U02671,COULBY MEDICAL PRACTICE,,,,,,9253
202503,QHM,16C00,GREATER MIDDLESBROUGH PCN,U02671,CROSSFELL HEALTH CENTRE,,,,,,8904
202503,QHM,16C00,GREATER MIDDLESBROUGH PCN,U02671,HIRSEL MEDICAL CENTRE,,,,,,3787
202503,QHM,16C00,GREATER MIDDLESBROUGH PCN,U02671,KINGS MEDICAL CENTRE,,,,,,6495
202503,QHM,16C00,GREATER MIDDLESBROUGH PCN,U02671,NEWLANDS MEDICAL CENTRE,,,,,,9759
202503,QHM,16C00,GREATER MIDDLESBROUGH PCN,U02671,PARKWAY MEDICAL CENTRE,,,,,,9339
202503,QHM,16C00,GREATER MIDDLESBROUGH PCN,U02671,WESTBOURNE MEDICAL CENTRE,,,,,,5643
202503,QHM,16C00,HARTLEPOOL HEALTH PCN,U40502,MCKENZIE GROUP PRACTICE,,,,,,6181
202503,QHM,16C00,HARTLEPOOL HEALTH PCN,U40502,MCKENZIE HOUSE SURGERY,Chloral hydrate (0401010B0),1,911.9824,56,56,18951
202503,QHM,16C00,HARTLEPOOL HEALTH PCN,U40502,THE HEADLAND MEDICAL CENTRE,,,,,,5353
202503,QHM,16C00,HARTLEPOOL PCN,U70212,GLADSTONE HOUSE SURGERY,,,,,,5676
202503,QHM,16C00,HARTLEPOOL PCN,U70212,HART MEDICAL PRACTICE,,,,,,9430
202503,QHM,16C00,HARTLEPOOL PCN,U70212,THE PATEL PRACTICE,,,,,,4017
202503,QHM,16C00,HARTLEPOOL PCN,U70212,WEST QUAY MEDICAL PRACTICE,,,,,,6287
202503,QHM,16C00,HARTLEPOOL PCN,U70212,WEST VIEW MILLENIUM SURGERY A,,,,,,7548
202503,QHM,16C00,HOLGATE PCN,U85008,BOROUGH ROAD & NUNTHORPE MEDICAL GROUP,,,,,,16694
202503,QHM,16C00,HOLGATE PCN,U85008,LINTHORPE SURGERY,,,,,,20915
202503,QHM,16C00,HOLGATE PCN,U85008,VILLAGE MEDICAL CENTRE,,,,,,8141
202503,QHM,16C00,NORTH STOCKTON PCN,U07032,ALMA MEDICAL CENTRE,Chloral hydrate (0401010B0),1,732.7624,45,45,11007
202503,QHM,16C00,NORTH STOCKTON PCN,U07032,QUEENS PARK MEDICAL CENTRE,,,,,,18755
202503,QHM,16C00,NORTH STOCKTON PCN,U07032,TENNANT STREET MEDICAL PRACTICE,,,,,,14715
202503,QHM,16C00,ONE LIFE HARTLEPOOL PCN,U27349,BANKHOUSE SURGERY,,,,,,10618
202503,QHM,16C00,ONE LIFE HARTLEPOOL PCN,U27349,CHADWICK PRACTICE,,,,,,11876
202503,QHM,16C00,ONE LIFE HARTLEPOOL PCN,U27349,HAVELOCK GRANGE PRACTICE,,,,,,13703
202503,QHM,16C00,REDCAR COASTAL PCN,U23714,BENTLEY MEDICAL PRACTICE,,,,,,10191
202503,QHM,16C00,REDCAR COASTAL PCN,U23714,HUNTCLIFF SURGERY,,,,,,9993
202503,QHM,16C00,REDCAR COASTAL PCN,U23714,THE COATHAM ROAD SURGERY,Chloral hydrate (0401010B0),1,488.5124,30,30,6223
202503,QHM,16C00,REDCAR COASTAL PCN,U23714,THE GREEN HOUSE SURGERY,,,,,,10087
202503,QHM,16C00,REDCAR COASTAL PCN,U23714,THE RAVENSCAR SURGERY,Chloral hydrate (0401010B0),3,977.3472,60,60,3380
202503,QHM,16C00,REDCAR COASTAL PCN,U23714,THE SALTSCAR SURGERY,,,,,,8530
202503,QHM,16C00,REDCAR COASTAL PCN,U23714,ZETLAND MEDICAL PRACTICE,,,,,,6994
202503,QHM,16C00,STOCKTON PCN,U89141,ELM TREE SURGERY,,,,,,15452
202503,QHM,16C00,STOCKTON PCN,U89141,RIVERSIDE MEDICAL PRACTICE,,,,,,7048
202503,QHM,16C00,STOCKTON PCN,U89141,THE ARRIVAL PRACTICE ( D 01-Jun-25 ),,,,,,3241
202503,QHM,16C00,STOCKTON PCN,U89141,THE DENSHAM SURGERY,,,,,,3906
202503,QHM,16C00,STOCKTON PCN,U89141,THE DOVECOT SURGERY,,,,,,4090
202503,QHM,16C00,STOCKTON PCN,U89141,WOODBRIDGE PRACTICE,,,,,,18361
202503,QHM,16C00,STOCKTON PCN,U89141,WOODLANDS FAMILY MEDICAL CENTRE,,,,,,12346
202503,QHM,84H00,BISHOP AUCKLAND PCN,U85067,AUCKLAND MEDICAL GROUP,,,,,,15903
202503,QHM,84H00,BISHOP AUCKLAND PCN,U85067,BISHOPGATE MEDICAL CENTRE,,,,,,13688
202503,QHM,84H00,BISHOP AUCKLAND PCN,U85067,STATION VIEW MEDICAL CENTRE,,,,,,9729
202503,QHM,84H00,CHESTER LE STREET PCN,U77096,BRIDGE END SURGERY,,,,,,7751
202503,QHM,84H00,CHESTER LE STREET PCN,U77096,CESTRIA HEALTH CENTRE,,,,,,12664
202503,QHM,84H00,CHESTER LE STREET PCN,U77096,GREAT LUMLEY SURGERY,,,,,,5259
202503,QHM,84H00,CHESTER LE STREET PCN,U77096,MIDDLE CHARE MEDICAL GROUP,Chloral hydrate (0401010B0),1,244.2624,15,15,9379
202503,QHM,84H00,CHESTER LE STREET PCN,U77096,PELTON & FELLROSE MEDICAL GROUP,,,,,,10053
202503,QHM,84H00,CHESTER LE STREET PCN,U77096,SACRISTON MEDICAL CENTRE,,,,,,10736
202503,QHM,84H00,CHESTER LE STREET PCN,U77096,VILLAGES MEDICAL GROUP,,,,,,4143
202503,QHM,84H00,CLAYPATH & UNIVERSITY MEDICAL GROUP PCN,U38486,CLAYPATH & UNIVERSITY MEDICAL GROUP,,,,,,33132
202503,QHM,84H00,DERWENTSIDE PCN,U70497,ANNFIELD PLAIN SURGERY,,,,,,3581
202503,QHM,84H00,DERWENTSIDE PCN,U70497,BROWNEY HOUSE SURGERY,,,,,,2657
202503,QHM,84H00,DERWENTSIDE PCN,U70497,CEDARS MEDICAL GROUP,,,,,,6183
202503,QHM,84H00,DERWENTSIDE PCN,U70497,CONSETT MEDICAL CENTRE,,,,,,16845
202503,QHM,84H00,DERWENTSIDE PCN,U70497,DRS LAMBERT & NG,,,,,,5283
202503,QHM,84H00,DERWENTSIDE PCN,U70497,LANCHESTER MEDICAL CENTRE,,,,,,4150
202503,QHM,84H00,DERWENTSIDE PCN,U70497,LEADGATE SURGERY,,,,,,5838
202503,QHM,84H00,DERWENTSIDE PCN,U70497,OAKFIELDS HEALTH GROUP,,,,,,7676
202503,QHM,84H00,DERWENTSIDE PCN,U70497,QUEENS ROAD SURGERY,,,,,,16270
202503,QHM,84H00,DERWENTSIDE PCN,U70497,STANLEY MEDICAL GROUP,,,,,,12488
202503,QHM,84H00,DERWENTSIDE PCN,U70497,TANFIELD VIEW MEDICAL GROUP,Chloral hydrate (0401010B0),1,488.5124,30,30,10818
202503,QHM,84H00,DERWENTSIDE PCN,U70497,THE HAVEN SURGERY,,,,,,1726
202503,QHM,84H00,DURHAM COAST PCN,U26864,BEVAN MEDICAL GROUP,,,,,,8614
202503,QHM,84H00,DURHAM COAST PCN,U26864,EAST DURHAM MEDICAL GROUP,,,,,,18284
202503,QHM,84H00,DURHAM COAST PCN,U26864,SOUTHDENE MEDICAL CENTRE,,,,,,3391
202503,QHM,84H00,DURHAM COAST PCN,U26864,WINGATE MEDICAL PRACTICE INTRAHEALTH,,,,,,3527
202503,QHM,84H00,DURHAM EAST PCN,U53962,BELMONT & SHERBURN MEDICAL GROUP,,,,,,6269
202503,QHM,84H00,DURHAM EAST PCN,U53962,BOWBURN MEDICAL CENTRE,,,,,,4522
202503,QHM,84H00,DURHAM EAST PCN,U53962,CHEVELEY PARK MEDICAL CTR,,,,,,5043
202503,QHM,84H00,DURHAM EAST PCN,U53962,COXHOE MEDICAL PRACTICE,,,,,,7614
202503,QHM,84H00,DURHAM EAST PCN,U53962,WEST RAINTON SURGERY,,,,,,5491
202503,QHM,84H00,DURHAM WEST PCN,U01989,CHASTLETON MEDICAL GROUP,,,,,,10405
202503,QHM,84H00,DURHAM WEST PCN,U01989,DUNELM MEDICAL PRACTICE,,,,,,14493
202503,QHM,84H00,DURHAM WEST PCN,U01989,THE MEDICAL GROUP,,,,,,26639
202503,QHM,84H00,EASINGTON CENTRAL PCN,U14615,BLACKHALL AND PETERLEE PRACTICE,,,,,,10243
202503,QHM,84H00,EASINGTON CENTRAL PCN,U14615,THE HORDEN GROUP PRACTICE,,,,,,8283
202503,QHM,84H00,EASINGTON CENTRAL PCN,U14615,WILLIAM BROWN CENTRE,,,,,,15665
202503,QHM,84H00,NORTH EASINGTON PCN,U81825,BYRON MEDICAL PRACTICE,,,,,,8316
202503,QHM,84H00,NORTH EASINGTON PCN,U81825,MARLBOROUGH SURGERY,,,,,,11386
202503,QHM,84H00,NORTH EASINGTON PCN,U81825,MURTON MEDICAL CENTRE,,,,,,7346
202503,QHM,84H00,NORTH EASINGTON PCN,U81825,SILVERDALE FAMILY PRACTICE,,,,,,6640
202503,QHM,84H00,NORTH EASINGTON PCN,U81825,THE NEW SEAHAM MEDICAL GROUP,,,,,,4647
202503,QHM,84H00,SEDGEFIELD 1 PCN,U37593,BEWICK CRESCENT SURGERY,,,,,,13058
202503,QHM,84H00,SEDGEFIELD 1 PCN,U37593,HALLGARTH SURGERY,,,,,,5381
202503,QHM,84H00,SEDGEFIELD 1 PCN,U37593,JUBILEE MEDICAL GROUP,,,,,,12612
202503,QHM,84H00,SEDGEFIELD 1 PCN,U37593,PEASE WAY MEDICAL CENTRE,,,,,,12117
202503,QHM,84H00,SEDGEFIELD NORTH PCN,U12365,BISHOPS CLOSE MEDICAL PRACTICE,,,,,,8647
202503,QHM,84H00,SEDGEFIELD NORTH PCN,U12365,FERRYHILL AND CHILTON MEDICAL PRACTICE,,,,,,14911
202503,QHM,84H00,SEDGEFIELD NORTH PCN,U12365,SKERNE MEDICAL GROUP,Chloral hydrate (0401010B0),1,977.0124,60,60,16741
202503,QHM,84H00,SEDGEFIELD NORTH PCN,U12365,ST ANDREW'S MEDICAL PRACTICE,,,,,,15680
202503,QHM,84H00,SEDGEFIELD NORTH PCN,U12365,WEST CORNFORTH MEDICAL CENTRE,,,,,,2754
202503,QHM,84H00,TEESDALE PCN,U31619,BARNARD CASTLE SURGERY,,,,,,10957
202503,QHM,84H00,TEESDALE PCN,U31619,EVENWOOD MEDICAL PRACTICE,,,,,,2271
202503,QHM,84H00,TEESDALE PCN,U31619,GAINFORD SURGERY,,,,,,3668
202503,QHM,84H00,TEESDALE PCN,U31619,OLD FORGE SURGERY,,,,,,2673
202503,QHM,84H00,TEESDALE PCN,U31619,PINFOLD MEDICAL PRACTICE,,,,,,2880
202503,QHM,84H00,TEESDALE PCN,U31619,WOODVIEW MEDICAL PRACTICE,,,,,,2588
202503,QHM,84H00,WEAR VALLEY PCN,U96202,NORTH HOUSE SURGERY,,,,,,13493
202503,QHM,84H00,WEAR VALLEY PCN,U96202,THE WEARDALE PRACTICE,,,,,,7189
202503,QHM,84H00,WEAR VALLEY PCN,U96202,WILLINGTON MEDICAL GROUP,,,,,,9217
202503,QHM,99C00,CRAMLINGTON SEATON VALLEY PCN,U24977,WOODLANDS PARK HEALTH CTR,,,,,,6613
202503,QHM,99C00,NORTH SHIELDS PCN,U91110,COLLINGWOOD HEALTH GROUP,,,,,,24521
202503,QHM,99C00,NORTH SHIELDS PCN,U91110,PRIORY MEDICAL GROUP,,,,,,15437
202503,QHM,99C00,NORTH SHIELDS PCN,U91110,REDBURN PARK MEDICAL CENTRE,,,,,,6243
202503,QHM,99C00,NORTH SHIELDS PCN,U91110,NELSON MEDICAL GROUP ( C 01-May-26 ),,,,,,4944
202503,QHM,99C00,NORTH TYNESIDE NORTH WEST PCN,U95193,LANE END SURGERY,,,,,,9493
202503,QHM,99C00,NORTH TYNESIDE NORTH WEST PCN,U95193,MALLARD MEDICAL PRACTICE,Chloral hydrate (0401010B0),1,488.5124,30,30,5465
202503,QHM,99C00,NORTH TYNESIDE NORTH WEST PCN,U95193,STEPHENSON PARK HEALTH GROUP,,,,,,17833
202503,QHM,99C00,NORTH TYNESIDE NORTH WEST PCN,U95193,SWARLAND AVENUE SURGERY,,,,,,6684
202503,QHM,99C00,NORTH TYNESIDE NORTH WEST PCN,U95193,WELLSPRING MEDICAL PRACT.,,,,,,6479
202503,QHM,99C00,NORTH TYNESIDE NORTH WEST PCN,U95193,WEST FARM SURGERY,,,,,,6047
202503,QHM,99C00,NORTH TYNESIDE NORTH WEST PCN,U95193,WIDEOPEN MEDICAL CENTRE,,,,,,7544
202503,QHM,99C00,NORTHUMBRIA PCN,U09980,NPC NORTH TYNESIDE - SPRING TERRACE,Chloral hydrate (0401010B0),25,1142.71,70,70,5996
202503,QHM,99C00,WALLSEND PCN,U10386,BEWICKE MEDICAL CENTRE,,,,,,9326
202503,QHM,99C00,WALLSEND PCN,U10386,HADRIAN HEALTH CENTRE,,,,,,21013
202503,QHM,99C00,WALLSEND PCN,U10386,THE VILLAGE GREEN SURGERY,,,,,,12788
202503,QHM,99C00,WHITLEY BAY PCN,U02739,BEAUMONT PARK SURGERY,,,,,,6425
202503,QHM,99C00,WHITLEY BAY PCN,U02739,BRIDGE AND MONKSEATON MEDICAL PRACTICE,,,,,,13285
202503,QHM,99C00,WHITLEY BAY PCN,U02739,MARINE AVENUE MEDICAL CTR,,,,,,8834
202503,QHM,99C00,WHITLEY BAY PCN,U02739,NORTHUMBERLAND PARK MEDICAL GROUP,,,,,,9583
202503,QHM,99C00,WHITLEY BAY PCN,U02739,WHITLEY BAY HEALTH CENTRE,,,,,,13589
202503,QHM,99C00,WHITLEY BAY PCN,U02739,49 MARINE AVENUE SURGERY ( C 01-May-26 ),,,,,,5803
202503,QHM,99C00,WHITLEY BAY PCN,U02739,PARK PARADE PRACTICE ( C 01-May-26 ),,,,,,4824
202504,QHM,00L00,BLYTH PCN,U25489,MARINE MEDICAL GROUP,,,,,,13782
202504,QHM,00L00,BLYTH PCN,U25489,RAILWAY MEDICAL GROUP,,,,,,27027
202504,QHM,00L00,CRAMLINGTON SEATON VALLEY PCN,U24977,FORUM FAMILY PRACTICE,,,,,,9060
202504,QHM,00L00,CRAMLINGTON SEATON VALLEY PCN,U24977,NETHERFIELD HOUSE,,,,,,6024
202504,QHM,00L00,CRAMLINGTON SEATON VALLEY PCN,U24977,VILLAGE MEDICAL GROUP,,,,,,11335
202504,QHM,00L00,DUMMY,-,RIVERSDALE SURGERY,,,,,,5945
202504,QHM,00L00,DUMMY,-,THE ADDERLANE SURGERY,,,,,,2197
202504,QHM,00L00,NORTHUMBRIA PCN,U09980,NPC AMBLE & BROOMHILL,,,,,,12149
202504,QHM,00L00,NORTHUMBRIA PCN,U09980,NPC CENTRAL NORTHUMBERLAND,,,,,,49546
202504,QHM,00L00,NORTHUMBRIA PCN,U09980,NPC CRAMLINGTON,,,,,,5416
202504,QHM,00L00,NORTHUMBRIA PCN,U09980,NPC ELSDON AVENUE,,,,,,4295
202504,QHM,00L00,NORTHUMBRIA PCN,U09980,NPC FELTON & WIDDRINGTON,,,,,,4600
202504,QHM,00L00,NORTHUMBRIA PCN,U09980,NPC HAYDON BRIDGE & ALLENDALE,,,,,,5254
202504,QHM,00L00,NORTHUMBRIA PCN,U09980,NPC PONTELAND,Chloral hydrate (0401010B0),1,445.0124,50,50,10759
202504,QHM,00L00,NORTHUMBRIA PCN,U09980,NPC ROTHBURY,,,,,,6148
202504,QHM,00L00,WANSBECK PCN,U11112,BEDLINGTONSHIRE MED.GROUP,,,,,,12792
202504,QHM,00L00,WANSBECK PCN,U11112,GUIDEPOST MEDICAL GROUP,,,,,,8081
202504,QHM,00L00,WANSBECK PCN,U11112,SEATON PARK MEDICAL GROUP,,,,,,19735
202504,QHM,00L00,WANSBECK PCN,U11112,THE GABLES MEDICAL GROUP,,,,,,6321
202504,QHM,00L00,WELL UP NORTH PCN,U25545,ALNWICK MEDICAL GROUP,,,,,,18919
202504,QHM,00L00,WELL UP NORTH PCN,U25545,BELFORD MEDICAL PRACTICE,,,,,,4504
202504,QHM,00L00,WELL UP NORTH PCN,U25545,GAS HOUSE LANE SURGERY,Chloral hydrate (0401010B0),1,244.2624,15,15,7171
202504,QHM,00L00,WELL UP NORTH PCN,U25545,GREYSTOKE SURGERY,,,,,,10770
202504,QHM,00L00,WELL UP NORTH PCN,U25545,UNION BRAE & NORHAM PRAC,,,,,,7170
202504,QHM,00L00,WELL UP NORTH PCN,U25545,WELL CLOSE MEDICAL GROUP,,,,,,9175
202504,QHM,00L00,WELL UP NORTH PCN,U25545,WOOLER HEALTH,,,,,,4901
202504,QHM,00L00,WEST NORTHUMBERLAND PCN,U05512,BELLINGHAM PRACTICE,,,,,,3429
202504,QHM,00L00,WEST NORTHUMBERLAND PCN,U05512,BRANCH END SURGERY,,,,,,5395
202504,QHM,00L00,WEST NORTHUMBERLAND PCN,U05512,BURN BRAE MEDICAL GROUP,,,,,,10407
202504,QHM,00L00,WEST NORTHUMBERLAND PCN,U05512,CORBRIDGE HEALTH CENTRE,,,,,,7302
202504,QHM,00L00,WEST NORTHUMBERLAND PCN,U05512,HALTWHISTLE MEDICAL GROUP,,,,,,5572
202504,QHM,00L00,WEST NORTHUMBERLAND PCN,U05512,HUMSHAUGH & WARK MED GRP,,,,,,3413
202504,QHM,00L00,WEST NORTHUMBERLAND PCN,U05512,PRUDHOE MEDICAL GROUP,,,,,,6889
202504,QHM,00L00,WEST NORTHUMBERLAND PCN,U05512,SCOTS GAP MEDICAL GROUP,,,,,,2160
202504,QHM,00L00,WEST NORTHUMBERLAND PCN,U05512,THE SELE MEDICAL PRACTICE,,,,,,5856
202504,QHM,00L00,WEST NORTHUMBERLAND PCN,U05512,WHITE MEDICAL GROUP,,,,,,8646
202504,QHM,00N00,SOUTH TYNESIDE EAST PCN,U20256,FARNHAM MEDICAL CTR.,,,,,,16897
202504,QHM,00N00,SOUTH TYNESIDE EAST PCN,U20256,ST GEORGE & RIVERSIDE MEDICAL PRACTICE,,,,,,7434
202504,QHM,00N00,SOUTH TYNESIDE EAST PCN,U20256,TALBOT MEDICAL CENTRE,,,,,,7828
202504,QHM,00N00,SOUTH TYNESIDE EAST PCN,U20256,TRINITY MEDICAL CENTRE,,,,,,6411
202504,QHM,00N00,SOUTH TYNESIDE EAST PCN,U20256,WENLOCK ROAD SURGERY,,,,,,4425
202504,QHM,00N00,SOUTH TYNESIDE EAST PCN,U20256,WEST VIEW SURGERY,,,,,,2869
202504,QHM,00N00,SOUTH TYNESIDE SOUTH PCN,U89118,CENTRAL SURGERY,,,,,,19180
202504,QHM,00N00,SOUTH TYNESIDE SOUTH PCN,U89118,COLLIERY COURT MEDICAL GROUP,,,,,,8271
202504,QHM,00N00,SOUTH TYNESIDE SOUTH PCN,U89118,DR THORNILEY-WALKER & PARTNERS,,,,,,6030
202504,QHM,00N00,SOUTH TYNESIDE SOUTH PCN,U89118,IMEARY MEDICAL GROUP,,,,,,4377
202504,QHM,00N00,SOUTH TYNESIDE SOUTH PCN,U89118,MARSDEN MEDICAL GROUP,,,,,,22830
202504,QHM,00N00,SOUTH TYNESIDE SOUTH PCN,U89118,WHITBURN SURGERY,,,,,,5360
202504,QHM,00N00,SOUTH TYNESIDE WEST PCN,U37826,ALBERT ROAD SURGERY,,,,,,3437
202504,QHM,00N00,SOUTH TYNESIDE WEST PCN,U37826,EAST WING PRACTICE,,,,,,4250
202504,QHM,00N00,SOUTH TYNESIDE WEST PCN,U37826,ELLISON VIEW SURGERY,,,,,,6047
202504,QHM,00N00,SOUTH TYNESIDE WEST PCN,U37826,MAYFIELD MEDICAL GROUP,,,,,,9004
202504,QHM,00N00,SOUTH TYNESIDE WEST PCN,U37826,RAVENSWORTH SURGERY,,,,,,5953
202504,QHM,00N00,SOUTH TYNESIDE WEST PCN,U37826,THE G.P.SUITE,,,,,,4373
202504,QHM,00N00,SOUTH TYNESIDE WEST PCN,U37826,THE GLEN MEDICAL GROUP,,,,,,11145
202504,QHM,00N00,SOUTH TYNESIDE WEST PCN,U37826,VICTORIA MEDICAL CENTRE,,,,,,3638
202504,QHM,00P00,COALFIELDS PCN,U69720,GRANGEWOOD SURGERY,,,,,,7413
202504,QHM,00P00,COALFIELDS PCN,U69720,HERRINGTON MEDICAL CENTRE,,,,,,9627
202504,QHM,00P00,COALFIELDS PCN,U69720,HETTON GROUP PRACTICE,,,,,,11836
202504,QHM,00P00,COALFIELDS PCN,U69720,"HOUGHTON MEDICAL GROUP,",,,,,,8432
202504,QHM,00P00,COALFIELDS PCN,U69720,KEPIER MEDICAL PRACTICE,,,,,,8567
202504,QHM,00P00,COALFIELDS PCN,U69720,WESTBOURNE MEDICAL GROUP,,,,,,6631
202504,QHM,00P00,DUMMY,-,PALLION PRIMARY CARE SERVICES,,,,,,32
202504,QHM,00P00,SUNDERLAND CENTRAL PCN,U05458,HAPPY HOUSE SURGERY,,,,,,8177
202504,QHM,00P00,SUNDERLAND CENTRAL PCN,U05458,NEW SILKSWORTH MEDICAL PRACTICE,,,,,,9179
202504,QHM,00P00,SUNDERLAND CENTRAL PCN,U05458,SPRINGWELL MEDICAL GROUP,,,,,,6404
202504,QHM,00P00,SUNDERLAND CENTRAL PCN,U05458,SUNDERLAND GP ALLIANCE SOUTH HYLTON SURG,,,,,,4541
202504,QHM,00P00,SUNDERLAND CENTRAL PCN,U05458,VILLAGE SURGERY PARTNERSHIP,,,,,,4801
202504,QHM,00P00,SUNDERLAND EAST PCN,U52297,ASHBURN MEDICAL CENTRE,,,,,,5282
202504,QHM,00P00,SUNDERLAND EAST PCN,U52297,DEERNESS PARK MEDICAL GROUP,,,,,,13494
202504,QHM,00P00,SUNDERLAND EAST PCN,U52297,PARK LANE PRACTICE,,,,,,4357
202504,QHM,00P00,SUNDERLAND EAST PCN,U52297,RIVERVIEW SURGERY,,,,,,6987
202504,QHM,00P00,SUNDERLAND EAST PCN,U52297,SOUTHLANDS MEDICAL GROUP,,,,,,10573
202504,QHM,00P00,SUNDERLAND EAST PCN,U52297,THE NEW CITY MEDICAL GROUP,,,,,,5662
202504,QHM,00P00,SUNDERLAND EAST PCN,U52297,VILLETTE SURGERY,,,,,,5778
202504,QHM,00P00,SUNDERLAND NORTH PCN,U43314,BRIDGE VIEW MEDICAL GROUP,,,,,,14873
202504,QHM,00P00,SUNDERLAND NORTH PCN,U43314,CASTLETOWN MEDICAL CENTRE,,,,,,2120
202504,QHM,00P00,SUNDERLAND NORTH PCN,U43314,"FULWELL MEDICAL CENTRE,",,,,,,9250
202504,QHM,00P00,SUNDERLAND NORTH PCN,U43314,MONKWEARMOUTH HEALTH CENTRE,,,,,,4644
202504,QHM,00P00,SUNDERLAND NORTH PCN,U43314,RED HOUSE MEDICAL CENTRE,,,,,,5535
202504,QHM,00P00,SUNDERLAND NORTH PCN,U43314,ST BEDE MEDICAL CENTRE,,,,,,9318
202504,QHM,00P00,SUNDERLAND WEST 1 PCN,U14646,CHESTER SURGERY,,,,,,3080
202504,QHM,00P00,SUNDERLAND WEST 1 PCN,U14646,FORGE MEDICAL PRACTICE,,,,,,8612
202504,QHM,00P00,SUNDERLAND WEST 1 PCN,U14646,HYLTON MEDICAL GROUP,,,,,,7216
202504,QHM,00P00,SUNDERLAND WEST 1 PCN,U14646,MILLFIELD MEDICAL GROUP,,,,,,14478
202504,QHM,00P00,SUNDERLAND WEST 1 PCN,U14646,PALLION FAMILY PRACTICE,,,,,,10078
202504,QHM,00P00,SUNDERLAND WEST 1 PCN,U14646,THE BROADWAY MEDICAL PRACTICE,,,,,,7733
202504,QHM,00P00,SUNDERLAND WEST 1 PCN,U14646,WEARSIDE MEDICAL PRACTICE - PALLION,,,,,,8020
202504,QHM,00P00,WASHINGTON PCN,U61868,CONCORD MEDICAL PRACTICE,,,,,,5205
202504,QHM,00P00,WASHINGTON PCN,U61868,GALLERIES MEDICAL PRACTICE,,,,,,11536
202504,QHM,00P00,WASHINGTON PCN,U61868,I J HEALTHCARE,,,,,,3594
202504,QHM,00P00,WASHINGTON PCN,U61868,NEW WASHINGTON MEDICAL GROUP,,,,,,7194
202504,QHM,00P00,WASHINGTON PCN,U61868,RICKLETON MEDICAL CENTRE,,,,,,2795
202504,QHM,00P00,WASHINGTON PCN,U61868,SUNDERLAND GP ALLIANCE MEDICAL PRACTICE,,,,,,10084
202504,QHM,00P00,WASHINGTON PCN,U61868,THE STEPHENSON MEDICAL PRACTICE,,,,,,12258
202504,QHM,01H00,CARLISLE HEALTHCARE PCN,U92223,BRAMPTON MEDICAL PRACTICE,,,,,,16718
202504,QHM,01H00,CARLISLE HEALTHCARE PCN,U92223,CARLISLE HEALTHCARE,,,,,,40128
202504,QHM,01H00,CARLISLE HEALTHCARE PCN,U92223,LONGTOWN MEDICAL CENTRE,,,,,,3854
202504,QHM,01H00,CARLISLE HEALTHCARE PCN,U92223,SPENCER ST SURGERY,,,,,,13589
202504,QHM,01H00,CARLISLE PCN,U66688,CARLISLE CENTRAL PRACTICE,,,,,,13507
202504,QHM,01H00,CARLISLE PCN,U66688,EDEN MEDICAL GROUP,,,,,,15574
202504,QHM,01H00,CARLISLE PCN,U66688,WARWICK SQUARE GROUP PRACTICE,,,,,,7855
202504,QHM,01H00,COCKERMOUTH & MARYPORT PCN,U76572,CASTLEGATE AND DERWENT SURGERY,,,,,,18177
202504,QHM,01H00,COCKERMOUTH & MARYPORT PCN,U76572,MARYPORT HEALTH SERVICES,,,,,,13816
202504,QHM,01H00,COPELAND HAVEN PCN,U94879,DISTINGTON SURGERY,,,,,,6359
202504,QHM,01H00,COPELAND HAVEN PCN,U94879,MANSION HOUSE SURGERY,,,,,,7584
202504,QHM,01H00,COPELAND HAVEN PCN,U94879,WESTCROFT HOUSE SURGERY,,,,,,6182
202504,QHM,01H00,COPELAND PCN,U48302,FELLVIEW HEALTHCARE,,,,,,23153
202504,QHM,01H00,COPELAND PCN,U48302,LOWTHER MEDICAL CENTRE,,,,,,13808
202504,QHM,01H00,COPELAND PCN,U48302,SEASCALE HEALTH CENTRE,,,,,,5910
202504,QHM,01H00,EDEN (CUMBRIA) PCN,U08085,ALSTON MEDICAL PRACTICE,,,,,,2206
202504,QHM,01H00,EDEN (CUMBRIA) PCN,U08085,APPLEBY MEDICAL PRACTICE,,,,,,5123
202504,QHM,01H00,EDEN (CUMBRIA) PCN,U08085,BIRBECK MEDICAL GROUP,,,,,,14503
202504,QHM,01H00,EDEN (CUMBRIA) PCN,U08085,COURT THORN SURGERY,,,,,,3751
202504,QHM,01H00,EDEN (CUMBRIA) PCN,U08085,GLENRIDDING HEALTH CENTRE,,,,,,970
202504,QHM,01H00,EDEN (CUMBRIA) PCN,U08085,KIRKOSWALD SURGERY,,,,,,2781
202504,QHM,01H00,EDEN (CUMBRIA) PCN,U08085,SHAP MEDICAL PRACTICE,,,,,,3311
202504,QHM,01H00,EDEN (CUMBRIA) PCN,U08085,TEMPLE SOWERBY MEDICAL PRACTICE,,,,,,4656
202504,QHM,01H00,EDEN (CUMBRIA) PCN,U08085,THE LAKES MEDICAL PRACTICE,,,,,,11556
202504,QHM,01H00,EDEN (CUMBRIA) PCN,U08085,UPPER EDEN MEDICAL PRACTICE,,,,,,6553
202504,QHM,01H00,KESWICK & SOLWAY PCN,U25680,ASPATRIA MEDICAL GROUP,,,,,,7200
202504,QHM,01H00,KESWICK & SOLWAY PCN,U25680,CALDBECK SURGERY,,,,,,4278
202504,QHM,01H00,KESWICK & SOLWAY PCN,U25680,CASTLEHEAD MEDICAL CENTRE,,,,,,8361
202504,QHM,01H00,KESWICK & SOLWAY PCN,U25680,DALSTON MEDICAL GROUP,,,,,,5136
202504,QHM,01H00,KESWICK & SOLWAY PCN,U25680,SILLOTH GROUP MEDICAL PRACTICE,,,,,,4398
202504,QHM,01H00,KESWICK & SOLWAY PCN,U25680,THE CROFT SURGERY,,,,,,3523
202504,QHM,01H00,KESWICK & SOLWAY PCN,U25680,WIGTON GROUP MEDICAL PRACTICE,,,,,,9153
202504,QHM,01H00,WORKINGTON PCN,U67303,JAMES STREET GROUP PRACT,,,,,,33267
202504,QHM,13T00,BIRTLEY AND CENTRAL GATESHEAD PCN,U76028,BIRTLEY MEDICAL GROUP,,,,,,15326
202504,QHM,13T00,BIRTLEY AND CENTRAL GATESHEAD PCN,U76028,OXFORD TCE & RAWLING RD MEDICAL GROUP,,,,,,17884
202504,QHM,13T00,BIRTLEY AND CENTRAL GATESHEAD PCN,U76028,SECOND STREET SURGERY,,,,,,4584
202504,QHM,13T00,BIRTLEY AND CENTRAL GATESHEAD PCN,U76028,THE BRIDGES MEDICAL PRACTICE,,,,,,8242
202504,QHM,13T00,GATESHEAD CENTRAL SOUTH PCN,U91254,BEACON VIEW MEDICAL CENTRE,,,,,,5729
202504,QHM,13T00,GATESHEAD CENTRAL SOUTH PCN,U91254,BENSHAM FAMILY PRACTICE,,,,,,3853
202504,QHM,13T00,GATESHEAD CENTRAL SOUTH PCN,U91254,BEWICK ROAD SURGERY,,,,,,8331
202504,QHM,13T00,GATESHEAD CENTRAL SOUTH PCN,U91254,CENTRAL GATESHEAD MEDICAL GROUP,,,,,,10589
202504,QHM,13T00,GATESHEAD CENTRAL SOUTH PCN,U91254,FELL COTTAGE SURGERY,,,,,,8686
202504,QHM,13T00,GATESHEAD CENTRAL SOUTH PCN,U91254,FELL TOWER MEDICAL CENTRE,,,,,,7498
202504,QHM,13T00,GATESHEAD CENTRAL SOUTH PCN,U91254,MILLENNIUM FAMILY PRACTICE,,,,,,3857
202504,QHM,13T00,GATESHEAD CENTRAL SOUTH PCN,U91254,WREKENTON MEDICAL GROUP,,,,,,12175
202504,QHM,13T00,GATESHEAD EAST PCN,U13720,CROWHALL MEDICAL CENTRE,,,,,,6445
202504,QHM,13T00,GATESHEAD EAST PCN,U13720,LONGRIGG MEDICAL CENTRE,,,,,,10153
202504,QHM,13T00,GATESHEAD EAST PCN,U13720,PELAW MEDICAL PRACTICE,,,,,,5555
202504,QHM,13T00,GATESHEAD EAST PCN,U13720,ST. ALBANS MEDICAL GROUP,,,,,,7256
202504,QHM,13T00,GATESHEAD INNER WEST PCN,U33691,CHAINBRIDGE MEDICAL PARTNERSHIP,,,,,,11503
202504,QHM,13T00,GATESHEAD INNER WEST PCN,U33691,GLENPARK & TEAMS MEDICAL SERVICES,,,,,,14527
202504,QHM,13T00,GATESHEAD INNER WEST PCN,U33691,SUNNISIDE SURGERY,,,,,,3844
202504,QHM,13T00,GATESHEAD INNER WEST PCN,U33691,WHICKHAM COTTAGE MEDICAL CENTRE,,,,,,15592
202504,QHM,13T00,GATESHEAD OUTER WEST PCN,U41930,CHOPWELL PRIMARY HEALTHCARE CENTRE,,,,,,2584
202504,QHM,13T00,GATESHEAD OUTER WEST PCN,U41930,CRAWCROOK MEDICAL CENTRE,,,,,,20323
202504,QHM,13T00,GATESHEAD OUTER WEST PCN,U41930,HOLLYHURST MEDICAL CENTRE,,,,,,4898
202504,QHM,13T00,GATESHEAD OUTER WEST PCN,U41930,OLDWELL SURGERY,,,,,,4770
202504,QHM,13T00,JESMOND - LOWER GOSFORTH PCN,U34146,JESMOND HEALTH PARTNERSHIP,,,,,,27417
202504,QHM,13T00,JESMOND - LOWER GOSFORTH PCN,U34146,ROSEWORTH SURGERY,,,,,,5824
202504,QHM,13T00,JESMOND - LOWER GOSFORTH PCN,U34146,THE GROVE MEDICAL GROUP,,,,,,13227
202504,QHM,13T00,NEWCASTLE CENTRAL HEALTH PCN,U43524,SAVILLE MEDICAL GROUP,,,,,,42537
202504,QHM,13T00,NEWCASTLE EAST PCN,U17849,BENFIELD PARK MEDICAL GROUP,,,,,,10334
202504,QHM,13T00,NEWCASTLE EAST PCN,U17849,BIDDLESTONE HEALTH GROUP,,,,,,10712
202504,QHM,13T00,NEWCASTLE EAST PCN,U17849,HEATON ROAD SURGERY,,,,,,7206
202504,QHM,13T00,NEWCASTLE EAST PCN,U17849,NEWCASTLE MEDICAL CENTRE,,,,,,21593
202504,QHM,13T00,NEWCASTLE EAST PCN,U17849,ST.ANTHONY'S HEALTH CENTRE,,,,,,6685
202504,QHM,13T00,NEWCASTLE EAST PCN,U17849,THORNFIELD MEDICAL GROUP,,,,,,20487
202504,QHM,13T00,NEWCASTLE EAST PCN,U17849,WALKER MEDICAL GROUP,,,,,,10694
202504,QHM,13T00,NEWCASTLE INNER WEST PCN,U45898,BETTS AVENUE MEDICAL GROUP,,,,,,10829
202504,QHM,13T00,NEWCASTLE INNER WEST PCN,U45898,DILSTON MEDICAL CENTRE,,,,,,9664
202504,QHM,13T00,NEWCASTLE INNER WEST PCN,U45898,ELSWICK FAMILY PRACTICE,,,,,,8299
202504,QHM,13T00,NEWCASTLE INNER WEST PCN,U45898,FENHAM HALL SURGERY,,,,,,10850
202504,QHM,13T00,NEWCASTLE INNER WEST PCN,U45898,PROSPECT MEDICAL CENTRE,,,,,,14804
202504,QHM,13T00,NEWCASTLE OUTER WEST PCN,U87170,DENTON PARK MEDICAL GROUP,,,,,,7458
202504,QHM,13T00,NEWCASTLE OUTER WEST PCN,U87170,DENTON TURRET MEDICAL CENTRE,,,,,,9070
202504,QHM,13T00,NEWCASTLE OUTER WEST PCN,U87170,NEWBURN SURGERY,,,,,,6176
202504,QHM,13T00,NEWCASTLE OUTER WEST PCN,U87170,PARKWAY MEDICAL GROUP,,,,,,8434
202504,QHM,13T00,NEWCASTLE OUTER WEST PCN,U87170,THROCKLEY PRIMARY CARE CENTRE,,,,,,7441
202504,QHM,13T00,NEWCASTLE OUTER WEST PCN,U87170,WESTERHOPE MEDICAL GROUP,,,,,,13778
202504,QHM,13T00,NORTH GOSFORTH PCN,U70624,BRUNTON PARK,,,,,,8290
202504,QHM,13T00,NORTH GOSFORTH PCN,U70624,PARK MEDICAL GROUP,,,,,,13259
202504,QHM,13T00,NORTH GOSFORTH PCN,U70624,REGENT MEDICAL CENTRE,,,,,,7564
202504,QHM,13T00,WEST END FAMILY HEALTH PCN,U44695,CRUDDAS PARK SURGERY,,,,,,11681
202504,QHM,13T00,WEST END FAMILY HEALTH PCN,U44695,HOLMSIDE MEDICAL GROUP,,,,,,10090
202504,QHM,13T00,WEST END FAMILY HEALTH PCN,U44695,WEST ROAD MEDICAL CENTRE,,,,,,12438
202504,QHM,16C00,BILLINGHAM & NORTON PCN,U94460,DR RASOOL,,,,,,2197
202504,QHM,16C00,BILLINGHAM & NORTON PCN,U94460,KINGSWAY MEDICAL CENTRE,,,,,,9909
202504,QHM,16C00,BILLINGHAM & NORTON PCN,U94460,MARSH HOUSE MEDICAL PRACTICE,,,,,,8514
202504,QHM,16C00,BILLINGHAM & NORTON PCN,U94460,MELROSE SURGERY,,,,,,2377
202504,QHM,16C00,BILLINGHAM & NORTON PCN,U94460,NORTON MEDICAL CENTRE,,,,,,16325
202504,QHM,16C00,BILLINGHAM & NORTON PCN,U94460,QUEENSTREE PRACTICE,,,,,,4152
202504,QHM,16C00,BILLINGHAM & NORTON PCN,U94460,THE ROSEBERRY PRACTICE,,,,,,7940
202504,QHM,16C00,BYTES PCN,U63844,EAGLESCLIFFE MEDICAL PRACTICE,,,,,,12770
202504,QHM,16C00,BYTES PCN,U63844,PARK LANE SURGERY,,,,,,5420
202504,QHM,16C00,BYTES PCN,U63844,THORNABY & BARWICK MEDICAL GROUP,,,,,,20875
202504,QHM,16C00,BYTES PCN,U63844,YARM MEDICAL PRACTICE,,,,,,14490
202504,QHM,16C00,CENTRAL MIDDLESBROUGH PCN,U55830,MARTONSIDE MEDICAL CENTRE,,,,,,7899
202504,QHM,16C00,CENTRAL MIDDLESBROUGH PCN,U55830,PARK SURGERY,,,,,,12313
202504,QHM,16C00,CENTRAL MIDDLESBROUGH PCN,U55830,PROSPECT SURGERY,,,,,,7134
202504,QHM,16C00,CENTRAL MIDDLESBROUGH PCN,U55830,THE DISCOVERY PRACTICE,,,,,,8513
202504,QHM,16C00,CENTRAL MIDDLESBROUGH PCN,U55830,THE ENDEAVOUR PRACTICE,,,,,,8661
202504,QHM,16C00,CENTRAL MIDDLESBROUGH PCN,U55830,THE ERIMUS PRACTICE,Chloral hydrate (0401010B0),2,1302.8848,80,80,6590
202504,QHM,16C00,CENTRAL MIDDLESBROUGH PCN,U55830,THORNTREE SURGERY,,,,,,2761
202504,QHM,16C00,DARLINGTON PCN,U45102,BLACKETTS MEDICAL PRACTICE,,,,,,11450
202504,QHM,16C00,DARLINGTON PCN,U45102,CARMEL MEDICAL PRACTICE,Chloral hydrate (0401010B0),1,244.2624,4.299,4.299,11706
202504,QHM,16C00,DARLINGTON PCN,U45102,CLIFTON COURT MEDICAL PRACTICE,,,,,,12267
202504,QHM,16C00,DARLINGTON PCN,U45102,DENMARK STREET SURGERY,,,,,,15081
202504,QHM,16C00,DARLINGTON PCN,U45102,MIDDLETON AND DINSDALE MEDICAL PRACTICE,,,,,,5895
202504,QHM,16C00,DARLINGTON PCN,U45102,MOORLANDS SURGERY,,,,,,13240
202504,QHM,16C00,DARLINGTON PCN,U45102,NEASHAM ROAD SURGERY,,,,,,13363
202504,QHM,16C00,DARLINGTON PCN,U45102,ORCHARD COURT SURGERY,,,,,,8636
202504,QHM,16C00,DARLINGTON PCN,U45102,PARKGATE SURGERY,,,,,,4855
202504,QHM,16C00,DARLINGTON PCN,U45102,ROCKLIFFE COURT SURGERY,,,,,,6226
202504,QHM,16C00,DARLINGTON PCN,U45102,WHINFIELD MEDICAL PRACTICE,,,,,,12132
202504,QHM,16C00,DUMMY,-,THE RIDGEWAY HEALTH CENTRE,,,,,,18
202504,QHM,16C00,EAST CLEVELAND PCN,U07842,BROTTON SURGERY,,,,,,7669
202504,QHM,16C00,EAST CLEVELAND PCN,U07842,HILLSIDE PRACTICE,,,,,,9390
202504,QHM,16C00,EAST CLEVELAND PCN,U07842,SPRINGWOOD SURGERY,,,,,,7661
202504,QHM,16C00,EAST CLEVELAND PCN,U07842,THE GARTH,,,,,,11604
202504,QHM,16C00,EAST CLEVELAND PCN,U07842,WOODSIDE SURGERY,,,,,,5861
202504,QHM,16C00,ESTON PCN,U85257,CAMBRIDGE MEDICAL GROUP,,,,,,7282
202504,QHM,16C00,ESTON PCN,U85257,NORMANBY MEDICAL CENTRE,Chloral hydrate (0401010B0),1,488.5124,30,30,22862
202504,QHM,16C00,ESTON PCN,U85257,SOUTH GRANGE MEDICAL GROUP PRACTICE,,,,,,15457
202504,QHM,16C00,ESTON PCN,U85257,THE ESTON SURGERY ( D 01-Oct-25 ),,,,,,3704
202504,QHM,16C00,GREATER MIDDLESBROUGH PCN,U02671,ACKLAM MEDICAL CENTRE,Chloral hydrate (0401010B0),2,1465.5248,90,90,11348
202504,QHM,16C00,GREATER MIDDLESBROUGH PCN,U02671,COULBY MEDICAL PRACTICE,,,,,,9264
202504,QHM,16C00,GREATER MIDDLESBROUGH PCN,U02671,CROSSFELL HEALTH CENTRE,,,,,,8908
202504,QHM,16C00,GREATER MIDDLESBROUGH PCN,U02671,HIRSEL MEDICAL CENTRE,,,,,,3784
202504,QHM,16C00,GREATER MIDDLESBROUGH PCN,U02671,KINGS MEDICAL CENTRE,,,,,,6490
202504,QHM,16C00,GREATER MIDDLESBROUGH PCN,U02671,NEWLANDS MEDICAL CENTRE,,,,,,9735
202504,QHM,16C00,GREATER MIDDLESBROUGH PCN,U02671,PARKWAY MEDICAL CENTRE,,,,,,9377
202504,QHM,16C00,GREATER MIDDLESBROUGH PCN,U02671,WESTBOURNE MEDICAL CENTRE,,,,,,5691
202504,QHM,16C00,HARTLEPOOL HEALTH PCN,U40502,MCKENZIE GROUP PRACTICE,,,,,,6155
202504,QHM,16C00,HARTLEPOOL HEALTH PCN,U40502,MCKENZIE HOUSE SURGERY,Chloral hydrate (0401010B0),2,1823.9648,112,112,18974
202504,QHM,16C00,HARTLEPOOL HEALTH PCN,U40502,THE HEADLAND MEDICAL CENTRE,,,,,,5363
202504,QHM,16C00,HARTLEPOOL PCN,U70212,GLADSTONE HOUSE SURGERY,,,,,,5659
202504,QHM,16C00,HARTLEPOOL PCN,U70212,HART MEDICAL PRACTICE,,,,,,9428
202504,QHM,16C00,HARTLEPOOL PCN,U70212,THE PATEL PRACTICE,,,,,,4008
202504,QHM,16C00,HARTLEPOOL PCN,U70212,WEST QUAY MEDICAL PRACTICE,,,,,,6302
202504,QHM,16C00,HARTLEPOOL PCN,U70212,WEST VIEW MILLENIUM SURGERY A,,,,,,7530
202504,QHM,16C00,HOLGATE PCN,U85008,BOROUGH ROAD & NUNTHORPE MEDICAL GROUP,,,,,,16770
202504,QHM,16C00,HOLGATE PCN,U85008,LINTHORPE SURGERY,,,,,,20960
202504,QHM,16C00,HOLGATE PCN,U85008,VILLAGE MEDICAL CENTRE,,,,,,8108
202504,QHM,16C00,NORTH STOCKTON PCN,U07032,ALMA MEDICAL CENTRE,Chloral hydrate (0401010B0),3,2198.2872,135,135,10990
202504,QHM,16C00,NORTH STOCKTON PCN,U07032,QUEENS PARK MEDICAL CENTRE,,,,,,18750
202504,QHM,16C00,NORTH STOCKTON PCN,U07032,TENNANT STREET MEDICAL PRACTICE,,,,,,14674
202504,QHM,16C00,ONE LIFE HARTLEPOOL PCN,U27349,BANKHOUSE SURGERY,,,,,,10619
202504,QHM,16C00,ONE LIFE HARTLEPOOL PCN,U27349,CHADWICK PRACTICE,,,,,,11890
202504,QHM,16C00,ONE LIFE HARTLEPOOL PCN,U27349,HAVELOCK GRANGE PRACTICE,,,,,,13694
202504,QHM,16C00,REDCAR COASTAL PCN,U23714,BENTLEY MEDICAL PRACTICE,Chloral hydrate (0401010B0),2,959.4048,60,60,10211
202504,QHM,16C00,REDCAR COASTAL PCN,U23714,HUNTCLIFF SURGERY,Chloral hydrate (0401010B0),2,1302.7948,80,80,9984
202504,QHM,16C00,REDCAR COASTAL PCN,U23714,THE COATHAM ROAD SURGERY,,,,,,6244
202504,QHM,16C00,REDCAR COASTAL PCN,U23714,THE GREEN HOUSE SURGERY,,,,,,10051
202504,QHM,16C00,REDCAR COASTAL PCN,U23714,THE RAVENSCAR SURGERY,Chloral hydrate (0401010B0),1,325.7824,20,20,3384
202504,QHM,16C00,REDCAR COASTAL PCN,U23714,THE SALTSCAR SURGERY,,,,,,8528
202504,QHM,16C00,REDCAR COASTAL PCN,U23714,ZETLAND MEDICAL PRACTICE,,,,,,6986
202504,QHM,16C00,STOCKTON PCN,U89141,ELM TREE SURGERY,,,,,,15504
202504,QHM,16C00,STOCKTON PCN,U89141,RIVERSIDE MEDICAL PRACTICE,,,,,,7136
202504,QHM,16C00,STOCKTON PCN,U89141,THE ARRIVAL PRACTICE ( D 01-Jun-25 ),,,,,,3255
202504,QHM,16C00,STOCKTON PCN,U89141,THE DENSHAM SURGERY,,,,,,3893
202504,QHM,16C00,STOCKTON PCN,U89141,THE DOVECOT SURGERY,,,,,,4092
202504,QHM,16C00,STOCKTON PCN,U89141,WOODBRIDGE PRACTICE,Chloral hydrate (0401010B0),1,732.7624,45,45,18360
202504,QHM,16C00,STOCKTON PCN,U89141,WOODLANDS FAMILY MEDICAL CENTRE,,,,,,12358
202504,QHM,84H00,BISHOP AUCKLAND PCN,U85067,AUCKLAND MEDICAL GROUP,,,,,,15916
202504,QHM,84H00,BISHOP AUCKLAND PCN,U85067,BISHOPGATE MEDICAL CENTRE,,,,,,13723
202504,QHM,84H00,BISHOP AUCKLAND PCN,U85067,STATION VIEW MEDICAL CENTRE,,,,,,9710
202504,QHM,84H00,CHESTER LE STREET PCN,U77096,BRIDGE END SURGERY,,,,,,7727
202504,QHM,84H00,CHESTER LE STREET PCN,U77096,CESTRIA HEALTH CENTRE,,,,,,12657
202504,QHM,84H00,CHESTER LE STREET PCN,U77096,GREAT LUMLEY SURGERY,,,,,,5251
202504,QHM,84H00,CHESTER LE STREET PCN,U77096,MIDDLE CHARE MEDICAL GROUP,,,,,,9372
202504,QHM,84H00,CHESTER LE STREET PCN,U77096,PELTON & FELLROSE MEDICAL GROUP,,,,,,10083
202504,QHM,84H00,CHESTER LE STREET PCN,U77096,SACRISTON MEDICAL CENTRE,,,,,,10714
202504,QHM,84H00,CHESTER LE STREET PCN,U77096,VILLAGES MEDICAL GROUP,,,,,,4134
202504,QHM,84H00,CLAYPATH & UNIVERSITY MEDICAL GROUP PCN,U38486,CLAYPATH & UNIVERSITY MEDICAL GROUP,,,,,,32712
202504,QHM,84H00,DERWENTSIDE PCN,U70497,ANNFIELD PLAIN SURGERY,,,,,,3593
202504,QHM,84H00,DERWENTSIDE PCN,U70497,BROWNEY HOUSE SURGERY,,,,,,2664
202504,QHM,84H00,DERWENTSIDE PCN,U70497,CEDARS MEDICAL GROUP,,,,,,6191
202504,QHM,84H00,DERWENTSIDE PCN,U70497,CONSETT MEDICAL CENTRE,Chloral hydrate (0401010B0),2,488.5248,30,30,16860
202504,QHM,84H00,DERWENTSIDE PCN,U70497,DRS LAMBERT & NG,,,,,,5281
202504,QHM,84H00,DERWENTSIDE PCN,U70497,LANCHESTER MEDICAL CENTRE,,,,,,4183
202504,QHM,84H00,DERWENTSIDE PCN,U70497,LEADGATE SURGERY,,,,,,5816
202504,QHM,84H00,DERWENTSIDE PCN,U70497,OAKFIELDS HEALTH GROUP,,,,,,7686
202504,QHM,84H00,DERWENTSIDE PCN,U70497,QUEENS ROAD SURGERY,,,,,,16293
202504,QHM,84H00,DERWENTSIDE PCN,U70497,STANLEY MEDICAL GROUP,,,,,,12500
202504,QHM,84H00,DERWENTSIDE PCN,U70497,TANFIELD VIEW MEDICAL GROUP,,,,,,10800
202504,QHM,84H00,DERWENTSIDE PCN,U70497,THE HAVEN SURGERY,,,,,,1717
202504,QHM,84H00,DURHAM COAST PCN,U26864,BEVAN MEDICAL GROUP,,,,,,8612
202504,QHM,84H00,DURHAM COAST PCN,U26864,EAST DURHAM MEDICAL GROUP,,,,,,18274
202504,QHM,84H00,DURHAM COAST PCN,U26864,SOUTHDENE MEDICAL CENTRE,,,,,,3385
202504,QHM,84H00,DURHAM COAST PCN,U26864,WINGATE MEDICAL PRACTICE INTRAHEALTH,,,,,,3530
202504,QHM,84H00,DURHAM EAST PCN,U53962,BELMONT & SHERBURN MEDICAL GROUP,Chloral hydrate (0401010B0),2,488.5248,30,30,6268
202504,QHM,84H00,DURHAM EAST PCN,U53962,BOWBURN MEDICAL CENTRE,,,,,,4539
202504,QHM,84H00,DURHAM EAST PCN,U53962,CHEVELEY PARK MEDICAL CTR,,,,,,5046
202504,QHM,84H00,DURHAM EAST PCN,U53962,COXHOE MEDICAL PRACTICE,,,,,,7616
202504,QHM,84H00,DURHAM EAST PCN,U53962,WEST RAINTON SURGERY,,,,,,5485
202504,QHM,84H00,DURHAM WEST PCN,U01989,CHASTLETON MEDICAL GROUP,,,,,,10389
202504,QHM,84H00,DURHAM WEST PCN,U01989,DUNELM MEDICAL PRACTICE,,,,,,14514
202504,QHM,84H00,DURHAM WEST PCN,U01989,THE MEDICAL GROUP,,,,,,26643
202504,QHM,84H00,EASINGTON CENTRAL PCN,U14615,BLACKHALL AND PETERLEE PRACTICE,,,,,,10243
202504,QHM,84H00,EASINGTON CENTRAL PCN,U14615,THE HORDEN GROUP PRACTICE,,,,,,8293
202504,QHM,84H00,EASINGTON CENTRAL PCN,U14615,WILLIAM BROWN CENTRE,Chloral hydrate (0401010B0),1,244.2624,15,15,15616
202504,QHM,84H00,NORTH EASINGTON PCN,U81825,BYRON MEDICAL PRACTICE,Chloral hydrate (0401010B0),1,162.9424,10,10,8312
202504,QHM,84H00,NORTH EASINGTON PCN,U81825,MARLBOROUGH SURGERY,,,,,,11400
202504,QHM,84H00,NORTH EASINGTON PCN,U81825,MURTON MEDICAL CENTRE,,,,,,7348
202504,QHM,84H00,NORTH EASINGTON PCN,U81825,SILVERDALE FAMILY PRACTICE,,,,,,6653
202504,QHM,84H00,NORTH EASINGTON PCN,U81825,THE NEW SEAHAM MEDICAL GROUP,,,,,,4658
202504,QHM,84H00,SEDGEFIELD 1 PCN,U37593,BEWICK CRESCENT SURGERY,,,,,,13024
202504,QHM,84H00,SEDGEFIELD 1 PCN,U37593,HALLGARTH SURGERY,,,,,,5380
202504,QHM,84H00,SEDGEFIELD 1 PCN,U37593,JUBILEE MEDICAL GROUP,,,,,,12659
202504,QHM,84H00,SEDGEFIELD 1 PCN,U37593,PEASE WAY MEDICAL CENTRE,,,,,,12068
202504,QHM,84H00,SEDGEFIELD NORTH PCN,U12365,BISHOPS CLOSE MEDICAL PRACTICE,,,,,,8634
202504,QHM,84H00,SEDGEFIELD NORTH PCN,U12365,FERRYHILL AND CHILTON MEDICAL PRACTICE,,,,,,14937
202504,QHM,84H00,SEDGEFIELD NORTH PCN,U12365,SKERNE MEDICAL GROUP,Chloral hydrate (0401010B0),1,977.0124,60,60,16792
202504,QHM,84H00,SEDGEFIELD NORTH PCN,U12365,ST ANDREW'S MEDICAL PRACTICE,,,,,,15713
202504,QHM,84H00,SEDGEFIELD NORTH PCN,U12365,WEST CORNFORTH MEDICAL CENTRE,,,,,,2751
202504,QHM,84H00,TEESDALE PCN,U31619,BARNARD CASTLE SURGERY,,,,,,10948
202504,QHM,84H00,TEESDALE PCN,U31619,EVENWOOD MEDICAL PRACTICE,,,,,,2272
202504,QHM,84H00,TEESDALE PCN,U31619,GAINFORD SURGERY,,,,,,3675
202504,QHM,84H00,TEESDALE PCN,U31619,OLD FORGE SURGERY,,,,,,2691
202504,QHM,84H00,TEESDALE PCN,U31619,PINFOLD MEDICAL PRACTICE,,,,,,2881
202504,QHM,84H00,TEESDALE PCN,U31619,WOODVIEW MEDICAL PRACTICE,,,,,,2612
202504,QHM,84H00,WEAR VALLEY PCN,U96202,NORTH HOUSE SURGERY,,,,,,13499
202504,QHM,84H00,WEAR VALLEY PCN,U96202,THE WEARDALE PRACTICE,,,,,,7190
202504,QHM,84H00,WEAR VALLEY PCN,U96202,WILLINGTON MEDICAL GROUP,,,,,,9211
202504,QHM,99C00,CRAMLINGTON SEATON VALLEY PCN,U24977,WOODLANDS PARK HEALTH CTR,,,,,,6632
202504,QHM,99C00,NORTH SHIELDS PCN,U91110,COLLINGWOOD HEALTH GROUP,,,,,,24524
202504,QHM,99C00,NORTH SHIELDS PCN,U91110,PRIORY MEDICAL GROUP,,,,,,15420
202504,QHM,99C00,NORTH SHIELDS PCN,U91110,REDBURN PARK MEDICAL CENTRE,,,,,,6261
202504,QHM,99C00,NORTH SHIELDS PCN,U91110,NELSON MEDICAL GROUP ( C 01-May-26 ),,,,,,1
202504,QHM,99C00,NORTH TYNESIDE NORTH WEST PCN,U95193,LANE END SURGERY,,,,,,9488
202504,QHM,99C00,NORTH TYNESIDE NORTH WEST PCN,U95193,MALLARD MEDICAL PRACTICE,Chloral hydrate (0401010B0),1,488.5124,30,30,5467
202504,QHM,99C00,NORTH TYNESIDE NORTH WEST PCN,U95193,STEPHENSON PARK HEALTH GROUP,,,,,,17846
202504,QHM,99C00,NORTH TYNESIDE NORTH WEST PCN,U95193,SWARLAND AVENUE SURGERY,,,,,,6687
202504,QHM,99C00,NORTH TYNESIDE NORTH WEST PCN,U95193,WELLSPRING MEDICAL PRACT.,,,,,,6486
202504,QHM,99C00,NORTH TYNESIDE NORTH WEST PCN,U95193,WEST FARM SURGERY,,,,,,6031
202504,QHM,99C00,NORTH TYNESIDE NORTH WEST PCN,U95193,WIDEOPEN MEDICAL CENTRE,,,,,,7545
202504,QHM,99C00,NORTHUMBRIA PCN,U09980,NPC NORTH TYNESIDE - SPRING TERRACE,Chloral hydrate (0401010B0),19,816.3556,50,50,15743
202504,QHM,99C00,WALLSEND PCN,U10386,BEWICKE MEDICAL CENTRE,,,,,,9311
202504,QHM,99C00,WALLSEND PCN,U10386,HADRIAN HEALTH CENTRE,,,,,,21022
202504,QHM,99C00,WALLSEND PCN,U10386,THE VILLAGE GREEN SURGERY,,,,,,12804
202504,QHM,99C00,WHITLEY BAY PCN,U02739,BEAUMONT PARK SURGERY,,,,,,6408
202504,QHM,99C00,WHITLEY BAY PCN,U02739,BRIDGE AND MONKSEATON MEDICAL PRACTICE,,,,,,13305
202504,QHM,99C00,WHITLEY BAY PCN,U02739,MARINE AVENUE MEDICAL CTR,,,,,,8865
202504,QHM,99C00,WHITLEY BAY PCN,U02739,NORTHUMBERLAND PARK MEDICAL GROUP,,,,,,9576
202504,QHM,99C00,WHITLEY BAY PCN,U02739,WHITLEY BAY HEALTH CENTRE,,,,,,13615
202504,QHM,99C00,WHITLEY BAY PCN,U02739,49 MARINE AVENUE SURGERY ( C 01-May-26 ),,,,,,5800
202505,QHM,00L00,BLYTH PCN,U25489,MARINE MEDICAL GROUP,,,,,,13825
202505,QHM,00L00,BLYTH PCN,U25489,RAILWAY MEDICAL GROUP,,,,,,27007
202505,QHM,00L00,CRAMLINGTON SEATON VALLEY PCN,U24977,FORUM FAMILY PRACTICE,,,,,,9082
202505,QHM,00L00,CRAMLINGTON SEATON VALLEY PCN,U24977,NETHERFIELD HOUSE,,,,,,6016
202505,QHM,00L00,CRAMLINGTON SEATON VALLEY PCN,U24977,VILLAGE MEDICAL GROUP,,,,,,11388
202505,QHM,00L00,DUMMY,-,RIVERSDALE SURGERY,,,,,,5937
202505,QHM,00L00,DUMMY,-,THE ADDERLANE SURGERY,,,,,,2197
202505,QHM,00L00,NORTHUMBRIA PCN,U09980,NPC AMBLE & BROOMHILL,,,,,,12170
202505,QHM,00L00,NORTHUMBRIA PCN,U09980,NPC CENTRAL NORTHUMBERLAND,,,,,,49574
202505,QHM,00L00,NORTHUMBRIA PCN,U09980,NPC CRAMLINGTON,,,,,,5433
202505,QHM,00L00,NORTHUMBRIA PCN,U09980,NPC ELSDON AVENUE,,,,,,4315
202505,QHM,00L00,NORTHUMBRIA PCN,U09980,NPC FELTON & WIDDRINGTON,,,,,,4631
202505,QHM,00L00,NORTHUMBRIA PCN,U09980,NPC HAYDON BRIDGE & ALLENDALE,,,,,,5269
202505,QHM,00L00,NORTHUMBRIA PCN,U09980,NPC PONTELAND,,,,,,10759
202505,QHM,00L00,NORTHUMBRIA PCN,U09980,NPC ROTHBURY,,,,,,6137
202505,QHM,00L00,WANSBECK PCN,U11112,BEDLINGTONSHIRE MED.GROUP,,,,,,12787
202505,QHM,00L00,WANSBECK PCN,U11112,GUIDEPOST MEDICAL GROUP,,,,,,8071
202505,QHM,00L00,WANSBECK PCN,U11112,SEATON PARK MEDICAL GROUP,,,,,,19780
202505,QHM,00L00,WANSBECK PCN,U11112,THE GABLES MEDICAL GROUP,,,,,,6310
202505,QHM,00L00,WELL UP NORTH PCN,U25545,ALNWICK MEDICAL GROUP,,,,,,18918
202505,QHM,00L00,WELL UP NORTH PCN,U25545,BELFORD MEDICAL PRACTICE,,,,,,4496
202505,QHM,00L00,WELL UP NORTH PCN,U25545,GAS HOUSE LANE SURGERY,Chloral hydrate (0401010B0),1,244.2624,15,15,7190
202505,QHM,00L00,WELL UP NORTH PCN,U25545,GREYSTOKE SURGERY,,,,,,10831
202505,QHM,00L00,WELL UP NORTH PCN,U25545,UNION BRAE & NORHAM PRAC,,,,,,7166
202505,QHM,00L00,WELL UP NORTH PCN,U25545,WELL CLOSE MEDICAL GROUP,,,,,,9179
202505,QHM,00L00,WELL UP NORTH PCN,U25545,WOOLER HEALTH,,,,,,4900
202505,QHM,00L00,WEST NORTHUMBERLAND PCN,U05512,BELLINGHAM PRACTICE,,,,,,3437
202505,QHM,00L00,WEST NORTHUMBERLAND PCN,U05512,BRANCH END SURGERY,,,,,,5401
202505,QHM,00L00,WEST NORTHUMBERLAND PCN,U05512,BURN BRAE MEDICAL GROUP,,,,,,10414
202505,QHM,00L00,WEST NORTHUMBERLAND PCN,U05512,CORBRIDGE HEALTH CENTRE,,,,,,7304
202505,QHM,00L00,WEST NORTHUMBERLAND PCN,U05512,HALTWHISTLE MEDICAL GROUP,,,,,,5577
202505,QHM,00L00,WEST NORTHUMBERLAND PCN,U05512,HUMSHAUGH & WARK MED GRP,,,,,,3402
202505,QHM,00L00,WEST NORTHUMBERLAND PCN,U05512,PRUDHOE MEDICAL GROUP,,,,,,6887
202505,QHM,00L00,WEST NORTHUMBERLAND PCN,U05512,SCOTS GAP MEDICAL GROUP,,,,,,2166
202505,QHM,00L00,WEST NORTHUMBERLAND PCN,U05512,THE SELE MEDICAL PRACTICE,,,,,,5859
202505,QHM,00L00,WEST NORTHUMBERLAND PCN,U05512,WHITE MEDICAL GROUP,,,,,,8657
202505,QHM,00N00,SOUTH TYNESIDE EAST PCN,U20256,FARNHAM MEDICAL CTR.,,,,,,16874
202505,QHM,00N00,SOUTH TYNESIDE EAST PCN,U20256,ST GEORGE & RIVERSIDE MEDICAL PRACTICE,,,,,,7434
202505,QHM,00N00,SOUTH TYNESIDE EAST PCN,U20256,TALBOT MEDICAL CENTRE,,,,,,7818
202505,QHM,00N00,SOUTH TYNESIDE EAST PCN,U20256,TRINITY MEDICAL CENTRE,,,,,,6398
202505,QHM,00N00,SOUTH TYNESIDE EAST PCN,U20256,WENLOCK ROAD SURGERY,,,,,,4429
202505,QHM,00N00,SOUTH TYNESIDE EAST PCN,U20256,WEST VIEW SURGERY,,,,,,2872
202505,QHM,00N00,SOUTH TYNESIDE SOUTH PCN,U89118,CENTRAL SURGERY,,,,,,19163
202505,QHM,00N00,SOUTH TYNESIDE SOUTH PCN,U89118,COLLIERY COURT MEDICAL GROUP,,,,,,8297
202505,QHM,00N00,SOUTH TYNESIDE SOUTH PCN,U89118,DR THORNILEY-WALKER & PARTNERS,,,,,,6011
202505,QHM,00N00,SOUTH TYNESIDE SOUTH PCN,U89118,IMEARY MEDICAL GROUP,,,,,,4374
202505,QHM,00N00,SOUTH TYNESIDE SOUTH PCN,U89118,MARSDEN MEDICAL GROUP,Chloral hydrate (0401010B0),1,244.2624,15,15,22831
202505,QHM,00N00,SOUTH TYNESIDE SOUTH PCN,U89118,WHITBURN SURGERY,,,,,,5345
202505,QHM,00N00,SOUTH TYNESIDE WEST PCN,U37826,ALBERT ROAD SURGERY,,,,,,3470
202505,QHM,00N00,SOUTH TYNESIDE WEST PCN,U37826,EAST WING PRACTICE,,,,,,4249
202505,QHM,00N00,SOUTH TYNESIDE WEST PCN,U37826,ELLISON VIEW SURGERY,,,,,,6037
202505,QHM,00N00,SOUTH TYNESIDE WEST PCN,U37826,MAYFIELD MEDICAL GROUP,,,,,,9005
202505,QHM,00N00,SOUTH TYNESIDE WEST PCN,U37826,RAVENSWORTH SURGERY,,,,,,5948
202505,QHM,00N00,SOUTH TYNESIDE WEST PCN,U37826,THE G.P.SUITE,,,,,,4362
202505,QHM,00N00,SOUTH TYNESIDE WEST PCN,U37826,THE GLEN MEDICAL GROUP,,,,,,11128
202505,QHM,00N00,SOUTH TYNESIDE WEST PCN,U37826,VICTORIA MEDICAL CENTRE,,,,,,3637
202505,QHM,00P00,COALFIELDS PCN,U69720,GRANGEWOOD SURGERY,,,,,,7438
202505,QHM,00P00,COALFIELDS PCN,U69720,HERRINGTON MEDICAL CENTRE,,,,,,9637
202505,QHM,00P00,COALFIELDS PCN,U69720,HETTON GROUP PRACTICE,,,,,,11840
202505,QHM,00P00,COALFIELDS PCN,U69720,"HOUGHTON MEDICAL GROUP,",,,,,,8437
202505,QHM,00P00,COALFIELDS PCN,U69720,KEPIER MEDICAL PRACTICE,,,,,,8565
202505,QHM,00P00,COALFIELDS PCN,U69720,WESTBOURNE MEDICAL GROUP,,,,,,6636
202505,QHM,00P00,DUMMY,-,PALLION PRIMARY CARE SERVICES,,,,,,35
202505,QHM,00P00,SUNDERLAND CENTRAL PCN,U05458,HAPPY HOUSE SURGERY,,,,,,8149
202505,QHM,00P00,SUNDERLAND CENTRAL PCN,U05458,NEW SILKSWORTH MEDICAL PRACTICE,,,,,,9177
202505,QHM,00P00,SUNDERLAND CENTRAL PCN,U05458,SPRINGWELL MEDICAL GROUP,,,,,,6395
202505,QHM,00P00,SUNDERLAND CENTRAL PCN,U05458,SUNDERLAND GP ALLIANCE SOUTH HYLTON SURG,,,,,,4532
202505,QHM,00P00,SUNDERLAND CENTRAL PCN,U05458,VILLAGE SURGERY PARTNERSHIP,,,,,,4814
202505,QHM,00P00,SUNDERLAND EAST PCN,U52297,ASHBURN MEDICAL CENTRE,,,,,,5273
202505,QHM,00P00,SUNDERLAND EAST PCN,U52297,DEERNESS PARK MEDICAL GROUP,,,,,,13524
202505,QHM,00P00,SUNDERLAND EAST PCN,U52297,PARK LANE PRACTICE,,,,,,4341
202505,QHM,00P00,SUNDERLAND EAST PCN,U52297,RIVERVIEW SURGERY,,,,,,6971
202505,QHM,00P00,SUNDERLAND EAST PCN,U52297,SOUTHLANDS MEDICAL GROUP,,,,,,10611
202505,QHM,00P00,SUNDERLAND EAST PCN,U52297,THE NEW CITY MEDICAL GROUP,,,,,,5660
202505,QHM,00P00,SUNDERLAND EAST PCN,U52297,VILLETTE SURGERY,,,,,,5797
202505,QHM,00P00,SUNDERLAND NORTH PCN,U43314,BRIDGE VIEW MEDICAL GROUP,,,,,,14866
202505,QHM,00P00,SUNDERLAND NORTH PCN,U43314,CASTLETOWN MEDICAL CENTRE,,,,,,2117
202505,QHM,00P00,SUNDERLAND NORTH PCN,U43314,"FULWELL MEDICAL CENTRE,",,,,,,9239
202505,QHM,00P00,SUNDERLAND NORTH PCN,U43314,MONKWEARMOUTH HEALTH CENTRE,,,,,,4639
202505,QHM,00P00,SUNDERLAND NORTH PCN,U43314,RED HOUSE MEDICAL CENTRE,,,,,,5540
202505,QHM,00P00,SUNDERLAND NORTH PCN,U43314,ST BEDE MEDICAL CENTRE,,,,,,9312
202505,QHM,00P00,SUNDERLAND WEST 1 PCN,U14646,CHESTER SURGERY,,,,,,3076
202505,QHM,00P00,SUNDERLAND WEST 1 PCN,U14646,FORGE MEDICAL PRACTICE,,,,,,8602
202505,QHM,00P00,SUNDERLAND WEST 1 PCN,U14646,HYLTON MEDICAL GROUP,,,,,,7211
202505,QHM,00P00,SUNDERLAND WEST 1 PCN,U14646,MILLFIELD MEDICAL GROUP,,,,,,14437
202505,QHM,00P00,SUNDERLAND WEST 1 PCN,U14646,PALLION FAMILY PRACTICE,,,,,,10047
202505,QHM,00P00,SUNDERLAND WEST 1 PCN,U14646,THE BROADWAY MEDICAL PRACTICE,,,,,,7770
202505,QHM,00P00,SUNDERLAND WEST 1 PCN,U14646,WEARSIDE MEDICAL PRACTICE - PALLION,,,,,,7996
202505,QHM,00P00,WASHINGTON PCN,U61868,CONCORD MEDICAL PRACTICE,,,,,,5210
202505,QHM,00P00,WASHINGTON PCN,U61868,GALLERIES MEDICAL PRACTICE,,,,,,11552
202505,QHM,00P00,WASHINGTON PCN,U61868,I J HEALTHCARE,,,,,,3585
202505,QHM,00P00,WASHINGTON PCN,U61868,NEW WASHINGTON MEDICAL GROUP,,,,,,7208
202505,QHM,00P00,WASHINGTON PCN,U61868,RICKLETON MEDICAL CENTRE,,,,,,2812
202505,QHM,00P00,WASHINGTON PCN,U61868,SUNDERLAND GP ALLIANCE MEDICAL PRACTICE,,,,,,10067
202505,QHM,00P00,WASHINGTON PCN,U61868,THE STEPHENSON MEDICAL PRACTICE,,,,,,12251
202505,QHM,01H00,CARLISLE HEALTHCARE PCN,U92223,BRAMPTON MEDICAL PRACTICE,,,,,,16739
202505,QHM,01H00,CARLISLE HEALTHCARE PCN,U92223,CARLISLE HEALTHCARE,,,,,,40169
202505,QHM,01H00,CARLISLE HEALTHCARE PCN,U92223,LONGTOWN MEDICAL CENTRE,,,,,,3853
202505,QHM,01H00,CARLISLE HEALTHCARE PCN,U92223,SPENCER ST SURGERY,,,,,,13609
202505,QHM,01H00,CARLISLE PCN,U66688,CARLISLE CENTRAL PRACTICE,,,,,,13495
202505,QHM,01H00,CARLISLE PCN,U66688,EDEN MEDICAL GROUP,,,,,,15509
202505,QHM,01H00,CARLISLE PCN,U66688,WARWICK SQUARE GROUP PRACTICE,,,,,,7864
202505,QHM,01H00,COCKERMOUTH & MARYPORT PCN,U76572,CASTLEGATE AND DERWENT SURGERY,,,,,,18216
202505,QHM,01H00,COCKERMOUTH & MARYPORT PCN,U76572,MARYPORT HEALTH SERVICES,,,,,,13834
202505,QHM,01H00,COPELAND HAVEN PCN,U94879,DISTINGTON SURGERY,,,,,,6401
202505,QHM,01H00,COPELAND HAVEN PCN,U94879,MANSION HOUSE SURGERY,,,,,,7596
202505,QHM,01H00,COPELAND HAVEN PCN,U94879,WESTCROFT HOUSE SURGERY,,,,,,6213
202505,QHM,01H00,COPELAND PCN,U48302,FELLVIEW HEALTHCARE,,,,,,23144
202505,QHM,01H00,COPELAND PCN,U48302,LOWTHER MEDICAL CENTRE,,,,,,13804
202505,QHM,01H00,COPELAND PCN,U48302,SEASCALE HEALTH CENTRE,,,,,,5925
202505,QHM,01H00,EDEN (CUMBRIA) PCN,U08085,ALSTON MEDICAL PRACTICE,,,,,,2212
202505,QHM,01H00,EDEN (CUMBRIA) PCN,U08085,APPLEBY MEDICAL PRACTICE,,,,,,5134
202505,QHM,01H00,EDEN (CUMBRIA) PCN,U08085,BIRBECK MEDICAL GROUP,,,,,,14507
202505,QHM,01H00,EDEN (CUMBRIA) PCN,U08085,COURT THORN SURGERY,,,,,,3759
202505,QHM,01H00,EDEN (CUMBRIA) PCN,U08085,GLENRIDDING HEALTH CENTRE,,,,,,976
202505,QHM,01H00,EDEN (CUMBRIA) PCN,U08085,KIRKOSWALD SURGERY,,,,,,2784
202505,QHM,01H00,EDEN (CUMBRIA) PCN,U08085,SHAP MEDICAL PRACTICE,,,,,,3314
202505,QHM,01H00,EDEN (CUMBRIA) PCN,U08085,TEMPLE SOWERBY MEDICAL PRACTICE,,,,,,4650
202505,QHM,01H00,EDEN (CUMBRIA) PCN,U08085,THE LAKES MEDICAL PRACTICE,,,,,,11586
202505,QHM,01H00,EDEN (CUMBRIA) PCN,U08085,UPPER EDEN MEDICAL PRACTICE,,,,,,6538
202505,QHM,01H00,KESWICK & SOLWAY PCN,U25680,ASPATRIA MEDICAL GROUP,,,,,,7221
202505,QHM,01H00,KESWICK & SOLWAY PCN,U25680,CALDBECK SURGERY,,,,,,4277
202505,QHM,01H00,KESWICK & SOLWAY PCN,U25680,CASTLEHEAD MEDICAL CENTRE,,,,,,8369
202505,QHM,01H00,KESWICK & SOLWAY PCN,U25680,DALSTON MEDICAL GROUP,,,,,,5153
202505,QHM,01H00,KESWICK & SOLWAY PCN,U25680,SILLOTH GROUP MEDICAL PRACTICE,,,,,,4398
202505,QHM,01H00,KESWICK & SOLWAY PCN,U25680,THE CROFT SURGERY,,,,,,3529
202505,QHM,01H00,KESWICK & SOLWAY PCN,U25680,WIGTON GROUP MEDICAL PRACTICE,,,,,,9155
202505,QHM,01H00,WORKINGTON PCN,U67303,JAMES STREET GROUP PRACT,,,,,,33271
202505,QHM,13T00,BIRTLEY AND CENTRAL GATESHEAD PCN,U76028,BIRTLEY MEDICAL GROUP,,,,,,15312
202505,QHM,13T00,BIRTLEY AND CENTRAL GATESHEAD PCN,U76028,OXFORD TCE & RAWLING RD MEDICAL GROUP,,,,,,17893
202505,QHM,13T00,BIRTLEY AND CENTRAL GATESHEAD PCN,U76028,SECOND STREET SURGERY,,,,,,4563
202505,QHM,13T00,BIRTLEY AND CENTRAL GATESHEAD PCN,U76028,THE BRIDGES MEDICAL PRACTICE,,,,,,8219
202505,QHM,13T00,DUMMY,-,ST OSWALDS PALLIATIVE CARE,Chloral hydrate (0401010B0),1,244.2624,15,15,
202505,QHM,13T00,GATESHEAD CENTRAL SOUTH PCN,U91254,BEACON VIEW MEDICAL CENTRE,,,,,,5724
202505,QHM,13T00,GATESHEAD CENTRAL SOUTH PCN,U91254,BENSHAM FAMILY PRACTICE,,,,,,3836
202505,QHM,13T00,GATESHEAD CENTRAL SOUTH PCN,U91254,BEWICK ROAD SURGERY,,,,,,8348
202505,QHM,13T00,GATESHEAD CENTRAL SOUTH PCN,U91254,CENTRAL GATESHEAD MEDICAL GROUP,,,,,,10576
202505,QHM,13T00,GATESHEAD CENTRAL SOUTH PCN,U91254,FELL COTTAGE SURGERY,,,,,,8703
202505,QHM,13T00,GATESHEAD CENTRAL SOUTH PCN,U91254,FELL TOWER MEDICAL CENTRE,,,,,,7486
202505,QHM,13T00,GATESHEAD CENTRAL SOUTH PCN,U91254,MILLENNIUM FAMILY PRACTICE,,,,,,3836
202505,QHM,13T00,GATESHEAD CENTRAL SOUTH PCN,U91254,WREKENTON MEDICAL GROUP,,,,,,12161
202505,QHM,13T00,GATESHEAD EAST PCN,U13720,CROWHALL MEDICAL CENTRE,,,,,,6439
202505,QHM,13T00,GATESHEAD EAST PCN,U13720,LONGRIGG MEDICAL CENTRE,,,,,,10158
202505,QHM,13T00,GATESHEAD EAST PCN,U13720,PELAW MEDICAL PRACTICE,,,,,,5547
202505,QHM,13T00,GATESHEAD EAST PCN,U13720,ST. ALBANS MEDICAL GROUP,,,,,,7255
202505,QHM,13T00,GATESHEAD INNER WEST PCN,U33691,CHAINBRIDGE MEDICAL PARTNERSHIP,,,,,,11504
202505,QHM,13T00,GATESHEAD INNER WEST PCN,U33691,GLENPARK & TEAMS MEDICAL SERVICES,,,,,,14551
202505,QHM,13T00,GATESHEAD INNER WEST PCN,U33691,SUNNISIDE SURGERY,,,,,,3842
202505,QHM,13T00,GATESHEAD INNER WEST PCN,U33691,WHICKHAM COTTAGE MEDICAL CENTRE,,,,,,15603
202505,QHM,13T00,GATESHEAD OUTER WEST PCN,U41930,CHOPWELL PRIMARY HEALTHCARE CENTRE,,,,,,2575
202505,QHM,13T00,GATESHEAD OUTER WEST PCN,U41930,CRAWCROOK MEDICAL CENTRE,,,,,,20306
202505,QHM,13T00,GATESHEAD OUTER WEST PCN,U41930,HOLLYHURST MEDICAL CENTRE,,,,,,4928
202505,QHM,13T00,GATESHEAD OUTER WEST PCN,U41930,OLDWELL SURGERY,,,,,,4773
202505,QHM,13T00,JESMOND - LOWER GOSFORTH PCN,U34146,JESMOND HEALTH PARTNERSHIP,,,,,,27388
202505,QHM,13T00,JESMOND - LOWER GOSFORTH PCN,U34146,ROSEWORTH SURGERY,,,,,,5839
202505,QHM,13T00,JESMOND - LOWER GOSFORTH PCN,U34146,THE GROVE MEDICAL GROUP,,,,,,13231
202505,QHM,13T00,NEWCASTLE CENTRAL HEALTH PCN,U43524,SAVILLE MEDICAL GROUP,,,,,,42440
202505,QHM,13T00,NEWCASTLE EAST PCN,U17849,BENFIELD PARK MEDICAL GROUP,,,,,,10396
202505,QHM,13T00,NEWCASTLE EAST PCN,U17849,BIDDLESTONE HEALTH GROUP,,,,,,10720
202505,QHM,13T00,NEWCASTLE EAST PCN,U17849,HEATON ROAD SURGERY,,,,,,7160
202505,QHM,13T00,NEWCASTLE EAST PCN,U17849,NEWCASTLE MEDICAL CENTRE,,,,,,21478
202505,QHM,13T00,NEWCASTLE EAST PCN,U17849,ST.ANTHONY'S HEALTH CENTRE,,,,,,6642
202505,QHM,13T00,NEWCASTLE EAST PCN,U17849,THORNFIELD MEDICAL GROUP,,,,,,20449
202505,QHM,13T00,NEWCASTLE EAST PCN,U17849,WALKER MEDICAL GROUP,,,,,,10710
202505,QHM,13T00,NEWCASTLE INNER WEST PCN,U45898,BETTS AVENUE MEDICAL GROUP,,,,,,10792
202505,QHM,13T00,NEWCASTLE INNER WEST PCN,U45898,DILSTON MEDICAL CENTRE,,,,,,9701
202505,QHM,13T00,NEWCASTLE INNER WEST PCN,U45898,ELSWICK FAMILY PRACTICE,,,,,,8373
202505,QHM,13T00,NEWCASTLE INNER WEST PCN,U45898,FENHAM HALL SURGERY,,,,,,10826
202505,QHM,13T00,NEWCASTLE INNER WEST PCN,U45898,PROSPECT MEDICAL CENTRE,,,,,,14736
202505,QHM,13T00,NEWCASTLE OUTER WEST PCN,U87170,DENTON PARK MEDICAL GROUP,,,,,,7450
202505,QHM,13T00,NEWCASTLE OUTER WEST PCN,U87170,DENTON TURRET MEDICAL CENTRE,,,,,,9045
202505,QHM,13T00,NEWCASTLE OUTER WEST PCN,U87170,NEWBURN SURGERY,,,,,,6189
202505,QHM,13T00,NEWCASTLE OUTER WEST PCN,U87170,PARKWAY MEDICAL GROUP,,,,,,8438
202505,QHM,13T00,NEWCASTLE OUTER WEST PCN,U87170,THROCKLEY PRIMARY CARE CENTRE,,,,,,7440
202505,QHM,13T00,NEWCASTLE OUTER WEST PCN,U87170,WESTERHOPE MEDICAL GROUP,,,,,,13799
202505,QHM,13T00,NORTH GOSFORTH PCN,U70624,BRUNTON PARK,Chloral hydrate (0401010B0),2,488.5248,30,30,8265
202505,QHM,13T00,NORTH GOSFORTH PCN,U70624,PARK MEDICAL GROUP,,,,,,13264
202505,QHM,13T00,NORTH GOSFORTH PCN,U70624,REGENT MEDICAL CENTRE,,,,,,7578
202505,QHM,13T00,WEST END FAMILY HEALTH PCN,U44695,CRUDDAS PARK SURGERY,,,,,,11638
202505,QHM,13T00,WEST END FAMILY HEALTH PCN,U44695,HOLMSIDE MEDICAL GROUP,,,,,,10083
202505,QHM,13T00,WEST END FAMILY HEALTH PCN,U44695,WEST ROAD MEDICAL CENTRE,,,,,,12453
202505,QHM,16C00,BILLINGHAM & NORTON PCN,U94460,DR RASOOL,,,,,,2199
202505,QHM,16C00,BILLINGHAM & NORTON PCN,U94460,KINGSWAY MEDICAL CENTRE,,,,,,9961
202505,QHM,16C00,BILLINGHAM & NORTON PCN,U94460,MARSH HOUSE MEDICAL PRACTICE,,,,,,8520
202505,QHM,16C00,BILLINGHAM & NORTON PCN,U94460,MELROSE SURGERY,,,,,,2367
202505,QHM,16C00,BILLINGHAM & NORTON PCN,U94460,NORTON MEDICAL CENTRE,,,,,,16331
202505,QHM,16C00,BILLINGHAM & NORTON PCN,U94460,QUEENSTREE PRACTICE,,,,,,4154
202505,QHM,16C00,BILLINGHAM & NORTON PCN,U94460,THE ROSEBERRY PRACTICE,,,,,,7934
202505,QHM,16C00,BYTES PCN,U63844,EAGLESCLIFFE MEDICAL PRACTICE,,,,,,12836
202505,QHM,16C00,BYTES PCN,U63844,PARK LANE SURGERY,,,,,,5446
202505,QHM,16C00,BYTES PCN,U63844,THORNABY & BARWICK MEDICAL GROUP,,,,,,20899
202505,QHM,16C00,BYTES PCN,U63844,YARM MEDICAL PRACTICE,,,,,,14425
202505,QHM,16C00,CENTRAL MIDDLESBROUGH PCN,U55830,MARTONSIDE MEDICAL CENTRE,,,,,,7898
202505,QHM,16C00,CENTRAL MIDDLESBROUGH PCN,U55830,PARK SURGERY,,,,,,12299
202505,QHM,16C00,CENTRAL MIDDLESBROUGH PCN,U55830,PROSPECT SURGERY,,,,,,7069
202505,QHM,16C00,CENTRAL MIDDLESBROUGH PCN,U55830,THE DISCOVERY PRACTICE,,,,,,8472
202505,QHM,16C00,CENTRAL MIDDLESBROUGH PCN,U55830,THE ENDEAVOUR PRACTICE,,,,,,8588
202505,QHM,16C00,CENTRAL MIDDLESBROUGH PCN,U55830,THE ERIMUS PRACTICE,Chloral hydrate (0401010B0),1,651.4424,40,40,6547
202505,QHM,16C00,CENTRAL MIDDLESBROUGH PCN,U55830,THORNTREE SURGERY,,,,,,2761
202505,QHM,16C00,DARLINGTON PCN,U45102,BLACKETTS MEDICAL PRACTICE,,,,,,11482
202505,QHM,16C00,DARLINGTON PCN,U45102,CARMEL MEDICAL PRACTICE,Chloral hydrate (0401010B0),1,977.0124,60,60,11718
202505,QHM,16C00,DARLINGTON PCN,U45102,CLIFTON COURT MEDICAL PRACTICE,,,,,,12281
202505,QHM,16C00,DARLINGTON PCN,U45102,DENMARK STREET SURGERY,,,,,,15033
202505,QHM,16C00,DARLINGTON PCN,U45102,MIDDLETON AND DINSDALE MEDICAL PRACTICE,,,,,,5907
202505,QHM,16C00,DARLINGTON PCN,U45102,MOORLANDS SURGERY,,,,,,13239
202505,QHM,16C00,DARLINGTON PCN,U45102,NEASHAM ROAD SURGERY,,,,,,13354
202505,QHM,16C00,DARLINGTON PCN,U45102,ORCHARD COURT SURGERY,,,,,,8640
202505,QHM,16C00,DARLINGTON PCN,U45102,PARKGATE SURGERY,,,,,,4854
202505,QHM,16C00,DARLINGTON PCN,U45102,ROCKLIFFE COURT SURGERY,,,,,,6237
202505,QHM,16C00,DARLINGTON PCN,U45102,WHINFIELD MEDICAL PRACTICE,,,,,,12152
202505,QHM,16C00,DUMMY,-,THE RIDGEWAY HEALTH CENTRE,,,,,,16
202505,QHM,16C00,EAST CLEVELAND PCN,U07842,BROTTON SURGERY,,,,,,7671
202505,QHM,16C00,EAST CLEVELAND PCN,U07842,HILLSIDE PRACTICE,,,,,,9384
202505,QHM,16C00,EAST CLEVELAND PCN,U07842,SPRINGWOOD SURGERY,,,,,,7651
202505,QHM,16C00,EAST CLEVELAND PCN,U07842,THE GARTH,,,,,,11614
202505,QHM,16C00,EAST CLEVELAND PCN,U07842,WOODSIDE SURGERY,,,,,,5858
202505,QHM,16C00,ESTON PCN,U85257,CAMBRIDGE MEDICAL GROUP,,,,,,7284
202505,QHM,16C00,ESTON PCN,U85257,NORMANBY MEDICAL CENTRE,Chloral hydrate (0401010B0),2,977.0248,60,60,22863
202505,QHM,16C00,ESTON PCN,U85257,SOUTH GRANGE MEDICAL GROUP PRACTICE,,,,,,15493
202505,QHM,16C00,ESTON PCN,U85257,THE ESTON SURGERY ( D 01-Oct-25 ),,,,,,3701
202505,QHM,16C00,GREATER MIDDLESBROUGH PCN,U02671,ACKLAM MEDICAL CENTRE,Chloral hydrate (0401010B0),2,1465.5248,90,90,11343
202505,QHM,16C00,GREATER MIDDLESBROUGH PCN,U02671,COULBY MEDICAL PRACTICE,,,,,,9276
202505,QHM,16C00,GREATER MIDDLESBROUGH PCN,U02671,CROSSFELL HEALTH CENTRE,,,,,,8906
202505,QHM,16C00,GREATER MIDDLESBROUGH PCN,U02671,HIRSEL MEDICAL CENTRE,,,,,,3789
202505,QHM,16C00,GREATER MIDDLESBROUGH PCN,U02671,KINGS MEDICAL CENTRE,,,,,,6465
202505,QHM,16C00,GREATER MIDDLESBROUGH PCN,U02671,NEWLANDS MEDICAL CENTRE,,,,,,9727
202505,QHM,16C00,GREATER MIDDLESBROUGH PCN,U02671,PARKWAY MEDICAL CENTRE,,,,,,9429
202505,QHM,16C00,GREATER MIDDLESBROUGH PCN,U02671,WESTBOURNE MEDICAL CENTRE,,,,,,5686
202505,QHM,16C00,HARTLEPOOL HEALTH PCN,U40502,MCKENZIE GROUP PRACTICE,,,,,,6179
202505,QHM,16C00,HARTLEPOOL HEALTH PCN,U40502,MCKENZIE HOUSE SURGERY,Chloral hydrate (0401010B0),1,911.9824,56,56,19005
202505,QHM,16C00,HARTLEPOOL HEALTH PCN,U40502,THE HEADLAND MEDICAL CENTRE,,,,,,5359
202505,QHM,16C00,HARTLEPOOL PCN,U70212,GLADSTONE HOUSE SURGERY,,,,,,5650
202505,QHM,16C00,HARTLEPOOL PCN,U70212,HART MEDICAL PRACTICE,,,,,,9418
202505,QHM,16C00,HARTLEPOOL PCN,U70212,THE PATEL PRACTICE,,,,,,4055
202505,QHM,16C00,HARTLEPOOL PCN,U70212,WEST QUAY MEDICAL PRACTICE,,,,,,6311
202505,QHM,16C00,HARTLEPOOL PCN,U70212,WEST VIEW MILLENIUM SURGERY A,,,,,,7517
202505,QHM,16C00,HOLGATE PCN,U85008,BOROUGH ROAD & NUNTHORPE MEDICAL GROUP,,,,,,16794
202505,QHM,16C00,HOLGATE PCN,U85008,LINTHORPE SURGERY,,,,,,20981
202505,QHM,16C00,HOLGATE PCN,U85008,VILLAGE MEDICAL CENTRE,,,,,,8069
202505,QHM,16C00,NORTH STOCKTON PCN,U07032,ALMA MEDICAL CENTRE,Chloral hydrate (0401010B0),1,732.7624,45,45,10965
202505,QHM,16C00,NORTH STOCKTON PCN,U07032,QUEENS PARK MEDICAL CENTRE,,,,,,18740
202505,QHM,16C00,NORTH STOCKTON PCN,U07032,TENNANT STREET MEDICAL PRACTICE,,,,,,14652
202505,QHM,16C00,ONE LIFE HARTLEPOOL PCN,U27349,BANKHOUSE SURGERY,,,,,,10615
202505,QHM,16C00,ONE LIFE HARTLEPOOL PCN,U27349,CHADWICK PRACTICE,,,,,,11893
202505,QHM,16C00,ONE LIFE HARTLEPOOL PCN,U27349,HAVELOCK GRANGE PRACTICE,,,,,,13665
202505,QHM,16C00,REDCAR COASTAL PCN,U23714,BENTLEY MEDICAL PRACTICE,Chloral hydrate (0401010B0),1,487.9124,30,30,10223
202505,QHM,16C00,REDCAR COASTAL PCN,U23714,HUNTCLIFF SURGERY,Chloral hydrate (0401010B0),1,325.7824,20,20,9987
202505,QHM,16C00,REDCAR COASTAL PCN,U23714,THE COATHAM ROAD SURGERY,Chloral hydrate (0401010B0),2,977.0248,60,60,6238
202505,QHM,16C00,REDCAR COASTAL PCN,U23714,THE GREEN HOUSE SURGERY,,,,,,10018
202505,QHM,16C00,REDCAR COASTAL PCN,U23714,THE RAVENSCAR SURGERY,Chloral hydrate (0401010B0),1,325.7824,20,20,3378
202505,QHM,16C00,REDCAR COASTAL PCN,U23714,THE SALTSCAR SURGERY,,,,,,8527
202505,QHM,16C00,REDCAR COASTAL PCN,U23714,ZETLAND MEDICAL PRACTICE,,,,,,7012
202505,QHM,16C00,STOCKTON PCN,U89141,ELM TREE SURGERY,,,,,,15771
202505,QHM,16C00,STOCKTON PCN,U89141,RIVERSIDE MEDICAL PRACTICE,,,,,,7206
202505,QHM,16C00,STOCKTON PCN,U89141,THE ARRIVAL PRACTICE ( D 01-Jun-25 ),,,,,,3220
202505,QHM,16C00,STOCKTON PCN,U89141,THE DENSHAM SURGERY,,,,,,3890
202505,QHM,16C00,STOCKTON PCN,U89141,THE DOVECOT SURGERY,,,,,,4090
202505,QHM,16C00,STOCKTON PCN,U89141,WOODBRIDGE PRACTICE,,,,,,18356
202505,QHM,16C00,STOCKTON PCN,U89141,WOODLANDS FAMILY MEDICAL CENTRE,,,,,,12297
202505,QHM,84H00,BISHOP AUCKLAND PCN,U85067,AUCKLAND MEDICAL GROUP,,,,,,15940
202505,QHM,84H00,BISHOP AUCKLAND PCN,U85067,BISHOPGATE MEDICAL CENTRE,,,,,,13713
202505,QHM,84H00,BISHOP AUCKLAND PCN,U85067,STATION VIEW MEDICAL CENTRE,,,,,,9710
202505,QHM,84H00,CHESTER LE STREET PCN,U77096,BRIDGE END SURGERY,,,,,,7722
202505,QHM,84H00,CHESTER LE STREET PCN,U77096,CESTRIA HEALTH CENTRE,,,,,,12652
202505,QHM,84H00,CHESTER LE STREET PCN,U77096,GREAT LUMLEY SURGERY,,,,,,5244
202505,QHM,84H00,CHESTER LE STREET PCN,U77096,MIDDLE CHARE MEDICAL GROUP,Chloral hydrate (0401010B0),1,244.2624,15,15,9379
202505,QHM,84H00,CHESTER LE STREET PCN,U77096,PELTON & FELLROSE MEDICAL GROUP,,,,,,10130
202505,QHM,84H00,CHESTER LE STREET PCN,U77096,SACRISTON MEDICAL CENTRE,,,,,,10730
202505,QHM,84H00,CHESTER LE STREET PCN,U77096,VILLAGES MEDICAL GROUP,,,,,,4133
202505,QHM,84H00,CLAYPATH & UNIVERSITY MEDICAL GROUP PCN,U38486,CLAYPATH & UNIVERSITY MEDICAL GROUP,,,,,,32658
202505,QHM,84H00,DERWENTSIDE PCN,U70497,ANNFIELD PLAIN SURGERY,,,,,,3584
202505,QHM,84H00,DERWENTSIDE PCN,U70497,BROWNEY HOUSE SURGERY,,,,,,2654
202505,QHM,84H00,DERWENTSIDE PCN,U70497,CEDARS MEDICAL GROUP,,,,,,6199
202505,QHM,84H00,DERWENTSIDE PCN,U70497,CONSETT MEDICAL CENTRE,Chloral hydrate (0401010B0),1,244.2624,15,15,16811
202505,QHM,84H00,DERWENTSIDE PCN,U70497,DRS LAMBERT & NG,,,,,,5281
202505,QHM,84H00,DERWENTSIDE PCN,U70497,LANCHESTER MEDICAL CENTRE,,,,,,4182
202505,QHM,84H00,DERWENTSIDE PCN,U70497,LEADGATE SURGERY,,,,,,5811
202505,QHM,84H00,DERWENTSIDE PCN,U70497,OAKFIELDS HEALTH GROUP,,,,,,7701
202505,QHM,84H00,DERWENTSIDE PCN,U70497,QUEENS ROAD SURGERY,,,,,,16301
202505,QHM,84H00,DERWENTSIDE PCN,U70497,STANLEY MEDICAL GROUP,,,,,,12518
202505,QHM,84H00,DERWENTSIDE PCN,U70497,TANFIELD VIEW MEDICAL GROUP,Chloral hydrate (0401010B0),2,977.0248,60,60,10795
202505,QHM,84H00,DERWENTSIDE PCN,U70497,THE HAVEN SURGERY,,,,,,1735
202505,QHM,84H00,DURHAM COAST PCN,U26864,BEVAN MEDICAL GROUP,,,,,,8625
202505,QHM,84H00,DURHAM COAST PCN,U26864,EAST DURHAM MEDICAL GROUP,,,,,,18254
202505,QHM,84H00,DURHAM COAST PCN,U26864,SOUTHDENE MEDICAL CENTRE,,,,,,3389
202505,QHM,84H00,DURHAM COAST PCN,U26864,WINGATE MEDICAL PRACTICE INTRAHEALTH,,,,,,3533
202505,QHM,84H00,DURHAM EAST PCN,U53962,BELMONT & SHERBURN MEDICAL GROUP,,,,,,6258
202505,QHM,84H00,DURHAM EAST PCN,U53962,BOWBURN MEDICAL CENTRE,,,,,,4573
202505,QHM,84H00,DURHAM EAST PCN,U53962,CHEVELEY PARK MEDICAL CTR,,,,,,5067
202505,QHM,84H00,DURHAM EAST PCN,U53962,COXHOE MEDICAL PRACTICE,,,,,,7641
202505,QHM,84H00,DURHAM EAST PCN,U53962,WEST RAINTON SURGERY,,,,,,5487
202505,QHM,84H00,DURHAM WEST PCN,U01989,CHASTLETON MEDICAL GROUP,,,,,,10358
202505,QHM,84H00,DURHAM WEST PCN,U01989,DUNELM MEDICAL PRACTICE,,,,,,14514
202505,QHM,84H00,DURHAM WEST PCN,U01989,THE MEDICAL GROUP,,,,,,26636
202505,QHM,84H00,EASINGTON CENTRAL PCN,U14615,BLACKHALL AND PETERLEE PRACTICE,,,,,,10266
202505,QHM,84H00,EASINGTON CENTRAL PCN,U14615,THE HORDEN GROUP PRACTICE,,,,,,8292
202505,QHM,84H00,EASINGTON CENTRAL PCN,U14615,WILLIAM BROWN CENTRE,Chloral hydrate (0401010B0),3,732.7872,45,45,15610
202505,QHM,84H00,NORTH EASINGTON PCN,U81825,BYRON MEDICAL PRACTICE,Chloral hydrate (0401010B0),1,162.9424,10,10,8319
202505,QHM,84H00,NORTH EASINGTON PCN,U81825,MARLBOROUGH SURGERY,,,,,,11423
202505,QHM,84H00,NORTH EASINGTON PCN,U81825,MURTON MEDICAL CENTRE,,,,,,7339
202505,QHM,84H00,NORTH EASINGTON PCN,U81825,SILVERDALE FAMILY PRACTICE,,,,,,6635
202505,QHM,84H00,NORTH EASINGTON PCN,U81825,THE NEW SEAHAM MEDICAL GROUP,,,,,,4674
202505,QHM,84H00,SEDGEFIELD 1 PCN,U37593,BEWICK CRESCENT SURGERY,,,,,,13008
202505,QHM,84H00,SEDGEFIELD 1 PCN,U37593,HALLGARTH SURGERY,,,,,,5380
202505,QHM,84H00,SEDGEFIELD 1 PCN,U37593,JUBILEE MEDICAL GROUP,,,,,,12703
202505,QHM,84H00,SEDGEFIELD 1 PCN,U37593,PEASE WAY MEDICAL CENTRE,,,,,,12039
202505,QHM,84H00,SEDGEFIELD NORTH PCN,U12365,BISHOPS CLOSE MEDICAL PRACTICE,,,,,,8641
202505,QHM,84H00,SEDGEFIELD NORTH PCN,U12365,FERRYHILL AND CHILTON MEDICAL PRACTICE,,,,,,14904
202505,QHM,84H00,SEDGEFIELD NORTH PCN,U12365,SKERNE MEDICAL GROUP,Chloral hydrate (0401010B0),1,977.0124,60,60,16815
202505,QHM,84H00,SEDGEFIELD NORTH PCN,U12365,ST ANDREW'S MEDICAL PRACTICE,,,,,,15724
202505,QHM,84H00,SEDGEFIELD NORTH PCN,U12365,WEST CORNFORTH MEDICAL CENTRE,,,,,,2766
202505,QHM,84H00,TEESDALE PCN,U31619,BARNARD CASTLE SURGERY,,,,,,10984
202505,QHM,84H00,TEESDALE PCN,U31619,EVENWOOD MEDICAL PRACTICE,,,,,,2285
202505,QHM,84H00,TEESDALE PCN,U31619,GAINFORD SURGERY,,,,,,3672
202505,QHM,84H00,TEESDALE PCN,U31619,OLD FORGE SURGERY,,,,,,2700
202505,QHM,84H00,TEESDALE PCN,U31619,PINFOLD MEDICAL PRACTICE,,,,,,2888
202505,QHM,84H00,TEESDALE PCN,U31619,WOODVIEW MEDICAL PRACTICE,,,,,,2613
202505,QHM,84H00,WEAR VALLEY PCN,U96202,NORTH HOUSE SURGERY,,,,,,13511
202505,QHM,84H00,WEAR VALLEY PCN,U96202,THE WEARDALE PRACTICE,,,,,,7185
202505,QHM,84H00,WEAR VALLEY PCN,U96202,WILLINGTON MEDICAL GROUP,,,,,,9166
202505,QHM,99C00,CRAMLINGTON SEATON VALLEY PCN,U24977,WOODLANDS PARK HEALTH CTR,,,,,,6660
202505,QHM,99C00,NORTH SHIELDS PCN,U91110,COLLINGWOOD HEALTH GROUP,,,,,,24523
202505,QHM,99C00,NORTH SHIELDS PCN,U91110,PRIORY MEDICAL GROUP,,,,,,15459
202505,QHM,99C00,NORTH SHIELDS PCN,U91110,REDBURN PARK MEDICAL CENTRE,,,,,,6256
202505,QHM,99C00,NORTH TYNESIDE NORTH WEST PCN,U95193,LANE END SURGERY,,,,,,9498
202505,QHM,99C00,NORTH TYNESIDE NORTH WEST PCN,U95193,MALLARD MEDICAL PRACTICE,Chloral hydrate (0401010B0),1,488.5124,30,30,5473
202505,QHM,99C00,NORTH TYNESIDE NORTH WEST PCN,U95193,STEPHENSON PARK HEALTH GROUP,,,,,,17814
202505,QHM,99C00,NORTH TYNESIDE NORTH WEST PCN,U95193,SWARLAND AVENUE SURGERY,,,,,,6685
202505,QHM,99C00,NORTH TYNESIDE NORTH WEST PCN,U95193,WELLSPRING MEDICAL PRACT.,,,,,,6511
202505,QHM,99C00,NORTH TYNESIDE NORTH WEST PCN,U95193,WEST FARM SURGERY,,,,,,6015
202505,QHM,99C00,NORTH TYNESIDE NORTH WEST PCN,U95193,WIDEOPEN MEDICAL CENTRE,,,,,,7522
202505,QHM,99C00,NORTHUMBRIA PCN,U09980,NPC NORTH TYNESIDE - SPRING TERRACE,,,,,,21554
202505,QHM,99C00,WALLSEND PCN,U10386,BEWICKE MEDICAL CENTRE,,,,,,9310
202505,QHM,99C00,WALLSEND PCN,U10386,HADRIAN HEALTH CENTRE,,,,,,21024
202505,QHM,99C00,WALLSEND PCN,U10386,THE VILLAGE GREEN SURGERY,,,,,,12798
202505,QHM,99C00,WHITLEY BAY PCN,U02739,BEAUMONT PARK SURGERY,,,,,,6374
202505,QHM,99C00,WHITLEY BAY PCN,U02739,BRIDGE AND MONKSEATON MEDICAL PRACTICE,,,,,,13297
202505,QHM,99C00,WHITLEY BAY PCN,U02739,MARINE AVENUE MEDICAL CTR,,,,,,8874
202505,QHM,99C00,WHITLEY BAY PCN,U02739,NORTHUMBERLAND PARK MEDICAL GROUP,,,,,,9577
202505,QHM,99C00,WHITLEY BAY PCN,U02739,WHITLEY BAY HEALTH CENTRE,,,,,,13673
202506,QHM,00L00,BLYTH PCN,U25489,MARINE MEDICAL GROUP,,,,,,13867
202506,QHM,00L00,BLYTH PCN,U25489,RAILWAY MEDICAL GROUP,,,,,,26985
202506,QHM,00L00,CRAMLINGTON SEATON VALLEY PCN,U24977,FORUM FAMILY PRACTICE,,,,,,9102
202506,QHM,00L00,CRAMLINGTON SEATON VALLEY PCN,U24977,NETHERFIELD HOUSE,,,,,,6019
202506,QHM,00L00,CRAMLINGTON SEATON VALLEY PCN,U24977,VILLAGE MEDICAL GROUP,,,,,,11439
202506,QHM,00L00,DUMMY,-,RIVERSDALE SURGERY,,,,,,5930
202506,QHM,00L00,DUMMY,-,THE ADDERLANE SURGERY,,,,,,2203
202506,QHM,00L00,NORTHUMBRIA PCN,U09980,NPC AMBLE & BROOMHILL,,,,,,12182
202506,QHM,00L00,NORTHUMBRIA PCN,U09980,NPC CENTRAL NORTHUMBERLAND,,,,,,49565
202506,QHM,00L00,NORTHUMBRIA PCN,U09980,NPC CRAMLINGTON,,,,,,5442
202506,QHM,00L00,NORTHUMBRIA PCN,U09980,NPC ELSDON AVENUE,,,,,,4321
202506,QHM,00L00,NORTHUMBRIA PCN,U09980,NPC FELTON & WIDDRINGTON,,,,,,4647
202506,QHM,00L00,NORTHUMBRIA PCN,U09980,NPC HAYDON BRIDGE & ALLENDALE,,,,,,5271
202506,QHM,00L00,NORTHUMBRIA PCN,U09980,NPC PONTELAND,Chloral hydrate (0401010B0),1,445.0124,50,50,10762
202506,QHM,00L00,NORTHUMBRIA PCN,U09980,NPC ROTHBURY,,,,,,6139
202506,QHM,00L00,WANSBECK PCN,U11112,BEDLINGTONSHIRE MED.GROUP,,,,,,12802
202506,QHM,00L00,WANSBECK PCN,U11112,GUIDEPOST MEDICAL GROUP,,,,,,8066
202506,QHM,00L00,WANSBECK PCN,U11112,SEATON PARK MEDICAL GROUP,,,,,,19809
202506,QHM,00L00,WANSBECK PCN,U11112,THE GABLES MEDICAL GROUP,,,,,,6314
202506,QHM,00L00,WELL UP NORTH PCN,U25545,ALNWICK MEDICAL GROUP,,,,,,18945
202506,QHM,00L00,WELL UP NORTH PCN,U25545,BELFORD MEDICAL PRACTICE,,,,,,4497
202506,QHM,00L00,WELL UP NORTH PCN,U25545,GAS HOUSE LANE SURGERY,,,,,,7209
202506,QHM,00L00,WELL UP NORTH PCN,U25545,GREYSTOKE SURGERY,,,,,,10845
202506,QHM,00L00,WELL UP NORTH PCN,U25545,UNION BRAE & NORHAM PRAC,,,,,,7153
202506,QHM,00L00,WELL UP NORTH PCN,U25545,WELL CLOSE MEDICAL GROUP,,,,,,9189
202506,QHM,00L00,WELL UP NORTH PCN,U25545,WOOLER HEALTH,,,,,,4904
202506,QHM,00L00,WEST NORTHUMBERLAND PCN,U05512,BELLINGHAM PRACTICE,,,,,,3442
202506,QHM,00L00,WEST NORTHUMBERLAND PCN,U05512,BRANCH END SURGERY,,,,,,5390
202506,QHM,00L00,WEST NORTHUMBERLAND PCN,U05512,BURN BRAE MEDICAL GROUP,,,,,,10432
202506,QHM,00L00,WEST NORTHUMBERLAND PCN,U05512,CORBRIDGE HEALTH CENTRE,,,,,,7294
202506,QHM,00L00,WEST NORTHUMBERLAND PCN,U05512,HALTWHISTLE MEDICAL GROUP,,,,,,5564
202506,QHM,00L00,WEST NORTHUMBERLAND PCN,U05512,HUMSHAUGH & WARK MED GRP,,,,,,3393
202506,QHM,00L00,WEST NORTHUMBERLAND PCN,U05512,PRUDHOE MEDICAL GROUP,,,,,,6878
202506,QHM,00L00,WEST NORTHUMBERLAND PCN,U05512,SCOTS GAP MEDICAL GROUP,,,,,,2167
202506,QHM,00L00,WEST NORTHUMBERLAND PCN,U05512,THE SELE MEDICAL PRACTICE,,,,,,5867
202506,QHM,00L00,WEST NORTHUMBERLAND PCN,U05512,WHITE MEDICAL GROUP,,,,,,8650
202506,QHM,00N00,SOUTH TYNESIDE EAST PCN,U20256,FARNHAM MEDICAL CTR.,,,,,,16806
202506,QHM,00N00,SOUTH TYNESIDE EAST PCN,U20256,ST GEORGE & RIVERSIDE MEDICAL PRACTICE,,,,,,7426
202506,QHM,00N00,SOUTH TYNESIDE EAST PCN,U20256,TALBOT MEDICAL CENTRE,,,,,,7804
202506,QHM,00N00,SOUTH TYNESIDE EAST PCN,U20256,TRINITY MEDICAL CENTRE,,,,,,6382
202506,QHM,00N00,SOUTH TYNESIDE EAST PCN,U20256,WENLOCK ROAD SURGERY,,,,,,4418
202506,QHM,00N00,SOUTH TYNESIDE EAST PCN,U20256,WEST VIEW SURGERY,,,,,,2873
202506,QHM,00N00,SOUTH TYNESIDE SOUTH PCN,U89118,CENTRAL SURGERY,,,,,,19183
202506,QHM,00N00,SOUTH TYNESIDE SOUTH PCN,U89118,COLLIERY COURT MEDICAL GROUP,,,,,,8323
202506,QHM,00N00,SOUTH TYNESIDE SOUTH PCN,U89118,DR THORNILEY-WALKER & PARTNERS,,,,,,6000
202506,QHM,00N00,SOUTH TYNESIDE SOUTH PCN,U89118,IMEARY MEDICAL GROUP,,,,,,4396
202506,QHM,00N00,SOUTH TYNESIDE SOUTH PCN,U89118,MARSDEN MEDICAL GROUP,,,,,,22824
202506,QHM,00N00,SOUTH TYNESIDE SOUTH PCN,U89118,WHITBURN SURGERY,,,,,,5341
202506,QHM,00N00,SOUTH TYNESIDE WEST PCN,U37826,ALBERT ROAD SURGERY,,,,,,3476
202506,QHM,00N00,SOUTH TYNESIDE WEST PCN,U37826,EAST WING PRACTICE,,,,,,4250
202506,QHM,00N00,SOUTH TYNESIDE WEST PCN,U37826,ELLISON VIEW SURGERY,,,,,,6046
202506,QHM,00N00,SOUTH TYNESIDE WEST PCN,U37826,MAYFIELD MEDICAL GROUP,,,,,,9005
202506,QHM,00N00,SOUTH TYNESIDE WEST PCN,U37826,RAVENSWORTH SURGERY,,,,,,5951
202506,QHM,00N00,SOUTH TYNESIDE WEST PCN,U37826,THE G.P.SUITE,,,,,,4355
202506,QHM,00N00,SOUTH TYNESIDE WEST PCN,U37826,THE GLEN MEDICAL GROUP,,,,,,11149
202506,QHM,00N00,SOUTH TYNESIDE WEST PCN,U37826,VICTORIA MEDICAL CENTRE,,,,,,3654
202506,QHM,00P00,COALFIELDS PCN,U69720,GRANGEWOOD SURGERY,,,,,,7452
202506,QHM,00P00,COALFIELDS PCN,U69720,HERRINGTON MEDICAL CENTRE,,,,,,9664
202506,QHM,00P00,COALFIELDS PCN,U69720,HETTON GROUP PRACTICE,,,,,,11848
202506,QHM,00P00,COALFIELDS PCN,U69720,"HOUGHTON MEDICAL GROUP,",,,,,,8433
202506,QHM,00P00,COALFIELDS PCN,U69720,KEPIER MEDICAL PRACTICE,,,,,,8546
202506,QHM,00P00,COALFIELDS PCN,U69720,WESTBOURNE MEDICAL GROUP,,,,,,6651
202506,QHM,00P00,DUMMY,-,PALLION PRIMARY CARE SERVICES,,,,,,34
202506,QHM,00P00,SUNDERLAND CENTRAL PCN,U05458,HAPPY HOUSE SURGERY,,,,,,8142
202506,QHM,00P00,SUNDERLAND CENTRAL PCN,U05458,NEW SILKSWORTH MEDICAL PRACTICE,,,,,,9194
202506,QHM,00P00,SUNDERLAND CENTRAL PCN,U05458,SPRINGWELL MEDICAL GROUP,,,,,,6380
202506,QHM,00P00,SUNDERLAND CENTRAL PCN,U05458,SUNDERLAND GP ALLIANCE SOUTH HYLTON SURG,,,,,,4532
202506,QHM,00P00,SUNDERLAND CENTRAL PCN,U05458,VILLAGE SURGERY PARTNERSHIP,,,,,,4826
202506,QHM,00P00,SUNDERLAND EAST PCN,U52297,ASHBURN MEDICAL CENTRE,,,,,,5280
202506,QHM,00P00,SUNDERLAND EAST PCN,U52297,DEERNESS PARK MEDICAL GROUP,,,,,,13536
202506,QHM,00P00,SUNDERLAND EAST PCN,U52297,PARK LANE PRACTICE,,,,,,4303
202506,QHM,00P00,SUNDERLAND EAST PCN,U52297,RIVERVIEW SURGERY,,,,,,6950
202506,QHM,00P00,SUNDERLAND EAST PCN,U52297,SOUTHLANDS MEDICAL GROUP,,,,,,10609
202506,QHM,00P00,SUNDERLAND EAST PCN,U52297,THE NEW CITY MEDICAL GROUP,,,,,,5654
202506,QHM,00P00,SUNDERLAND EAST PCN,U52297,VILLETTE SURGERY,,,,,,5817
202506,QHM,00P00,SUNDERLAND NORTH PCN,U43314,BRIDGE VIEW MEDICAL GROUP,,,,,,14842
202506,QHM,00P00,SUNDERLAND NORTH PCN,U43314,CASTLETOWN MEDICAL CENTRE,,,,,,2130
202506,QHM,00P00,SUNDERLAND NORTH PCN,U43314,"FULWELL MEDICAL CENTRE,",,,,,,9219
202506,QHM,00P00,SUNDERLAND NORTH PCN,U43314,MONKWEARMOUTH HEALTH CENTRE,,,,,,4626
202506,QHM,00P00,SUNDERLAND NORTH PCN,U43314,RED HOUSE MEDICAL CENTRE,,,,,,5534
202506,QHM,00P00,SUNDERLAND NORTH PCN,U43314,ST BEDE MEDICAL CENTRE,,,,,,9326
202506,QHM,00P00,SUNDERLAND WEST 1 PCN,U14646,CHESTER SURGERY,,,,,,3055
202506,QHM,00P00,SUNDERLAND WEST 1 PCN,U14646,FORGE MEDICAL PRACTICE,,,,,,8590
202506,QHM,00P00,SUNDERLAND WEST 1 PCN,U14646,HYLTON MEDICAL GROUP,,,,,,7223
202506,QHM,00P00,SUNDERLAND WEST 1 PCN,U14646,MILLFIELD MEDICAL GROUP,,,,,,14424
202506,QHM,00P00,SUNDERLAND WEST 1 PCN,U14646,PALLION FAMILY PRACTICE,,,,,,10042
202506,QHM,00P00,SUNDERLAND WEST 1 PCN,U14646,THE BROADWAY MEDICAL PRACTICE,,,,,,7804
202506,QHM,00P00,SUNDERLAND WEST 1 PCN,U14646,WEARSIDE MEDICAL PRACTICE - PALLION,,,,,,7968
202506,QHM,00P00,WASHINGTON PCN,U61868,CONCORD MEDICAL PRACTICE,,,,,,5204
202506,QHM,00P00,WASHINGTON PCN,U61868,GALLERIES MEDICAL PRACTICE,,,,,,11568
202506,QHM,00P00,WASHINGTON PCN,U61868,I J HEALTHCARE,,,,,,3578
202506,QHM,00P00,WASHINGTON PCN,U61868,NEW WASHINGTON MEDICAL GROUP,,,,,,7206
202506,QHM,00P00,WASHINGTON PCN,U61868,RICKLETON MEDICAL CENTRE,,,,,,2834
202506,QHM,00P00,WASHINGTON PCN,U61868,SUNDERLAND GP ALLIANCE MEDICAL PRACTICE,,,,,,10063
202506,QHM,00P00,WASHINGTON PCN,U61868,THE STEPHENSON MEDICAL PRACTICE,,,,,,12246
202506,QHM,01H00,CARLISLE HEALTHCARE PCN,U92223,BRAMPTON MEDICAL PRACTICE,,,,,,16737
202506,QHM,01H00,CARLISLE HEALTHCARE PCN,U92223,CARLISLE HEALTHCARE,,,,,,40266
202506,QHM,01H00,CARLISLE HEALTHCARE PCN,U92223,LONGTOWN MEDICAL CENTRE,,,,,,3845
202506,QHM,01H00,CARLISLE HEALTHCARE PCN,U92223,SPENCER ST SURGERY,,,,,,13609
202506,QHM,01H00,CARLISLE PCN,U66688,CARLISLE CENTRAL PRACTICE,,,,,,13488
202506,QHM,01H00,CARLISLE PCN,U66688,EDEN MEDICAL GROUP,,,,,,15472
202506,QHM,01H00,CARLISLE PCN,U66688,WARWICK SQUARE GROUP PRACTICE,,,,,,7861
202506,QHM,01H00,COCKERMOUTH & MARYPORT PCN,U76572,CASTLEGATE AND DERWENT SURGERY,,,,,,18153
202506,QHM,01H00,COCKERMOUTH & MARYPORT PCN,U76572,MARYPORT HEALTH SERVICES,,,,,,13855
202506,QHM,01H00,COPELAND HAVEN PCN,U94879,DISTINGTON SURGERY,,,,,,6401
202506,QHM,01H00,COPELAND HAVEN PCN,U94879,MANSION HOUSE SURGERY,,,,,,7619
202506,QHM,01H00,COPELAND HAVEN PCN,U94879,WESTCROFT HOUSE SURGERY,,,,,,6229
202506,QHM,01H00,COPELAND PCN,U48302,FELLVIEW HEALTHCARE,,,,,,23114
202506,QHM,01H00,COPELAND PCN,U48302,LOWTHER MEDICAL CENTRE,,,,,,13780
202506,QHM,01H00,COPELAND PCN,U48302,SEASCALE HEALTH CENTRE,,,,,,5939
202506,QHM,01H00,EDEN (CUMBRIA) PCN,U08085,ALSTON MEDICAL PRACTICE,,,,,,2212
202506,QHM,01H00,EDEN (CUMBRIA) PCN,U08085,APPLEBY MEDICAL PRACTICE,,,,,,5128
202506,QHM,01H00,EDEN (CUMBRIA) PCN,U08085,BIRBECK MEDICAL GROUP,,,,,,14511
202506,QHM,01H00,EDEN (CUMBRIA) PCN,U08085,COURT THORN SURGERY,,,,,,3755
202506,QHM,01H00,EDEN (CUMBRIA) PCN,U08085,GLENRIDDING HEALTH CENTRE,,,,,,975
202506,QHM,01H00,EDEN (CUMBRIA) PCN,U08085,KIRKOSWALD SURGERY,,,,,,2794
202506,QHM,01H00,EDEN (CUMBRIA) PCN,U08085,SHAP MEDICAL PRACTICE,,,,,,3312
202506,QHM,01H00,EDEN (CUMBRIA) PCN,U08085,TEMPLE SOWERBY MEDICAL PRACTICE,,,,,,4652
202506,QHM,01H00,EDEN (CUMBRIA) PCN,U08085,THE LAKES MEDICAL PRACTICE,,,,,,11597
202506,QHM,01H00,EDEN (CUMBRIA) PCN,U08085,UPPER EDEN MEDICAL PRACTICE,,,,,,6513
202506,QHM,01H00,KESWICK & SOLWAY PCN,U25680,ASPATRIA MEDICAL GROUP,,,,,,7218
202506,QHM,01H00,KESWICK & SOLWAY PCN,U25680,CALDBECK SURGERY,,,,,,4276
202506,QHM,01H00,KESWICK & SOLWAY PCN,U25680,CASTLEHEAD MEDICAL CENTRE,,,,,,8369
202506,QHM,01H00,KESWICK & SOLWAY PCN,U25680,DALSTON MEDICAL GROUP,,,,,,5154
202506,QHM,01H00,KESWICK & SOLWAY PCN,U25680,SILLOTH GROUP MEDICAL PRACTICE,,,,,,4420
202506,QHM,01H00,KESWICK & SOLWAY PCN,U25680,THE CROFT SURGERY,,,,,,3551
202506,QHM,01H00,KESWICK & SOLWAY PCN,U25680,WIGTON GROUP MEDICAL PRACTICE,,,,,,9124
202506,QHM,01H00,WORKINGTON PCN,U67303,JAMES STREET GROUP PRACT,,,,,,33280
202506,QHM,13T00,BIRTLEY AND CENTRAL GATESHEAD PCN,U76028,BIRTLEY MEDICAL GROUP,,,,,,15307
202506,QHM,13T00,BIRTLEY AND CENTRAL GATESHEAD PCN,U76028,OXFORD TCE & RAWLING RD MEDICAL GROUP,,,,,,17900
202506,QHM,13T00,BIRTLEY AND CENTRAL GATESHEAD PCN,U76028,SECOND STREET SURGERY,,,,,,4548
202506,QHM,13T00,BIRTLEY AND CENTRAL GATESHEAD PCN,U76028,THE BRIDGES MEDICAL PRACTICE,,,,,,8217
202506,QHM,13T00,GATESHEAD CENTRAL SOUTH PCN,U91254,BEACON VIEW MEDICAL CENTRE,,,,,,5731
202506,QHM,13T00,GATESHEAD CENTRAL SOUTH PCN,U91254,BENSHAM FAMILY PRACTICE,,,,,,3818
202506,QHM,13T00,GATESHEAD CENTRAL SOUTH PCN,U91254,BEWICK ROAD SURGERY,,,,,,8334
202506,QHM,13T00,GATESHEAD CENTRAL SOUTH PCN,U91254,CENTRAL GATESHEAD MEDICAL GROUP,,,,,,10596
202506,QHM,13T00,GATESHEAD CENTRAL SOUTH PCN,U91254,FELL COTTAGE SURGERY,,,,,,8707
202506,QHM,13T00,GATESHEAD CENTRAL SOUTH PCN,U91254,FELL TOWER MEDICAL CENTRE,,,,,,7485
202506,QHM,13T00,GATESHEAD CENTRAL SOUTH PCN,U91254,MILLENNIUM FAMILY PRACTICE,,,,,,3813
202506,QHM,13T00,GATESHEAD CENTRAL SOUTH PCN,U91254,WREKENTON MEDICAL GROUP,,,,,,12191
202506,QHM,13T00,GATESHEAD EAST PCN,U13720,CROWHALL MEDICAL CENTRE,,,,,,6483
202506,QHM,13T00,GATESHEAD EAST PCN,U13720,LONGRIGG MEDICAL CENTRE,,,,,,10144
202506,QHM,13T00,GATESHEAD EAST PCN,U13720,PELAW MEDICAL PRACTICE,,,,,,5534
202506,QHM,13T00,GATESHEAD EAST PCN,U13720,ST. ALBANS MEDICAL GROUP,,,,,,7224
202506,QHM,13T00,GATESHEAD INNER WEST PCN,U33691,CHAINBRIDGE MEDICAL PARTNERSHIP,,,,,,11520
202506,QHM,13T00,GATESHEAD INNER WEST PCN,U33691,GLENPARK & TEAMS MEDICAL SERVICES,,,,,,14533
202506,QHM,13T00,GATESHEAD INNER WEST PCN,U33691,SUNNISIDE SURGERY,,,,,,3862
202506,QHM,13T00,GATESHEAD INNER WEST PCN,U33691,WHICKHAM COTTAGE MEDICAL CENTRE,,,,,,15629
202506,QHM,13T00,GATESHEAD OUTER WEST PCN,U41930,CHOPWELL PRIMARY HEALTHCARE CENTRE,,,,,,2566
202506,QHM,13T00,GATESHEAD OUTER WEST PCN,U41930,CRAWCROOK MEDICAL CENTRE,,,,,,20294
202506,QHM,13T00,GATESHEAD OUTER WEST PCN,U41930,HOLLYHURST MEDICAL CENTRE,,,,,,4944
202506,QHM,13T00,GATESHEAD OUTER WEST PCN,U41930,OLDWELL SURGERY,,,,,,4772
202506,QHM,13T00,JESMOND - LOWER GOSFORTH PCN,U34146,JESMOND HEALTH PARTNERSHIP,,,,,,27296
202506,QHM,13T00,JESMOND - LOWER GOSFORTH PCN,U34146,ROSEWORTH SURGERY,,,,,,5829
202506,QHM,13T00,JESMOND - LOWER GOSFORTH PCN,U34146,THE GROVE MEDICAL GROUP,,,,,,13256
202506,QHM,13T00,NEWCASTLE CENTRAL HEALTH PCN,U43524,SAVILLE MEDICAL GROUP,,,,,,42179
202506,QHM,13T00,NEWCASTLE EAST PCN,U17849,BENFIELD PARK MEDICAL GROUP,,,,,,10378
202506,QHM,13T00,NEWCASTLE EAST PCN,U17849,BIDDLESTONE HEALTH GROUP,,,,,,10736
202506,QHM,13T00,NEWCASTLE EAST PCN,U17849,HEATON ROAD SURGERY,,,,,,7138
202506,QHM,13T00,NEWCASTLE EAST PCN,U17849,NEWCASTLE MEDICAL CENTRE,,,,,,21308
202506,QHM,13T00,NEWCASTLE EAST PCN,U17849,ST.ANTHONY'S HEALTH CENTRE,,,,,,6609
202506,QHM,13T00,NEWCASTLE EAST PCN,U17849,THORNFIELD MEDICAL GROUP,,,,,,20339
202506,QHM,13T00,NEWCASTLE EAST PCN,U17849,WALKER MEDICAL GROUP,,,,,,10744
202506,QHM,13T00,NEWCASTLE INNER WEST PCN,U45898,BETTS AVENUE MEDICAL GROUP,,,,,,10758
202506,QHM,13T00,NEWCASTLE INNER WEST PCN,U45898,DILSTON MEDICAL CENTRE,,,,,,9730
202506,QHM,13T00,NEWCASTLE INNER WEST PCN,U45898,ELSWICK FAMILY PRACTICE,,,,,,8373
202506,QHM,13T00,NEWCASTLE INNER WEST PCN,U45898,FENHAM HALL SURGERY,,,,,,10855
202506,QHM,13T00,NEWCASTLE INNER WEST PCN,U45898,PROSPECT MEDICAL CENTRE,,,,,,14628
202506,QHM,13T00,NEWCASTLE OUTER WEST PCN,U87170,DENTON PARK MEDICAL GROUP,,,,,,7450
202506,QHM,13T00,NEWCASTLE OUTER WEST PCN,U87170,DENTON TURRET MEDICAL CENTRE,,,,,,9053
202506,QHM,13T00,NEWCASTLE OUTER WEST PCN,U87170,NEWBURN SURGERY,,,,,,6204
202506,QHM,13T00,NEWCASTLE OUTER WEST PCN,U87170,PARKWAY MEDICAL GROUP,,,,,,8438
202506,QHM,13T00,NEWCASTLE OUTER WEST PCN,U87170,THROCKLEY PRIMARY CARE CENTRE,,,,,,7477
202506,QHM,13T00,NEWCASTLE OUTER WEST PCN,U87170,WESTERHOPE MEDICAL GROUP,,,,,,13823
202506,QHM,13T00,NORTH GOSFORTH PCN,U70624,BRUNTON PARK,Chloral hydrate (0401010B0),2,488.5248,30,30,8256
202506,QHM,13T00,NORTH GOSFORTH PCN,U70624,PARK MEDICAL GROUP,,,,,,13311
202506,QHM,13T00,NORTH GOSFORTH PCN,U70624,REGENT MEDICAL CENTRE,,,,,,7603
202506,QHM,13T00,WEST END FAMILY HEALTH PCN,U44695,CRUDDAS PARK SURGERY,,,,,,11666
202506,QHM,13T00,WEST END FAMILY HEALTH PCN,U44695,HOLMSIDE MEDICAL GROUP,,,,,,10079
202506,QHM,13T00,WEST END FAMILY HEALTH PCN,U44695,WEST ROAD MEDICAL CENTRE,,,,,,12461
202506,QHM,16C00,BILLINGHAM & NORTON PCN,U94460,DR RASOOL,,,,,,2189
202506,QHM,16C00,BILLINGHAM & NORTON PCN,U94460,KINGSWAY MEDICAL CENTRE,,,,,,9973
202506,QHM,16C00,BILLINGHAM & NORTON PCN,U94460,MARSH HOUSE MEDICAL PRACTICE,,,,,,8540
202506,QHM,16C00,BILLINGHAM & NORTON PCN,U94460,MELROSE SURGERY,,,,,,2364
202506,QHM,16C00,BILLINGHAM & NORTON PCN,U94460,NORTON MEDICAL CENTRE,,,,,,16293
202506,QHM,16C00,BILLINGHAM & NORTON PCN,U94460,QUEENSTREE PRACTICE,,,,,,4152
202506,QHM,16C00,BILLINGHAM & NORTON PCN,U94460,THE ROSEBERRY PRACTICE,,,,,,7912
202506,QHM,16C00,BYTES PCN,U63844,EAGLESCLIFFE MEDICAL PRACTICE,,,,,,12857
202506,QHM,16C00,BYTES PCN,U63844,PARK LANE SURGERY,,,,,,5451
202506,QHM,16C00,BYTES PCN,U63844,THORNABY & BARWICK MEDICAL GROUP,,,,,,20919
202506,QHM,16C00,BYTES PCN,U63844,YARM MEDICAL PRACTICE,,,,,,14385
202506,QHM,16C00,CENTRAL MIDDLESBROUGH PCN,U55830,MARTONSIDE MEDICAL CENTRE,,,,,,7897
202506,QHM,16C00,CENTRAL MIDDLESBROUGH PCN,U55830,PARK SURGERY,,,,,,12356
202506,QHM,16C00,CENTRAL MIDDLESBROUGH PCN,U55830,PROSPECT SURGERY,,,,,,7057
202506,QHM,16C00,CENTRAL MIDDLESBROUGH PCN,U55830,THE DISCOVERY PRACTICE,,,,,,8449
202506,QHM,16C00,CENTRAL MIDDLESBROUGH PCN,U55830,THE ENDEAVOUR PRACTICE,,,,,,8567
202506,QHM,16C00,CENTRAL MIDDLESBROUGH PCN,U55830,THE ERIMUS PRACTICE,Chloral hydrate (0401010B0),1,651.4424,40,40,6503
202506,QHM,16C00,CENTRAL MIDDLESBROUGH PCN,U55830,THORNTREE SURGERY,,,,,,2750
202506,QHM,16C00,DARLINGTON PCN,U45102,BLACKETTS MEDICAL PRACTICE,,,,,,11506
202506,QHM,16C00,DARLINGTON PCN,U45102,CARMEL MEDICAL PRACTICE,,,,,,11726
202506,QHM,16C00,DARLINGTON PCN,U45102,CLIFTON COURT MEDICAL PRACTICE,,,,,,12289
202506,QHM,16C00,DARLINGTON PCN,U45102,DENMARK STREET SURGERY,,,,,,15016
202506,QHM,16C00,DARLINGTON PCN,U45102,MIDDLETON AND DINSDALE MEDICAL PRACTICE,,,,,,5912
202506,QHM,16C00,DARLINGTON PCN,U45102,MOORLANDS SURGERY,,,,,,13240
202506,QHM,16C00,DARLINGTON PCN,U45102,NEASHAM ROAD SURGERY,,,,,,13364
202506,QHM,16C00,DARLINGTON PCN,U45102,ORCHARD COURT SURGERY,,,,,,8637
202506,QHM,16C00,DARLINGTON PCN,U45102,PARKGATE SURGERY,,,,,,4855
202506,QHM,16C00,DARLINGTON PCN,U45102,ROCKLIFFE COURT SURGERY,,,,,,6243
202506,QHM,16C00,DARLINGTON PCN,U45102,WHINFIELD MEDICAL PRACTICE,,,,,,12162
202506,QHM,16C00,DUMMY,-,THE RIDGEWAY HEALTH CENTRE,,,,,,10
202506,QHM,16C00,EAST CLEVELAND PCN,U07842,BROTTON SURGERY,,,,,,7698
202506,QHM,16C00,EAST CLEVELAND PCN,U07842,HILLSIDE PRACTICE,,,,,,9384
202506,QHM,16C00,EAST CLEVELAND PCN,U07842,SPRINGWOOD SURGERY,,,,,,7618
202506,QHM,16C00,EAST CLEVELAND PCN,U07842,THE GARTH,,,,,,11632
202506,QHM,16C00,EAST CLEVELAND PCN,U07842,WOODSIDE SURGERY,,,,,,5843
202506,QHM,16C00,ESTON PCN,U85257,CAMBRIDGE MEDICAL GROUP,,,,,,7283
202506,QHM,16C00,ESTON PCN,U85257,NORMANBY MEDICAL CENTRE,Chloral hydrate (0401010B0),1,488.5124,30,30,22879
202506,QHM,16C00,ESTON PCN,U85257,SOUTH GRANGE MEDICAL GROUP PRACTICE,,,,,,15483
202506,QHM,16C00,ESTON PCN,U85257,THE ESTON SURGERY ( D 01-Oct-25 ),,,,,,3703
202506,QHM,16C00,GREATER MIDDLESBROUGH PCN,U02671,ACKLAM MEDICAL CENTRE,Chloral hydrate (0401010B0),3,2442.5372,150,150,11327
202506,QHM,16C00,GREATER MIDDLESBROUGH PCN,U02671,COULBY MEDICAL PRACTICE,,,,,,9258
202506,QHM,16C00,GREATER MIDDLESBROUGH PCN,U02671,CROSSFELL HEALTH CENTRE,,,,,,8870
202506,QHM,16C00,GREATER MIDDLESBROUGH PCN,U02671,HIRSEL MEDICAL CENTRE,,,,,,3774
202506,QHM,16C00,GREATER MIDDLESBROUGH PCN,U02671,KINGS MEDICAL CENTRE,,,,,,6445
202506,QHM,16C00,GREATER MIDDLESBROUGH PCN,U02671,NEWLANDS MEDICAL CENTRE,,,,,,9721
202506,QHM,16C00,GREATER MIDDLESBROUGH PCN,U02671,PARKWAY MEDICAL CENTRE,,,,,,9472
202506,QHM,16C00,GREATER MIDDLESBROUGH PCN,U02671,WESTBOURNE MEDICAL CENTRE,,,,,,5680
202506,QHM,16C00,HARTLEPOOL HEALTH PCN,U40502,MCKENZIE GROUP PRACTICE,,,,,,6178
202506,QHM,16C00,HARTLEPOOL HEALTH PCN,U40502,MCKENZIE HOUSE SURGERY,Chloral hydrate (0401010B0),1,911.9824,56,56,19049
202506,QHM,16C00,HARTLEPOOL HEALTH PCN,U40502,THE HEADLAND MEDICAL CENTRE,,,,,,5367
202506,QHM,16C00,HARTLEPOOL PCN,U70212,GLADSTONE HOUSE SURGERY,,,,,,5649
202506,QHM,16C00,HARTLEPOOL PCN,U70212,HART MEDICAL PRACTICE,,,,,,9420
202506,QHM,16C00,HARTLEPOOL PCN,U70212,THE PATEL PRACTICE,,,,,,4067
202506,QHM,16C00,HARTLEPOOL PCN,U70212,WEST QUAY MEDICAL PRACTICE,,,,,,6313
202506,QHM,16C00,HARTLEPOOL PCN,U70212,WEST VIEW MILLENIUM SURGERY A,,,,,,7504
202506,QHM,16C00,HOLGATE PCN,U85008,BOROUGH ROAD & NUNTHORPE MEDICAL GROUP,,,,,,16820
202506,QHM,16C00,HOLGATE PCN,U85008,LINTHORPE SURGERY,,,,,,20953
202506,QHM,16C00,HOLGATE PCN,U85008,VILLAGE MEDICAL CENTRE,,,,,,8066
202506,QHM,16C00,NORTH STOCKTON PCN,U07032,ALMA MEDICAL CENTRE,Chloral hydrate (0401010B0),2,1465.5248,90,90,10939
202506,QHM,16C00,NORTH STOCKTON PCN,U07032,QUEENS PARK MEDICAL CENTRE,,,,,,18727
202506,QHM,16C00,NORTH STOCKTON PCN,U07032,TENNANT STREET MEDICAL PRACTICE,,,,,,14644
202506,QHM,16C00,ONE LIFE HARTLEPOOL PCN,U27349,BANKHOUSE SURGERY,,,,,,10588
202506,QHM,16C00,ONE LIFE HARTLEPOOL PCN,U27349,CHADWICK PRACTICE,,,,,,11888
202506,QHM,16C00,ONE LIFE HARTLEPOOL PCN,U27349,HAVELOCK GRANGE PRACTICE,,,,,,13668
202506,QHM,16C00,REDCAR COASTAL PCN,U23714,BENTLEY MEDICAL PRACTICE,,,,,,10228
202506,QHM,16C00,REDCAR COASTAL PCN,U23714,HUNTCLIFF SURGERY,,,,,,9956
202506,QHM,16C00,REDCAR COASTAL PCN,U23714,THE COATHAM ROAD SURGERY,Chloral hydrate (0401010B0),1,488.5124,30,30,6248
202506,QHM,16C00,REDCAR COASTAL PCN,U23714,THE GREEN HOUSE SURGERY,,,,,,9963
202506,QHM,16C00,REDCAR COASTAL PCN,U23714,THE RAVENSCAR SURGERY,Chloral hydrate (0401010B0),3,814.3072,50,50,3395
202506,QHM,16C00,REDCAR COASTAL PCN,U23714,THE SALTSCAR SURGERY,,,,,,8526
202506,QHM,16C00,REDCAR COASTAL PCN,U23714,ZETLAND MEDICAL PRACTICE,,,,,,7041
202506,QHM,16C00,STOCKTON PCN,U89141,ELM TREE SURGERY,,,,,,15950
202506,QHM,16C00,STOCKTON PCN,U89141,RIVERSIDE MEDICAL PRACTICE,,,,,,10480
202506,QHM,16C00,STOCKTON PCN,U89141,THE DENSHAM SURGERY,,,,,,3878
202506,QHM,16C00,STOCKTON PCN,U89141,THE DOVECOT SURGERY,,,,,,4086
202506,QHM,16C00,STOCKTON PCN,U89141,WOODBRIDGE PRACTICE,,,,,,18353
202506,QHM,16C00,STOCKTON PCN,U89141,WOODLANDS FAMILY MEDICAL CENTRE,,,,,,12287
202506,QHM,84H00,BISHOP AUCKLAND PCN,U85067,AUCKLAND MEDICAL GROUP,,,,,,15940
202506,QHM,84H00,BISHOP AUCKLAND PCN,U85067,BISHOPGATE MEDICAL CENTRE,,,,,,13706
202506,QHM,84H00,BISHOP AUCKLAND PCN,U85067,STATION VIEW MEDICAL CENTRE,,,,,,9706
202506,QHM,84H00,CHESTER LE STREET PCN,U77096,BRIDGE END SURGERY,,,,,,7700
202506,QHM,84H00,CHESTER LE STREET PCN,U77096,CESTRIA HEALTH CENTRE,,,,,,12679
202506,QHM,84H00,CHESTER LE STREET PCN,U77096,GREAT LUMLEY SURGERY,,,,,,5229
202506,QHM,84H00,CHESTER LE STREET PCN,U77096,MIDDLE CHARE MEDICAL GROUP,,,,,,9388
202506,QHM,84H00,CHESTER LE STREET PCN,U77096,PELTON & FELLROSE MEDICAL GROUP,,,,,,10165
202506,QHM,84H00,CHESTER LE STREET PCN,U77096,SACRISTON MEDICAL CENTRE,,,,,,10729
202506,QHM,84H00,CHESTER LE STREET PCN,U77096,VILLAGES MEDICAL GROUP,,,,,,4113
202506,QHM,84H00,CLAYPATH & UNIVERSITY MEDICAL GROUP PCN,U38486,CLAYPATH & UNIVERSITY MEDICAL GROUP,,,,,,32304
202506,QHM,84H00,DERWENTSIDE PCN,U70497,ANNFIELD PLAIN SURGERY,,,,,,3597
202506,QHM,84H00,DERWENTSIDE PCN,U70497,BROWNEY HOUSE SURGERY,,,,,,2659
202506,QHM,84H00,DERWENTSIDE PCN,U70497,CEDARS MEDICAL GROUP,,,,,,6192
202506,QHM,84H00,DERWENTSIDE PCN,U70497,CONSETT MEDICAL CENTRE,Chloral hydrate (0401010B0),1,244.2624,15,15,16784
202506,QHM,84H00,DERWENTSIDE PCN,U70497,DRS LAMBERT & NG,,,,,,5288
202506,QHM,84H00,DERWENTSIDE PCN,U70497,LANCHESTER MEDICAL CENTRE,,,,,,4187
202506,QHM,84H00,DERWENTSIDE PCN,U70497,LEADGATE SURGERY,,,,,,5809
202506,QHM,84H00,DERWENTSIDE PCN,U70497,OAKFIELDS HEALTH GROUP,,,,,,7697
202506,QHM,84H00,DERWENTSIDE PCN,U70497,QUEENS ROAD SURGERY,,,,,,16368
202506,QHM,84H00,DERWENTSIDE PCN,U70497,STANLEY MEDICAL GROUP,,,,,,12542
202506,QHM,84H00,DERWENTSIDE PCN,U70497,TANFIELD VIEW MEDICAL GROUP,Chloral hydrate (0401010B0),1,488.5124,30,30,10799
202506,QHM,84H00,DERWENTSIDE PCN,U70497,THE HAVEN SURGERY,,,,,,1745
202506,QHM,84H00,DURHAM COAST PCN,U26864,BEVAN MEDICAL GROUP,,,,,,8640
202506,QHM,84H00,DURHAM COAST PCN,U26864,EAST DURHAM MEDICAL GROUP,,,,,,18244
202506,QHM,84H00,DURHAM COAST PCN,U26864,SOUTHDENE MEDICAL CENTRE,,,,,,3391
202506,QHM,84H00,DURHAM COAST PCN,U26864,WINGATE MEDICAL PRACTICE INTRAHEALTH,,,,,,3543
202506,QHM,84H00,DURHAM EAST PCN,U53962,BELMONT & SHERBURN MEDICAL GROUP,Chloral hydrate (0401010B0),1,244.2624,15,15,6274
202506,QHM,84H00,DURHAM EAST PCN,U53962,BOWBURN MEDICAL CENTRE,,,,,,4583
202506,QHM,84H00,DURHAM EAST PCN,U53962,CHEVELEY PARK MEDICAL CTR,,,,,,5075
202506,QHM,84H00,DURHAM EAST PCN,U53962,COXHOE MEDICAL PRACTICE,,,,,,7652
202506,QHM,84H00,DURHAM EAST PCN,U53962,WEST RAINTON SURGERY,,,,,,5476
202506,QHM,84H00,DURHAM WEST PCN,U01989,CHASTLETON MEDICAL GROUP,,,,,,10340
202506,QHM,84H00,DURHAM WEST PCN,U01989,DUNELM MEDICAL PRACTICE,,,,,,14494
202506,QHM,84H00,DURHAM WEST PCN,U01989,THE MEDICAL GROUP,,,,,,26671
202506,QHM,84H00,EASINGTON CENTRAL PCN,U14615,BLACKHALL AND PETERLEE PRACTICE,,,,,,10252
202506,QHM,84H00,EASINGTON CENTRAL PCN,U14615,THE HORDEN GROUP PRACTICE,,,,,,8296
202506,QHM,84H00,EASINGTON CENTRAL PCN,U14615,WILLIAM BROWN CENTRE,Chloral hydrate (0401010B0),1,244.2624,15,15,15591
202506,QHM,84H00,NORTH EASINGTON PCN,U81825,BYRON MEDICAL PRACTICE,,,,,,8319
202506,QHM,84H00,NORTH EASINGTON PCN,U81825,MARLBOROUGH SURGERY,,,,,,11434
202506,QHM,84H00,NORTH EASINGTON PCN,U81825,MURTON MEDICAL CENTRE,,,,,,7349
202506,QHM,84H00,NORTH EASINGTON PCN,U81825,SILVERDALE FAMILY PRACTICE,,,,,,6639
202506,QHM,84H00,NORTH EASINGTON PCN,U81825,THE NEW SEAHAM MEDICAL GROUP,,,,,,4680
202506,QHM,84H00,SEDGEFIELD 1 PCN,U37593,BEWICK CRESCENT SURGERY,,,,,,13003
202506,QHM,84H00,SEDGEFIELD 1 PCN,U37593,HALLGARTH SURGERY,,,,,,5370
202506,QHM,84H00,SEDGEFIELD 1 PCN,U37593,JUBILEE MEDICAL GROUP,,,,,,12765
202506,QHM,84H00,SEDGEFIELD 1 PCN,U37593,PEASE WAY MEDICAL CENTRE,,,,,,12006
202506,QHM,84H00,SEDGEFIELD NORTH PCN,U12365,BISHOPS CLOSE MEDICAL PRACTICE,,,,,,8651
202506,QHM,84H00,SEDGEFIELD NORTH PCN,U12365,FERRYHILL AND CHILTON MEDICAL PRACTICE,,,,,,14881
202506,QHM,84H00,SEDGEFIELD NORTH PCN,U12365,SKERNE MEDICAL GROUP,,,,,,16861
202506,QHM,84H00,SEDGEFIELD NORTH PCN,U12365,ST ANDREW'S MEDICAL PRACTICE,,,,,,15740
202506,QHM,84H00,SEDGEFIELD NORTH PCN,U12365,WEST CORNFORTH MEDICAL CENTRE,,,,,,2758
202506,QHM,84H00,TEESDALE PCN,U31619,BARNARD CASTLE SURGERY,,,,,,11006
202506,QHM,84H00,TEESDALE PCN,U31619,EVENWOOD MEDICAL PRACTICE,,,,,,2293
202506,QHM,84H00,TEESDALE PCN,U31619,GAINFORD SURGERY,,,,,,3679
202506,QHM,84H00,TEESDALE PCN,U31619,OLD FORGE SURGERY,,,,,,2694
202506,QHM,84H00,TEESDALE PCN,U31619,PINFOLD MEDICAL PRACTICE,,,,,,2890
202506,QHM,84H00,TEESDALE PCN,U31619,WOODVIEW MEDICAL PRACTICE,,,,,,2616
202506,QHM,84H00,WEAR VALLEY PCN,U96202,NORTH HOUSE SURGERY,,,,,,13501
202506,QHM,84H00,WEAR VALLEY PCN,U96202,THE WEARDALE PRACTICE,,,,,,7177
202506,QHM,84H00,WEAR VALLEY PCN,U96202,WILLINGTON MEDICAL GROUP,,,,,,9170
202506,QHM,99C00,CRAMLINGTON SEATON VALLEY PCN,U24977,WOODLANDS PARK HEALTH CTR,,,,,,6670
202506,QHM,99C00,NORTH SHIELDS PCN,U91110,COLLINGWOOD HEALTH GROUP,,,,,,24517
202506,QHM,99C00,NORTH SHIELDS PCN,U91110,PRIORY MEDICAL GROUP,,,,,,15455
202506,QHM,99C00,NORTH SHIELDS PCN,U91110,REDBURN PARK MEDICAL CENTRE,,,,,,6259
202506,QHM,99C00,NORTH TYNESIDE NORTH WEST PCN,U95193,LANE END SURGERY,,,,,,9476
202506,QHM,99C00,NORTH TYNESIDE NORTH WEST PCN,U95193,MALLARD MEDICAL PRACTICE,Chloral hydrate (0401010B0),1,488.5124,30,30,5486
202506,QHM,99C00,NORTH TYNESIDE NORTH WEST PCN,U95193,STEPHENSON PARK HEALTH GROUP,,,,,,17806
202506,QHM,99C00,NORTH TYNESIDE NORTH WEST PCN,U95193,SWARLAND AVENUE SURGERY,,,,,,6696
202506,QHM,99C00,NORTH TYNESIDE NORTH WEST PCN,U95193,WELLSPRING MEDICAL PRACT.,,,,,,6524
202506,QHM,99C00,NORTH TYNESIDE NORTH WEST PCN,U95193,WEST FARM SURGERY,,,,,,6004
202506,QHM,99C00,NORTH TYNESIDE NORTH WEST PCN,U95193,WIDEOPEN MEDICAL CENTRE,,,,,,7515
202506,QHM,99C00,NORTHUMBRIA PCN,U09980,NPC NORTH TYNESIDE - SPRING TERRACE,Chloral hydrate (0401010B0),1,32.6824,2,2,21543
202506,QHM,99C00,WALLSEND PCN,U10386,BEWICKE MEDICAL CENTRE,,,,,,9303
202506,QHM,99C00,WALLSEND PCN,U10386,HADRIAN HEALTH CENTRE,,,,,,21049
202506,QHM,99C00,WALLSEND PCN,U10386,THE VILLAGE GREEN SURGERY,,,,,,12801
202506,QHM,99C00,WHITLEY BAY PCN,U02739,BEAUMONT PARK SURGERY,,,,,,6358
202506,QHM,99C00,WHITLEY BAY PCN,U02739,BRIDGE AND MONKSEATON MEDICAL PRACTICE,,,,,,13304
202506,QHM,99C00,WHITLEY BAY PCN,U02739,MARINE AVENUE MEDICAL CTR,,,,,,8914
202506,QHM,99C00,WHITLEY BAY PCN,U02739,NORTHUMBERLAND PARK MEDICAL GROUP,,,,,,9598
202506,QHM,99C00,WHITLEY BAY PCN,U02739,WHITLEY BAY HEALTH CENTRE,,,,,,13681
202507,QHM,00L00,BLYTH PCN,U25489,MARINE MEDICAL GROUP,,,,,,13901
202507,QHM,00L00,BLYTH PCN,U25489,RAILWAY MEDICAL GROUP,,,,,,26980
202507,QHM,00L00,CRAMLINGTON SEATON VALLEY PCN,U24977,FORUM FAMILY PRACTICE,,,,,,9127
202507,QHM,00L00,CRAMLINGTON SEATON VALLEY PCN,U24977,NETHERFIELD HOUSE,,,,,,6043
202507,QHM,00L00,CRAMLINGTON SEATON VALLEY PCN,U24977,VILLAGE MEDICAL GROUP,,,,,,11519
202507,QHM,00L00,DUMMY,-,RIVERSDALE SURGERY,,,,,,5934
202507,QHM,00L00,DUMMY,-,THE ADDERLANE SURGERY,,,,,,2209
202507,QHM,00L00,NORTHUMBRIA PCN,U09980,NPC AMBLE & BROOMHILL,,,,,,12206
202507,QHM,00L00,NORTHUMBRIA PCN,U09980,NPC CENTRAL NORTHUMBERLAND,,,,,,49492
202507,QHM,00L00,NORTHUMBRIA PCN,U09980,NPC CRAMLINGTON,,,,,,5475
202507,QHM,00L00,NORTHUMBRIA PCN,U09980,NPC ELSDON AVENUE,,,,,,4313
202507,QHM,00L00,NORTHUMBRIA PCN,U09980,NPC FELTON & WIDDRINGTON,,,,,,4663
202507,QHM,00L00,NORTHUMBRIA PCN,U09980,NPC HAYDON BRIDGE & ALLENDALE,,,,,,5289
202507,QHM,00L00,NORTHUMBRIA PCN,U09980,NPC PONTELAND,,,,,,10808
202507,QHM,00L00,NORTHUMBRIA PCN,U09980,NPC ROTHBURY,,,,,,6161
202507,QHM,00L00,WANSBECK PCN,U11112,BEDLINGTONSHIRE MED.GROUP,,,,,,12840
202507,QHM,00L00,WANSBECK PCN,U11112,GUIDEPOST MEDICAL GROUP,,,,,,8077
202507,QHM,00L00,WANSBECK PCN,U11112,SEATON PARK MEDICAL GROUP,,,,,,19846
202507,QHM,00L00,WANSBECK PCN,U11112,THE GABLES MEDICAL GROUP,,,,,,6327
202507,QHM,00L00,WELL UP NORTH PCN,U25545,ALNWICK MEDICAL GROUP,,,,,,18990
202507,QHM,00L00,WELL UP NORTH PCN,U25545,BELFORD MEDICAL PRACTICE,,,,,,4495
202507,QHM,00L00,WELL UP NORTH PCN,U25545,GAS HOUSE LANE SURGERY,Chloral hydrate (0401010B0),1,244.2624,15,15,7226
202507,QHM,00L00,WELL UP NORTH PCN,U25545,GREYSTOKE SURGERY,,,,,,10899
202507,QHM,00L00,WELL UP NORTH PCN,U25545,UNION BRAE & NORHAM PRAC,,,,,,7140
202507,QHM,00L00,WELL UP NORTH PCN,U25545,WELL CLOSE MEDICAL GROUP,,,,,,9197
202507,QHM,00L00,WELL UP NORTH PCN,U25545,WOOLER HEALTH,,,,,,4912
202507,QHM,00L00,WEST NORTHUMBERLAND PCN,U05512,BELLINGHAM PRACTICE,,,,,,3446
202507,QHM,00L00,WEST NORTHUMBERLAND PCN,U05512,BRANCH END SURGERY,,,,,,5386
202507,QHM,00L00,WEST NORTHUMBERLAND PCN,U05512,BURN BRAE MEDICAL GROUP,,,,,,10410
202507,QHM,00L00,WEST NORTHUMBERLAND PCN,U05512,CORBRIDGE HEALTH CENTRE,,,,,,7303
202507,QHM,00L00,WEST NORTHUMBERLAND PCN,U05512,HALTWHISTLE MEDICAL GROUP,,,,,,5577
202507,QHM,00L00,WEST NORTHUMBERLAND PCN,U05512,HUMSHAUGH & WARK MED GRP,,,,,,3385
202507,QHM,00L00,WEST NORTHUMBERLAND PCN,U05512,PRUDHOE MEDICAL GROUP,,,,,,6878
202507,QHM,00L00,WEST NORTHUMBERLAND PCN,U05512,SCOTS GAP MEDICAL GROUP,,,,,,2168
202507,QHM,00L00,WEST NORTHUMBERLAND PCN,U05512,THE SELE MEDICAL PRACTICE,,,,,,5884
202507,QHM,00L00,WEST NORTHUMBERLAND PCN,U05512,WHITE MEDICAL GROUP,,,,,,8678
202507,QHM,00N00,SOUTH TYNESIDE EAST PCN,U20256,FARNHAM MEDICAL CTR.,,,,,,16783
202507,QHM,00N00,SOUTH TYNESIDE EAST PCN,U20256,ST GEORGE & RIVERSIDE MEDICAL PRACTICE,,,,,,7433
202507,QHM,00N00,SOUTH TYNESIDE EAST PCN,U20256,TALBOT MEDICAL CENTRE,,,,,,7794
202507,QHM,00N00,SOUTH TYNESIDE EAST PCN,U20256,TRINITY MEDICAL CENTRE,,,,,,6401
202507,QHM,00N00,SOUTH TYNESIDE EAST PCN,U20256,WENLOCK ROAD SURGERY,,,,,,4416
202507,QHM,00N00,SOUTH TYNESIDE EAST PCN,U20256,WEST VIEW SURGERY,,,,,,2882
202507,QHM,00N00,SOUTH TYNESIDE SOUTH PCN,U89118,CENTRAL SURGERY,,,,,,19205
202507,QHM,00N00,SOUTH TYNESIDE SOUTH PCN,U89118,COLLIERY COURT MEDICAL GROUP,,,,,,8355
202507,QHM,00N00,SOUTH TYNESIDE SOUTH PCN,U89118,DR THORNILEY-WALKER & PARTNERS,,,,,,5998
202507,QHM,00N00,SOUTH TYNESIDE SOUTH PCN,U89118,IMEARY MEDICAL GROUP,,,,,,4398
202507,QHM,00N00,SOUTH TYNESIDE SOUTH PCN,U89118,MARSDEN MEDICAL GROUP,,,,,,22787
202507,QHM,00N00,SOUTH TYNESIDE SOUTH PCN,U89118,WHITBURN SURGERY,,,,,,5346
202507,QHM,00N00,SOUTH TYNESIDE WEST PCN,U37826,ALBERT ROAD SURGERY,,,,,,3462
202507,QHM,00N00,SOUTH TYNESIDE WEST PCN,U37826,EAST WING PRACTICE,,,,,,4230
202507,QHM,00N00,SOUTH TYNESIDE WEST PCN,U37826,ELLISON VIEW SURGERY,,,,,,6046
202507,QHM,00N00,SOUTH TYNESIDE WEST PCN,U37826,MAYFIELD MEDICAL GROUP,,,,,,8999
202507,QHM,00N00,SOUTH TYNESIDE WEST PCN,U37826,RAVENSWORTH SURGERY,,,,,,5965
202507,QHM,00N00,SOUTH TYNESIDE WEST PCN,U37826,THE G.P.SUITE,,,,,,4349
202507,QHM,00N00,SOUTH TYNESIDE WEST PCN,U37826,THE GLEN MEDICAL GROUP,,,,,,11113
202507,QHM,00N00,SOUTH TYNESIDE WEST PCN,U37826,VICTORIA MEDICAL CENTRE,,,,,,3664
202507,QHM,00P00,COALFIELDS PCN,U69720,GRANGEWOOD SURGERY,,,,,,7463
202507,QHM,00P00,COALFIELDS PCN,U69720,HERRINGTON MEDICAL CENTRE,,,,,,9686
202507,QHM,00P00,COALFIELDS PCN,U69720,HETTON GROUP PRACTICE,,,,,,11889
202507,QHM,00P00,COALFIELDS PCN,U69720,"HOUGHTON MEDICAL GROUP,",,,,,,8460
202507,QHM,00P00,COALFIELDS PCN,U69720,KEPIER MEDICAL PRACTICE,,,,,,8557
202507,QHM,00P00,COALFIELDS PCN,U69720,WESTBOURNE MEDICAL GROUP,,,,,,6668
202507,QHM,00P00,DUMMY,-,PALLION PRIMARY CARE SERVICES,,,,,,39
202507,QHM,00P00,SUNDERLAND CENTRAL PCN,U05458,HAPPY HOUSE SURGERY,,,,,,8144
202507,QHM,00P00,SUNDERLAND CENTRAL PCN,U05458,NEW SILKSWORTH MEDICAL PRACTICE,,,,,,9207
202507,QHM,00P00,SUNDERLAND CENTRAL PCN,U05458,SPRINGWELL MEDICAL GROUP,,,,,,6389
202507,QHM,00P00,SUNDERLAND CENTRAL PCN,U05458,SUNDERLAND GP ALLIANCE SOUTH HYLTON SURG,,,,,,4547
202507,QHM,00P00,SUNDERLAND CENTRAL PCN,U05458,VILLAGE SURGERY PARTNERSHIP,,,,,,4847
202507,QHM,00P00,SUNDERLAND EAST PCN,U52297,ASHBURN MEDICAL CENTRE,,,,,,5284
202507,QHM,00P00,SUNDERLAND EAST PCN,U52297,DEERNESS PARK MEDICAL GROUP,,,,,,13545
202507,QHM,00P00,SUNDERLAND EAST PCN,U52297,PARK LANE PRACTICE,,,,,,4279
202507,QHM,00P00,SUNDERLAND EAST PCN,U52297,RIVERVIEW SURGERY,,,,,,6937
202507,QHM,00P00,SUNDERLAND EAST PCN,U52297,SOUTHLANDS MEDICAL GROUP,,,,,,10658
202507,QHM,00P00,SUNDERLAND EAST PCN,U52297,THE NEW CITY MEDICAL GROUP,,,,,,5618
202507,QHM,00P00,SUNDERLAND EAST PCN,U52297,VILLETTE SURGERY,,,,,,5813
202507,QHM,00P00,SUNDERLAND NORTH PCN,U43314,BRIDGE VIEW MEDICAL GROUP,,,,,,14818
202507,QHM,00P00,SUNDERLAND NORTH PCN,U43314,CASTLETOWN MEDICAL CENTRE,,,,,,2145
202507,QHM,00P00,SUNDERLAND NORTH PCN,U43314,"FULWELL MEDICAL CENTRE,",,,,,,9199
202507,QHM,00P00,SUNDERLAND NORTH PCN,U43314,MONKWEARMOUTH HEALTH CENTRE,,,,,,4600
202507,QHM,00P00,SUNDERLAND NORTH PCN,U43314,RED HOUSE MEDICAL CENTRE,,,,,,5503
202507,QHM,00P00,SUNDERLAND NORTH PCN,U43314,ST BEDE MEDICAL CENTRE,,,,,,9313
202507,QHM,00P00,SUNDERLAND WEST 1 PCN,U14646,CHESTER SURGERY,,,,,,3054
202507,QHM,00P00,SUNDERLAND WEST 1 PCN,U14646,FORGE MEDICAL PRACTICE,,,,,,8557
202507,QHM,00P00,SUNDERLAND WEST 1 PCN,U14646,HYLTON MEDICAL GROUP,,,,,,7241
202507,QHM,00P00,SUNDERLAND WEST 1 PCN,U14646,MILLFIELD MEDICAL GROUP,,,,,,14391
202507,QHM,00P00,SUNDERLAND WEST 1 PCN,U14646,PALLION FAMILY PRACTICE,,,,,,10050
202507,QHM,00P00,SUNDERLAND WEST 1 PCN,U14646,THE BROADWAY MEDICAL PRACTICE,,,,,,7824
202507,QHM,00P00,SUNDERLAND WEST 1 PCN,U14646,WEARSIDE MEDICAL PRACTICE - PALLION,,,,,,7929
202507,QHM,00P00,WASHINGTON PCN,U61868,CONCORD MEDICAL PRACTICE,,,,,,5192
202507,QHM,00P00,WASHINGTON PCN,U61868,GALLERIES MEDICAL PRACTICE,,,,,,11578
202507,QHM,00P00,WASHINGTON PCN,U61868,I J HEALTHCARE,,,,,,3579
202507,QHM,00P00,WASHINGTON PCN,U61868,NEW WASHINGTON MEDICAL GROUP,,,,,,7198
202507,QHM,00P00,WASHINGTON PCN,U61868,RICKLETON MEDICAL CENTRE,,,,,,2828
202507,QHM,00P00,WASHINGTON PCN,U61868,SUNDERLAND GP ALLIANCE MEDICAL PRACTICE,,,,,,10037
202507,QHM,00P00,WASHINGTON PCN,U61868,THE STEPHENSON MEDICAL PRACTICE,,,,,,12236
202507,QHM,01H00,CARLISLE HEALTHCARE PCN,U92223,BRAMPTON MEDICAL PRACTICE,,,,,,16735
202507,QHM,01H00,CARLISLE HEALTHCARE PCN,U92223,CARLISLE HEALTHCARE,,,,,,40410
202507,QHM,01H00,CARLISLE HEALTHCARE PCN,U92223,LONGTOWN MEDICAL CENTRE,,,,,,3843
202507,QHM,01H00,CARLISLE HEALTHCARE PCN,U92223,SPENCER ST SURGERY,,,,,,13646
202507,QHM,01H00,CARLISLE PCN,U66688,CARLISLE CENTRAL PRACTICE,,,,,,13468
202507,QHM,01H00,CARLISLE PCN,U66688,EDEN MEDICAL GROUP,,,,,,15411
202507,QHM,01H00,CARLISLE PCN,U66688,WARWICK SQUARE GROUP PRACTICE,,,,,,7884
202507,QHM,01H00,COCKERMOUTH & MARYPORT PCN,U76572,CASTLEGATE AND DERWENT SURGERY,,,,,,18163
202507,QHM,01H00,COCKERMOUTH & MARYPORT PCN,U76572,MARYPORT HEALTH SERVICES,Chloral hydrate (0401010B0),1,488.5124,30,30,13826
202507,QHM,01H00,COPELAND HAVEN PCN,U94879,DISTINGTON SURGERY,,,,,,6444
202507,QHM,01H00,COPELAND HAVEN PCN,U94879,MANSION HOUSE SURGERY,,,,,,7625
202507,QHM,01H00,COPELAND HAVEN PCN,U94879,WESTCROFT HOUSE SURGERY,,,,,,6261
202507,QHM,01H00,COPELAND PCN,U48302,FELLVIEW HEALTHCARE,,,,,,23061
202507,QHM,01H00,COPELAND PCN,U48302,LOWTHER MEDICAL CENTRE,,,,,,13803
202507,QHM,01H00,COPELAND PCN,U48302,SEASCALE HEALTH CENTRE,,,,,,5942
202507,QHM,01H00,EDEN (CUMBRIA) PCN,U08085,ALSTON MEDICAL PRACTICE,,,,,,2215
202507,QHM,01H00,EDEN (CUMBRIA) PCN,U08085,APPLEBY MEDICAL PRACTICE,,,,,,5130
202507,QHM,01H00,EDEN (CUMBRIA) PCN,U08085,BIRBECK MEDICAL GROUP,,,,,,14493
202507,QHM,01H00,EDEN (CUMBRIA) PCN,U08085,COURT THORN SURGERY,,,,,,3766
202507,QHM,01H00,EDEN (CUMBRIA) PCN,U08085,GLENRIDDING HEALTH CENTRE,,,,,,977
202507,QHM,01H00,EDEN (CUMBRIA) PCN,U08085,KIRKOSWALD SURGERY,,,,,,2795
202507,QHM,01H00,EDEN (CUMBRIA) PCN,U08085,SHAP MEDICAL PRACTICE,,,,,,3318
202507,QHM,01H00,EDEN (CUMBRIA) PCN,U08085,TEMPLE SOWERBY MEDICAL PRACTICE,,,,,,4652
202507,QHM,01H00,EDEN (CUMBRIA) PCN,U08085,THE LAKES MEDICAL PRACTICE,,,,,,11621
202507,QHM,01H00,EDEN (CUMBRIA) PCN,U08085,UPPER EDEN MEDICAL PRACTICE,,,,,,6527
202507,QHM,01H00,KESWICK & SOLWAY PCN,U25680,ASPATRIA MEDICAL GROUP,,,,,,7238
202507,QHM,01H00,KESWICK & SOLWAY PCN,U25680,CALDBECK SURGERY,,,,,,4274
202507,QHM,01H00,KESWICK & SOLWAY PCN,U25680,CASTLEHEAD MEDICAL CENTRE,,,,,,8391
202507,QHM,01H00,KESWICK & SOLWAY PCN,U25680,DALSTON MEDICAL GROUP,,,,,,5173
202507,QHM,01H00,KESWICK & SOLWAY PCN,U25680,SILLOTH GROUP MEDICAL PRACTICE,,,,,,4432
202507,QHM,01H00,KESWICK & SOLWAY PCN,U25680,THE CROFT SURGERY,,,,,,3560
202507,QHM,01H00,KESWICK & SOLWAY PCN,U25680,WIGTON GROUP MEDICAL PRACTICE,,,,,,9141
202507,QHM,01H00,WORKINGTON PCN,U67303,JAMES STREET GROUP PRACT,,,,,,33305
202507,QHM,13T00,BIRTLEY AND CENTRAL GATESHEAD PCN,U76028,BIRTLEY MEDICAL GROUP,,,,,,15316
202507,QHM,13T00,BIRTLEY AND CENTRAL GATESHEAD PCN,U76028,OXFORD TCE & RAWLING RD MEDICAL GROUP,,,,,,17948
202507,QHM,13T00,BIRTLEY AND CENTRAL GATESHEAD PCN,U76028,SECOND STREET SURGERY,,,,,,4516
202507,QHM,13T00,BIRTLEY AND CENTRAL GATESHEAD PCN,U76028,THE BRIDGES MEDICAL PRACTICE,,,,,,8243
202507,QHM,13T00,GATESHEAD CENTRAL SOUTH PCN,U91254,BEACON VIEW MEDICAL CENTRE,,,,,,5738
202507,QHM,13T00,GATESHEAD CENTRAL SOUTH PCN,U91254,BENSHAM FAMILY PRACTICE,,,,,,3811
202507,QHM,13T00,GATESHEAD CENTRAL SOUTH PCN,U91254,BEWICK ROAD SURGERY,,,,,,8373
202507,QHM,13T00,GATESHEAD CENTRAL SOUTH PCN,U91254,CENTRAL GATESHEAD MEDICAL GROUP,,,,,,10557
202507,QHM,13T00,GATESHEAD CENTRAL SOUTH PCN,U91254,FELL COTTAGE SURGERY,,,,,,8724
202507,QHM,13T00,GATESHEAD CENTRAL SOUTH PCN,U91254,FELL TOWER MEDICAL CENTRE,,,,,,7473
202507,QHM,13T00,GATESHEAD CENTRAL SOUTH PCN,U91254,MILLENNIUM FAMILY PRACTICE,,,,,,3802
202507,QHM,13T00,GATESHEAD CENTRAL SOUTH PCN,U91254,WREKENTON MEDICAL GROUP,,,,,,12256
202507,QHM,13T00,GATESHEAD EAST PCN,U13720,CROWHALL MEDICAL CENTRE,,,,,,6490
202507,QHM,13T00,GATESHEAD EAST PCN,U13720,LONGRIGG MEDICAL CENTRE,,,,,,10119
202507,QHM,13T00,GATESHEAD EAST PCN,U13720,PELAW MEDICAL PRACTICE,,,,,,5547
202507,QHM,13T00,GATESHEAD EAST PCN,U13720,ST. ALBANS MEDICAL GROUP,,,,,,7220
202507,QHM,13T00,GATESHEAD INNER WEST PCN,U33691,CHAINBRIDGE MEDICAL PARTNERSHIP,,,,,,11496
202507,QHM,13T00,GATESHEAD INNER WEST PCN,U33691,GLENPARK & TEAMS MEDICAL SERVICES,,,,,,14546
202507,QHM,13T00,GATESHEAD INNER WEST PCN,U33691,SUNNISIDE SURGERY,,,,,,3878
202507,QHM,13T00,GATESHEAD INNER WEST PCN,U33691,WHICKHAM COTTAGE MEDICAL CENTRE,,,,,,15637
202507,QHM,13T00,GATESHEAD OUTER WEST PCN,U41930,CHOPWELL PRIMARY HEALTHCARE CENTRE,,,,,,2590
202507,QHM,13T00,GATESHEAD OUTER WEST PCN,U41930,CRAWCROOK MEDICAL CENTRE,,,,,,20288
202507,QHM,13T00,GATESHEAD OUTER WEST PCN,U41930,HOLLYHURST MEDICAL CENTRE,,,,,,4959
202507,QHM,13T00,GATESHEAD OUTER WEST PCN,U41930,OLDWELL SURGERY,,,,,,4770
202507,QHM,13T00,JESMOND - LOWER GOSFORTH PCN,U34146,JESMOND HEALTH PARTNERSHIP,,,,,,27240
202507,QHM,13T00,JESMOND - LOWER GOSFORTH PCN,U34146,ROSEWORTH SURGERY,,,,,,5837
202507,QHM,13T00,JESMOND - LOWER GOSFORTH PCN,U34146,THE GROVE MEDICAL GROUP,,,,,,13238
202507,QHM,13T00,NEWCASTLE CENTRAL HEALTH PCN,U43524,SAVILLE MEDICAL GROUP,,,,,,41810
202507,QHM,13T00,NEWCASTLE EAST PCN,U17849,BENFIELD PARK MEDICAL GROUP,,,,,,10324
202507,QHM,13T00,NEWCASTLE EAST PCN,U17849,BIDDLESTONE HEALTH GROUP,,,,,,10722
202507,QHM,13T00,NEWCASTLE EAST PCN,U17849,HEATON ROAD SURGERY,,,,,,7114
202507,QHM,13T00,NEWCASTLE EAST PCN,U17849,NEWCASTLE MEDICAL CENTRE,,,,,,21076
202507,QHM,13T00,NEWCASTLE EAST PCN,U17849,ST.ANTHONY'S HEALTH CENTRE,,,,,,6609
202507,QHM,13T00,NEWCASTLE EAST PCN,U17849,THORNFIELD MEDICAL GROUP,,,,,,20183
202507,QHM,13T00,NEWCASTLE EAST PCN,U17849,WALKER MEDICAL GROUP,,,,,,10775
202507,QHM,13T00,NEWCASTLE INNER WEST PCN,U45898,BETTS AVENUE MEDICAL GROUP,,,,,,10715
202507,QHM,13T00,NEWCASTLE INNER WEST PCN,U45898,DILSTON MEDICAL CENTRE,,,,,,9713
202507,QHM,13T00,NEWCASTLE INNER WEST PCN,U45898,ELSWICK FAMILY PRACTICE,,,,,,8388
202507,QHM,13T00,NEWCASTLE INNER WEST PCN,U45898,FENHAM HALL SURGERY,,,,,,10892
202507,QHM,13T00,NEWCASTLE INNER WEST PCN,U45898,PROSPECT MEDICAL CENTRE,,,,,,14606
202507,QHM,13T00,NEWCASTLE OUTER WEST PCN,U87170,DENTON PARK MEDICAL GROUP,,,,,,7451
202507,QHM,13T00,NEWCASTLE OUTER WEST PCN,U87170,DENTON TURRET MEDICAL CENTRE,,,,,,9051
202507,QHM,13T00,NEWCASTLE OUTER WEST PCN,U87170,NEWBURN SURGERY,,,,,,6210
202507,QHM,13T00,NEWCASTLE OUTER WEST PCN,U87170,PARKWAY MEDICAL GROUP,,,,,,8437
202507,QHM,13T00,NEWCASTLE OUTER WEST PCN,U87170,THROCKLEY PRIMARY CARE CENTRE,,,,,,7511
202507,QHM,13T00,NEWCASTLE OUTER WEST PCN,U87170,WESTERHOPE MEDICAL GROUP,,,,,,13827
202507,QHM,13T00,NORTH GOSFORTH PCN,U70624,BRUNTON PARK,Chloral hydrate (0401010B0),1,244.2624,15,15,8223
202507,QHM,13T00,NORTH GOSFORTH PCN,U70624,PARK MEDICAL GROUP,,,,,,13341
202507,QHM,13T00,NORTH GOSFORTH PCN,U70624,REGENT MEDICAL CENTRE,,,,,,7649
202507,QHM,13T00,WEST END FAMILY HEALTH PCN,U44695,CRUDDAS PARK SURGERY,,,,,,11655
202507,QHM,13T00,WEST END FAMILY HEALTH PCN,U44695,HOLMSIDE MEDICAL GROUP,,,,,,10040
202507,QHM,13T00,WEST END FAMILY HEALTH PCN,U44695,WEST ROAD MEDICAL CENTRE,,,,,,12443
202507,QHM,16C00,BILLINGHAM & NORTON PCN,U94460,DR RASOOL,,,,,,2185
202507,QHM,16C00,BILLINGHAM & NORTON PCN,U94460,KINGSWAY MEDICAL CENTRE,,,,,,10005
202507,QHM,16C00,BILLINGHAM & NORTON PCN,U94460,MARSH HOUSE MEDICAL PRACTICE,,,,,,8539
202507,QHM,16C00,BILLINGHAM & NORTON PCN,U94460,MELROSE SURGERY,,,,,,2362
202507,QHM,16C00,BILLINGHAM & NORTON PCN,U94460,NORTON MEDICAL CENTRE,,,,,,16244
202507,QHM,16C00,BILLINGHAM & NORTON PCN,U94460,QUEENSTREE PRACTICE,,,,,,4143
202507,QHM,16C00,BILLINGHAM & NORTON PCN,U94460,THE ROSEBERRY PRACTICE,,,,,,7893
202507,QHM,16C00,BYTES PCN,U63844,EAGLESCLIFFE MEDICAL PRACTICE,,,,,,12925
202507,QHM,16C00,BYTES PCN,U63844,PARK LANE SURGERY,,,,,,5464
202507,QHM,16C00,BYTES PCN,U63844,THORNABY & BARWICK MEDICAL GROUP,,,,,,20948
202507,QHM,16C00,BYTES PCN,U63844,YARM MEDICAL PRACTICE,,,,,,14357
202507,QHM,16C00,CENTRAL MIDDLESBROUGH PCN,U55830,MARTONSIDE MEDICAL CENTRE,,,,,,7864
202507,QHM,16C00,CENTRAL MIDDLESBROUGH PCN,U55830,PARK SURGERY,,,,,,12462
202507,QHM,16C00,CENTRAL MIDDLESBROUGH PCN,U55830,PROSPECT SURGERY,,,,,,7053
202507,QHM,16C00,CENTRAL MIDDLESBROUGH PCN,U55830,THE DISCOVERY PRACTICE,,,,,,8355
202507,QHM,16C00,CENTRAL MIDDLESBROUGH PCN,U55830,THE ENDEAVOUR PRACTICE,,,,,,8518
202507,QHM,16C00,CENTRAL MIDDLESBROUGH PCN,U55830,THE ERIMUS PRACTICE,Chloral hydrate (0401010B0),1,651.4424,40,40,6462
202507,QHM,16C00,CENTRAL MIDDLESBROUGH PCN,U55830,THORNTREE SURGERY,,,,,,2754
202507,QHM,16C00,DARLINGTON PCN,U45102,BLACKETTS MEDICAL PRACTICE,,,,,,11495
202507,QHM,16C00,DARLINGTON PCN,U45102,CARMEL MEDICAL PRACTICE,,,,,,11756
202507,QHM,16C00,DARLINGTON PCN,U45102,CLIFTON COURT MEDICAL PRACTICE,,,,,,12283
202507,QHM,16C00,DARLINGTON PCN,U45102,DENMARK STREET SURGERY,,,,,,14984
202507,QHM,16C00,DARLINGTON PCN,U45102,MIDDLETON AND DINSDALE MEDICAL PRACTICE,,,,,,5919
202507,QHM,16C00,DARLINGTON PCN,U45102,MOORLANDS SURGERY,,,,,,13250
202507,QHM,16C00,DARLINGTON PCN,U45102,NEASHAM ROAD SURGERY,,,,,,13386
202507,QHM,16C00,DARLINGTON PCN,U45102,ORCHARD COURT SURGERY,,,,,,8676
202507,QHM,16C00,DARLINGTON PCN,U45102,PARKGATE SURGERY,,,,,,4871
202507,QHM,16C00,DARLINGTON PCN,U45102,ROCKLIFFE COURT SURGERY,,,,,,6252
202507,QHM,16C00,DARLINGTON PCN,U45102,WHINFIELD MEDICAL PRACTICE,,,,,,12194
202507,QHM,16C00,DUMMY,-,THE RIDGEWAY HEALTH CENTRE,,,,,,10
202507,QHM,16C00,EAST CLEVELAND PCN,U07842,BROTTON SURGERY,,,,,,7723
202507,QHM,16C00,EAST CLEVELAND PCN,U07842,HILLSIDE PRACTICE,,,,,,9385
202507,QHM,16C00,EAST CLEVELAND PCN,U07842,SPRINGWOOD SURGERY,,,,,,7599
202507,QHM,16C00,EAST CLEVELAND PCN,U07842,THE GARTH,,,,,,11660
202507,QHM,16C00,EAST CLEVELAND PCN,U07842,WOODSIDE SURGERY,,,,,,5848
202507,QHM,16C00,ESTON PCN,U85257,CAMBRIDGE MEDICAL GROUP,,,,,,7270
202507,QHM,16C00,ESTON PCN,U85257,NORMANBY MEDICAL CENTRE,Chloral hydrate (0401010B0),1,488.5124,30,30,22884
202507,QHM,16C00,ESTON PCN,U85257,SOUTH GRANGE MEDICAL GROUP PRACTICE,,,,,,15509
202507,QHM,16C00,ESTON PCN,U85257,THE ESTON SURGERY ( D 01-Oct-25 ),,,,,,3700
202507,QHM,16C00,GREATER MIDDLESBROUGH PCN,U02671,ACKLAM MEDICAL CENTRE,Chloral hydrate (0401010B0),1,488.5124,30,30,11344
202507,QHM,16C00,GREATER MIDDLESBROUGH PCN,U02671,COULBY MEDICAL PRACTICE,,,,,,9251
202507,QHM,16C00,GREATER MIDDLESBROUGH PCN,U02671,CROSSFELL HEALTH CENTRE,,,,,,8857
202507,QHM,16C00,GREATER MIDDLESBROUGH PCN,U02671,HIRSEL MEDICAL CENTRE,,,,,,3778
202507,QHM,16C00,GREATER MIDDLESBROUGH PCN,U02671,KINGS MEDICAL CENTRE,,,,,,6445
202507,QHM,16C00,GREATER MIDDLESBROUGH PCN,U02671,NEWLANDS MEDICAL CENTRE,,,,,,9734
202507,QHM,16C00,GREATER MIDDLESBROUGH PCN,U02671,PARKWAY MEDICAL CENTRE,,,,,,9511
202507,QHM,16C00,GREATER MIDDLESBROUGH PCN,U02671,WESTBOURNE MEDICAL CENTRE,,,,,,5681
202507,QHM,16C00,HARTLEPOOL HEALTH PCN,U40502,MCKENZIE GROUP PRACTICE,,,,,,6180
202507,QHM,16C00,HARTLEPOOL HEALTH PCN,U40502,MCKENZIE HOUSE SURGERY,Chloral hydrate (0401010B0),1,911.9824,56,56,19090
202507,QHM,16C00,HARTLEPOOL HEALTH PCN,U40502,THE HEADLAND MEDICAL CENTRE,,,,,,5366
202507,QHM,16C00,HARTLEPOOL PCN,U70212,GLADSTONE HOUSE SURGERY,,,,,,5636
202507,QHM,16C00,HARTLEPOOL PCN,U70212,HART MEDICAL PRACTICE,,,,,,9417
202507,QHM,16C00,HARTLEPOOL PCN,U70212,THE PATEL PRACTICE,,,,,,4073
202507,QHM,16C00,HARTLEPOOL PCN,U70212,WEST QUAY MEDICAL PRACTICE,,,,,,6372
202507,QHM,16C00,HARTLEPOOL PCN,U70212,WEST VIEW MILLENIUM SURGERY A,,,,,,7496
202507,QHM,16C00,HOLGATE PCN,U85008,BOROUGH ROAD & NUNTHORPE MEDICAL GROUP,,,,,,16840
202507,QHM,16C00,HOLGATE PCN,U85008,LINTHORPE SURGERY,,,,,,20933
202507,QHM,16C00,HOLGATE PCN,U85008,VILLAGE MEDICAL CENTRE,,,,,,8061
202507,QHM,16C00,NORTH STOCKTON PCN,U07032,ALMA MEDICAL CENTRE,Chloral hydrate (0401010B0),1,732.7624,45,45,10931
202507,QHM,16C00,NORTH STOCKTON PCN,U07032,QUEENS PARK MEDICAL CENTRE,,,,,,18733
202507,QHM,16C00,NORTH STOCKTON PCN,U07032,TENNANT STREET MEDICAL PRACTICE,,,,,,14632
202507,QHM,16C00,ONE LIFE HARTLEPOOL PCN,U27349,BANKHOUSE SURGERY,,,,,,10553
202507,QHM,16C00,ONE LIFE HARTLEPOOL PCN,U27349,CHADWICK PRACTICE,,,,,,11902
202507,QHM,16C00,ONE LIFE HARTLEPOOL PCN,U27349,HAVELOCK GRANGE PRACTICE,,,,,,13652
202507,QHM,16C00,REDCAR COASTAL PCN,U23714,BENTLEY MEDICAL PRACTICE,,,,,,10247
202507,QHM,16C00,REDCAR COASTAL PCN,U23714,HUNTCLIFF SURGERY,Chloral hydrate (0401010B0),4,2605.5896,160,160,9964
202507,QHM,16C00,REDCAR COASTAL PCN,U23714,THE COATHAM ROAD SURGERY,Chloral hydrate (0401010B0),2,977.0248,60,60,6254
202507,QHM,16C00,REDCAR COASTAL PCN,U23714,THE GREEN HOUSE SURGERY,,,,,,9956
202507,QHM,16C00,REDCAR COASTAL PCN,U23714,THE RAVENSCAR SURGERY,Chloral hydrate (0401010B0),1,244.2624,15,15,3410
202507,QHM,16C00,REDCAR COASTAL PCN,U23714,THE SALTSCAR SURGERY,,,,,,8524
202507,QHM,16C00,REDCAR COASTAL PCN,U23714,ZETLAND MEDICAL PRACTICE,,,,,,7070
202507,QHM,16C00,STOCKTON PCN,U89141,ELM TREE SURGERY,,,,,,16024
202507,QHM,16C00,STOCKTON PCN,U89141,RIVERSIDE MEDICAL PRACTICE,,,,,,10552
202507,QHM,16C00,STOCKTON PCN,U89141,THE DENSHAM SURGERY,,,,,,3850
202507,QHM,16C00,STOCKTON PCN,U89141,THE DOVECOT SURGERY,,,,,,4097
202507,QHM,16C00,STOCKTON PCN,U89141,WOODBRIDGE PRACTICE,Chloral hydrate (0401010B0),1,732.7624,45,45,18327
202507,QHM,16C00,STOCKTON PCN,U89141,WOODLANDS FAMILY MEDICAL CENTRE,,,,,,12281
202507,QHM,84H00,BISHOP AUCKLAND PCN,U85067,AUCKLAND MEDICAL GROUP,,,,,,15978
202507,QHM,84H00,BISHOP AUCKLAND PCN,U85067,BISHOPGATE MEDICAL CENTRE,,,,,,13697
202507,QHM,84H00,BISHOP AUCKLAND PCN,U85067,STATION VIEW MEDICAL CENTRE,,,,,,9716
202507,QHM,84H00,CHESTER LE STREET PCN,U77096,BRIDGE END SURGERY,,,,,,7685
202507,QHM,84H00,CHESTER LE STREET PCN,U77096,CESTRIA HEALTH CENTRE,,,,,,12681
202507,QHM,84H00,CHESTER LE STREET PCN,U77096,GREAT LUMLEY SURGERY,,,,,,5234
202507,QHM,84H00,CHESTER LE STREET PCN,U77096,MIDDLE CHARE MEDICAL GROUP,,,,,,9378
202507,QHM,84H00,CHESTER LE STREET PCN,U77096,PELTON & FELLROSE MEDICAL GROUP,,,,,,10189
202507,QHM,84H00,CHESTER LE STREET PCN,U77096,SACRISTON MEDICAL CENTRE,,,,,,10721
202507,QHM,84H00,CHESTER LE STREET PCN,U77096,VILLAGES MEDICAL GROUP,,,,,,4107
202507,QHM,84H00,CLAYPATH & UNIVERSITY MEDICAL GROUP PCN,U38486,CLAYPATH & UNIVERSITY MEDICAL GROUP,,,,,,31575
202507,QHM,84H00,DERWENTSIDE PCN,U70497,ANNFIELD PLAIN SURGERY,,,,,,3594
202507,QHM,84H00,DERWENTSIDE PCN,U70497,BROWNEY HOUSE SURGERY,,,,,,2672
202507,QHM,84H00,DERWENTSIDE PCN,U70497,CEDARS MEDICAL GROUP,,,,,,6208
202507,QHM,84H00,DERWENTSIDE PCN,U70497,CONSETT MEDICAL CENTRE,Chloral hydrate (0401010B0),1,244.2624,15,15,16762
202507,QHM,84H00,DERWENTSIDE PCN,U70497,DRS LAMBERT & NG,,,,,,5277
202507,QHM,84H00,DERWENTSIDE PCN,U70497,LANCHESTER MEDICAL CENTRE,,,,,,4181
202507,QHM,84H00,DERWENTSIDE PCN,U70497,LEADGATE SURGERY,,,,,,5811
202507,QHM,84H00,DERWENTSIDE PCN,U70497,OAKFIELDS HEALTH GROUP,,,,,,7700
202507,QHM,84H00,DERWENTSIDE PCN,U70497,QUEENS ROAD SURGERY,,,,,,16411
202507,QHM,84H00,DERWENTSIDE PCN,U70497,STANLEY MEDICAL GROUP,,,,,,12536
202507,QHM,84H00,DERWENTSIDE PCN,U70497,TANFIELD VIEW MEDICAL GROUP,,,,,,10831
202507,QHM,84H00,DERWENTSIDE PCN,U70497,THE HAVEN SURGERY,,,,,,1753
202507,QHM,84H00,DURHAM COAST PCN,U26864,BEVAN MEDICAL GROUP,,,,,,8625
202507,QHM,84H00,DURHAM COAST PCN,U26864,EAST DURHAM MEDICAL GROUP,,,,,,18224
202507,QHM,84H00,DURHAM COAST PCN,U26864,SOUTHDENE MEDICAL CENTRE,,,,,,3397
202507,QHM,84H00,DURHAM COAST PCN,U26864,WINGATE MEDICAL PRACTICE INTRAHEALTH,,,,,,3551
202507,QHM,84H00,DURHAM EAST PCN,U53962,BELMONT & SHERBURN MEDICAL GROUP,Chloral hydrate (0401010B0),1,244.2624,15,15,6295
202507,QHM,84H00,DURHAM EAST PCN,U53962,BOWBURN MEDICAL CENTRE,,,,,,4577
202507,QHM,84H00,DURHAM EAST PCN,U53962,CHEVELEY PARK MEDICAL CTR,,,,,,5091
202507,QHM,84H00,DURHAM EAST PCN,U53962,COXHOE MEDICAL PRACTICE,,,,,,7656
202507,QHM,84H00,DURHAM EAST PCN,U53962,WEST RAINTON SURGERY,,,,,,5468
202507,QHM,84H00,DURHAM WEST PCN,U01989,CHASTLETON MEDICAL GROUP,,,,,,10336
202507,QHM,84H00,DURHAM WEST PCN,U01989,DUNELM MEDICAL PRACTICE,,,,,,14487
202507,QHM,84H00,DURHAM WEST PCN,U01989,THE MEDICAL GROUP,,,,,,26653
202507,QHM,84H00,EASINGTON CENTRAL PCN,U14615,BLACKHALL AND PETERLEE PRACTICE,,,,,,10254
202507,QHM,84H00,EASINGTON CENTRAL PCN,U14615,THE HORDEN GROUP PRACTICE,,,,,,8311
202507,QHM,84H00,EASINGTON CENTRAL PCN,U14615,WILLIAM BROWN CENTRE,Chloral hydrate (0401010B0),1,244.2624,15,15,15582
202507,QHM,84H00,NORTH EASINGTON PCN,U81825,BYRON MEDICAL PRACTICE,Chloral hydrate (0401010B0),1,162.9424,10,10,8313
202507,QHM,84H00,NORTH EASINGTON PCN,U81825,MARLBOROUGH SURGERY,,,,,,11448
202507,QHM,84H00,NORTH EASINGTON PCN,U81825,MURTON MEDICAL CENTRE,,,,,,7338
202507,QHM,84H00,NORTH EASINGTON PCN,U81825,SILVERDALE FAMILY PRACTICE,,,,,,6626
202507,QHM,84H00,NORTH EASINGTON PCN,U81825,THE NEW SEAHAM MEDICAL GROUP,,,,,,4687
202507,QHM,84H00,SEDGEFIELD 1 PCN,U37593,BEWICK CRESCENT SURGERY,,,,,,12999
202507,QHM,84H00,SEDGEFIELD 1 PCN,U37593,HALLGARTH SURGERY,,,,,,5362
202507,QHM,84H00,SEDGEFIELD 1 PCN,U37593,JUBILEE MEDICAL GROUP,,,,,,12763
202507,QHM,84H00,SEDGEFIELD 1 PCN,U37593,PEASE WAY MEDICAL CENTRE,,,,,,12006
202507,QHM,84H00,SEDGEFIELD NORTH PCN,U12365,BISHOPS CLOSE MEDICAL PRACTICE,,,,,,8634
202507,QHM,84H00,SEDGEFIELD NORTH PCN,U12365,FERRYHILL AND CHILTON MEDICAL PRACTICE,,,,,,14892
202507,QHM,84H00,SEDGEFIELD NORTH PCN,U12365,SKERNE MEDICAL GROUP,Chloral hydrate (0401010B0),1,977.0124,60,60,16934
202507,QHM,84H00,SEDGEFIELD NORTH PCN,U12365,ST ANDREW'S MEDICAL PRACTICE,,,,,,15788
202507,QHM,84H00,SEDGEFIELD NORTH PCN,U12365,WEST CORNFORTH MEDICAL CENTRE,,,,,,2774
202507,QHM,84H00,TEESDALE PCN,U31619,BARNARD CASTLE SURGERY,,,,,,11007
202507,QHM,84H00,TEESDALE PCN,U31619,EVENWOOD MEDICAL PRACTICE,,,,,,2295
202507,QHM,84H00,TEESDALE PCN,U31619,GAINFORD SURGERY,,,,,,3688
202507,QHM,84H00,TEESDALE PCN,U31619,OLD FORGE SURGERY,,,,,,2695
202507,QHM,84H00,TEESDALE PCN,U31619,PINFOLD MEDICAL PRACTICE,,,,,,2895
202507,QHM,84H00,TEESDALE PCN,U31619,WOODVIEW MEDICAL PRACTICE,,,,,,2621
202507,QHM,84H00,WEAR VALLEY PCN,U96202,NORTH HOUSE SURGERY,,,,,,13524
202507,QHM,84H00,WEAR VALLEY PCN,U96202,THE WEARDALE PRACTICE,,,,,,7163
202507,QHM,84H00,WEAR VALLEY PCN,U96202,WILLINGTON MEDICAL GROUP,,,,,,9182
202507,QHM,99C00,CRAMLINGTON SEATON VALLEY PCN,U24977,WOODLANDS PARK HEALTH CTR,,,,,,6711
202507,QHM,99C00,NORTH SHIELDS PCN,U91110,COLLINGWOOD HEALTH GROUP,,,,,,24473
202507,QHM,99C00,NORTH SHIELDS PCN,U91110,PRIORY MEDICAL GROUP,,,,,,15466
202507,QHM,99C00,NORTH SHIELDS PCN,U91110,REDBURN PARK MEDICAL CENTRE,,,,,,6263
202507,QHM,99C00,NORTH TYNESIDE NORTH WEST PCN,U95193,LANE END SURGERY,,,,,,9470
202507,QHM,99C00,NORTH TYNESIDE NORTH WEST PCN,U95193,MALLARD MEDICAL PRACTICE,,,,,,5498
202507,QHM,99C00,NORTH TYNESIDE NORTH WEST PCN,U95193,STEPHENSON PARK HEALTH GROUP,,,,,,17809
202507,QHM,99C00,NORTH TYNESIDE NORTH WEST PCN,U95193,SWARLAND AVENUE SURGERY,,,,,,6706
202507,QHM,99C00,NORTH TYNESIDE NORTH WEST PCN,U95193,WELLSPRING MEDICAL PRACT.,,,,,,6540
202507,QHM,99C00,NORTH TYNESIDE NORTH WEST PCN,U95193,WEST FARM SURGERY,,,,,,6012
202507,QHM,99C00,NORTH TYNESIDE NORTH WEST PCN,U95193,WIDEOPEN MEDICAL CENTRE,,,,,,7496
202507,QHM,99C00,NORTHUMBRIA PCN,U09980,NPC NORTH TYNESIDE - SPRING TERRACE,,,,,,21559
202507,QHM,99C00,WALLSEND PCN,U10386,BEWICKE MEDICAL CENTRE,,,,,,9298
202507,QHM,99C00,WALLSEND PCN,U10386,HADRIAN HEALTH CENTRE,,,,,,21078
202507,QHM,99C00,WALLSEND PCN,U10386,THE VILLAGE GREEN SURGERY,,,,,,12830
202507,QHM,99C00,WHITLEY BAY PCN,U02739,BEAUMONT PARK SURGERY,,,,,,6344
202507,QHM,99C00,WHITLEY BAY PCN,U02739,BRIDGE AND MONKSEATON MEDICAL PRACTICE,,,,,,13311
202507,QHM,99C00,WHITLEY BAY PCN,U02739,MARINE AVENUE MEDICAL CTR,,,,,,8954
202507,QHM,99C00,WHITLEY BAY PCN,U02739,NORTHUMBERLAND PARK MEDICAL GROUP,,,,,,9622
202507,QHM,99C00,WHITLEY BAY PCN,U02739,WHITLEY BAY HEALTH CENTRE,,,,,,13728
202508,QHM,00L00,BLYTH PCN,U25489,MARINE MEDICAL GROUP,,,,,,13958
202508,QHM,00L00,BLYTH PCN,U25489,RAILWAY MEDICAL GROUP,,,,,,26977
202508,QHM,00L00,CRAMLINGTON SEATON VALLEY PCN,U24977,FORUM FAMILY PRACTICE,,,,,,9146
202508,QHM,00L00,CRAMLINGTON SEATON VALLEY PCN,U24977,NETHERFIELD HOUSE,,,,,,6037
202508,QHM,00L00,CRAMLINGTON SEATON VALLEY PCN,U24977,VILLAGE MEDICAL GROUP,,,,,,11591
202508,QHM,00L00,DUMMY,-,RIVERSDALE SURGERY,,,,,,5936
202508,QHM,00L00,DUMMY,-,THE ADDERLANE SURGERY,,,,,,2205
202508,QHM,00L00,NORTHUMBRIA PCN,U09980,NPC AMBLE & BROOMHILL,,,,,,12220
202508,QHM,00L00,NORTHUMBRIA PCN,U09980,NPC CENTRAL NORTHUMBERLAND,,,,,,49450
202508,QHM,00L00,NORTHUMBRIA PCN,U09980,NPC CRAMLINGTON,,,,,,5510
202508,QHM,00L00,NORTHUMBRIA PCN,U09980,NPC ELSDON AVENUE,,,,,,4330
202508,QHM,00L00,NORTHUMBRIA PCN,U09980,NPC FELTON & WIDDRINGTON,,,,,,4667
202508,QHM,00L00,NORTHUMBRIA PCN,U09980,NPC HAYDON BRIDGE & ALLENDALE,,,,,,5293
202508,QHM,00L00,NORTHUMBRIA PCN,U09980,NPC PONTELAND,,,,,,10832
202508,QHM,00L00,NORTHUMBRIA PCN,U09980,NPC ROTHBURY,,,,,,6170
202508,QHM,00L00,WANSBECK PCN,U11112,BEDLINGTONSHIRE MED.GROUP,,,,,,12864
202508,QHM,00L00,WANSBECK PCN,U11112,GUIDEPOST MEDICAL GROUP,,,,,,8090
202508,QHM,00L00,WANSBECK PCN,U11112,SEATON PARK MEDICAL GROUP,,,,,,19903
202508,QHM,00L00,WANSBECK PCN,U11112,THE GABLES MEDICAL GROUP,,,,,,6319
202508,QHM,00L00,WELL UP NORTH PCN,U25545,ALNWICK MEDICAL GROUP,,,,,,18990
202508,QHM,00L00,WELL UP NORTH PCN,U25545,BELFORD MEDICAL PRACTICE,,,,,,4494
202508,QHM,00L00,WELL UP NORTH PCN,U25545,GAS HOUSE LANE SURGERY,Chloral hydrate (0401010B0),1,244.2624,15,15,7241
202508,QHM,00L00,WELL UP NORTH PCN,U25545,GREYSTOKE SURGERY,,,,,,10942
202508,QHM,00L00,WELL UP NORTH PCN,U25545,UNION BRAE & NORHAM PRAC,,,,,,7150
202508,QHM,00L00,WELL UP NORTH PCN,U25545,WELL CLOSE MEDICAL GROUP,,,,,,9193
202508,QHM,00L00,WELL UP NORTH PCN,U25545,WOOLER HEALTH,,,,,,4914
202508,QHM,00L00,WEST NORTHUMBERLAND PCN,U05512,BELLINGHAM PRACTICE,,,,,,3444
202508,QHM,00L00,WEST NORTHUMBERLAND PCN,U05512,BRANCH END SURGERY,,,,,,5395
202508,QHM,00L00,WEST NORTHUMBERLAND PCN,U05512,BURN BRAE MEDICAL GROUP,,,,,,10429
202508,QHM,00L00,WEST NORTHUMBERLAND PCN,U05512,CORBRIDGE HEALTH CENTRE,,,,,,7311
202508,QHM,00L00,WEST NORTHUMBERLAND PCN,U05512,HALTWHISTLE MEDICAL GROUP,,,,,,5584
202508,QHM,00L00,WEST NORTHUMBERLAND PCN,U05512,HUMSHAUGH & WARK MED GRP,,,,,,3387
202508,QHM,00L00,WEST NORTHUMBERLAND PCN,U05512,PRUDHOE MEDICAL GROUP,,,,,,6863
202508,QHM,00L00,WEST NORTHUMBERLAND PCN,U05512,SCOTS GAP MEDICAL GROUP,,,,,,2169
202508,QHM,00L00,WEST NORTHUMBERLAND PCN,U05512,THE SELE MEDICAL PRACTICE,,,,,,5888
202508,QHM,00L00,WEST NORTHUMBERLAND PCN,U05512,WHITE MEDICAL GROUP,,,,,,8694
202508,QHM,00N00,SOUTH TYNESIDE EAST PCN,U20256,FARNHAM MEDICAL CTR.,,,,,,16741
202508,QHM,00N00,SOUTH TYNESIDE EAST PCN,U20256,ST GEORGE & RIVERSIDE MEDICAL PRACTICE,,,,,,7404
202508,QHM,00N00,SOUTH TYNESIDE EAST PCN,U20256,TALBOT MEDICAL CENTRE,,,,,,7805
202508,QHM,00N00,SOUTH TYNESIDE EAST PCN,U20256,TRINITY MEDICAL CENTRE,,,,,,6400
202508,QHM,00N00,SOUTH TYNESIDE EAST PCN,U20256,WENLOCK ROAD SURGERY,,,,,,4419
202508,QHM,00N00,SOUTH TYNESIDE EAST PCN,U20256,WEST VIEW SURGERY,,,,,,2881
202508,QHM,00N00,SOUTH TYNESIDE SOUTH PCN,U89118,CENTRAL SURGERY,,,,,,19250
202508,QHM,00N00,SOUTH TYNESIDE SOUTH PCN,U89118,COLLIERY COURT MEDICAL GROUP,,,,,,8369
202508,QHM,00N00,SOUTH TYNESIDE SOUTH PCN,U89118,DR THORNILEY-WALKER & PARTNERS,,,,,,5969
202508,QHM,00N00,SOUTH TYNESIDE SOUTH PCN,U89118,IMEARY MEDICAL GROUP,,,,,,4405
202508,QHM,00N00,SOUTH TYNESIDE SOUTH PCN,U89118,MARSDEN MEDICAL GROUP,,,,,,22780
202508,QHM,00N00,SOUTH TYNESIDE SOUTH PCN,U89118,WHITBURN SURGERY,,,,,,5333
202508,QHM,00N00,SOUTH TYNESIDE WEST PCN,U37826,ALBERT ROAD SURGERY,,,,,,3540
202508,QHM,00N00,SOUTH TYNESIDE WEST PCN,U37826,EAST WING PRACTICE,,,,,,4212
202508,QHM,00N00,SOUTH TYNESIDE WEST PCN,U37826,ELLISON VIEW SURGERY,,,,,,6042
202508,QHM,00N00,SOUTH TYNESIDE WEST PCN,U37826,MAYFIELD MEDICAL GROUP,,,,,,8997
202508,QHM,00N00,SOUTH TYNESIDE WEST PCN,U37826,RAVENSWORTH SURGERY,,,,,,5968
202508,QHM,00N00,SOUTH TYNESIDE WEST PCN,U37826,THE G.P.SUITE,,,,,,4331
202508,QHM,00N00,SOUTH TYNESIDE WEST PCN,U37826,THE GLEN MEDICAL GROUP,,,,,,11095
202508,QHM,00N00,SOUTH TYNESIDE WEST PCN,U37826,VICTORIA MEDICAL CENTRE,,,,,,3660
202508,QHM,00P00,COALFIELDS PCN,U69720,GRANGEWOOD SURGERY,,,,,,7481
202508,QHM,00P00,COALFIELDS PCN,U69720,HERRINGTON MEDICAL CENTRE,,,,,,9700
202508,QHM,00P00,COALFIELDS PCN,U69720,HETTON GROUP PRACTICE,,,,,,11889
202508,QHM,00P00,COALFIELDS PCN,U69720,"HOUGHTON MEDICAL GROUP,",,,,,,8448
202508,QHM,00P00,COALFIELDS PCN,U69720,KEPIER MEDICAL PRACTICE,,,,,,8551
202508,QHM,00P00,COALFIELDS PCN,U69720,WESTBOURNE MEDICAL GROUP,,,,,,6667
202508,QHM,00P00,DUMMY,-,PALLION PRIMARY CARE SERVICES,,,,,,37
202508,QHM,00P00,SUNDERLAND CENTRAL PCN,U05458,HAPPY HOUSE SURGERY,,,,,,8133
202508,QHM,00P00,SUNDERLAND CENTRAL PCN,U05458,NEW SILKSWORTH MEDICAL PRACTICE,,,,,,9179
202508,QHM,00P00,SUNDERLAND CENTRAL PCN,U05458,SPRINGWELL MEDICAL GROUP,,,,,,6386
202508,QHM,00P00,SUNDERLAND CENTRAL PCN,U05458,SUNDERLAND GP ALLIANCE SOUTH HYLTON SURG,,,,,,4551
202508,QHM,00P00,SUNDERLAND CENTRAL PCN,U05458,VILLAGE SURGERY PARTNERSHIP,,,,,,4848
202508,QHM,00P00,SUNDERLAND EAST PCN,U52297,ASHBURN MEDICAL CENTRE,,,,,,5266
202508,QHM,00P00,SUNDERLAND EAST PCN,U52297,DEERNESS PARK MEDICAL GROUP,,,,,,13578
202508,QHM,00P00,SUNDERLAND EAST PCN,U52297,PARK LANE PRACTICE,,,,,,4274
202508,QHM,00P00,SUNDERLAND EAST PCN,U52297,RIVERVIEW SURGERY,,,,,,6925
202508,QHM,00P00,SUNDERLAND EAST PCN,U52297,SOUTHLANDS MEDICAL GROUP,,,,,,10690
202508,QHM,00P00,SUNDERLAND EAST PCN,U52297,THE NEW CITY MEDICAL GROUP,,,,,,5598
202508,QHM,00P00,SUNDERLAND EAST PCN,U52297,VILLETTE SURGERY,,,,,,5822
202508,QHM,00P00,SUNDERLAND NORTH PCN,U43314,BRIDGE VIEW MEDICAL GROUP,,,,,,14803
202508,QHM,00P00,SUNDERLAND NORTH PCN,U43314,CASTLETOWN MEDICAL CENTRE,,,,,,2166
202508,QHM,00P00,SUNDERLAND NORTH PCN,U43314,"FULWELL MEDICAL CENTRE,",,,,,,9194
202508,QHM,00P00,SUNDERLAND NORTH PCN,U43314,MONKWEARMOUTH HEALTH CENTRE,,,,,,4593
202508,QHM,00P00,SUNDERLAND NORTH PCN,U43314,RED HOUSE MEDICAL CENTRE,,,,,,5496
202508,QHM,00P00,SUNDERLAND NORTH PCN,U43314,ST BEDE MEDICAL CENTRE,,,,,,9317
202508,QHM,00P00,SUNDERLAND WEST 1 PCN,U14646,CHESTER SURGERY,,,,,,3047
202508,QHM,00P00,SUNDERLAND WEST 1 PCN,U14646,FORGE MEDICAL PRACTICE,,,,,,8528
202508,QHM,00P00,SUNDERLAND WEST 1 PCN,U14646,HYLTON MEDICAL GROUP,,,,,,7252
202508,QHM,00P00,SUNDERLAND WEST 1 PCN,U14646,MILLFIELD MEDICAL GROUP,,,,,,14399
202508,QHM,00P00,SUNDERLAND WEST 1 PCN,U14646,PALLION FAMILY PRACTICE,,,,,,10018
202508,QHM,00P00,SUNDERLAND WEST 1 PCN,U14646,THE BROADWAY MEDICAL PRACTICE,,,,,,7834
202508,QHM,00P00,SUNDERLAND WEST 1 PCN,U14646,WEARSIDE MEDICAL PRACTICE - PALLION,,,,,,7869
202508,QHM,00P00,WASHINGTON PCN,U61868,CONCORD MEDICAL PRACTICE,,,,,,5205
202508,QHM,00P00,WASHINGTON PCN,U61868,GALLERIES MEDICAL PRACTICE,,,,,,11595
202508,QHM,00P00,WASHINGTON PCN,U61868,I J HEALTHCARE,,,,,,3580
202508,QHM,00P00,WASHINGTON PCN,U61868,NEW WASHINGTON MEDICAL GROUP,,,,,,7191
202508,QHM,00P00,WASHINGTON PCN,U61868,RICKLETON MEDICAL CENTRE,,,,,,2869
202508,QHM,00P00,WASHINGTON PCN,U61868,SUNDERLAND GP ALLIANCE MEDICAL PRACTICE,,,,,,10010
202508,QHM,00P00,WASHINGTON PCN,U61868,THE STEPHENSON MEDICAL PRACTICE,,,,,,12226
202508,QHM,01H00,CARLISLE HEALTHCARE PCN,U92223,BRAMPTON MEDICAL PRACTICE,,,,,,16769
202508,QHM,01H00,CARLISLE HEALTHCARE PCN,U92223,CARLISLE HEALTHCARE,,,,,,40493
202508,QHM,01H00,CARLISLE HEALTHCARE PCN,U92223,LONGTOWN MEDICAL CENTRE,,,,,,3846
202508,QHM,01H00,CARLISLE HEALTHCARE PCN,U92223,SPENCER ST SURGERY,,,,,,13642
202508,QHM,01H00,CARLISLE PCN,U66688,CARLISLE CENTRAL PRACTICE,,,,,,13429
202508,QHM,01H00,CARLISLE PCN,U66688,EDEN MEDICAL GROUP,,,,,,15344
202508,QHM,01H00,CARLISLE PCN,U66688,WARWICK SQUARE GROUP PRACTICE,,,,,,7891
202508,QHM,01H00,COCKERMOUTH & MARYPORT PCN,U76572,CASTLEGATE AND DERWENT SURGERY,,,,,,18149
202508,QHM,01H00,COCKERMOUTH & MARYPORT PCN,U76572,MARYPORT HEALTH SERVICES,,,,,,13831
202508,QHM,01H00,COPELAND HAVEN PCN,U94879,DISTINGTON SURGERY,,,,,,6459
202508,QHM,01H00,COPELAND HAVEN PCN,U94879,MANSION HOUSE SURGERY,,,,,,7653
202508,QHM,01H00,COPELAND HAVEN PCN,U94879,WESTCROFT HOUSE SURGERY,,,,,,6279
202508,QHM,01H00,COPELAND PCN,U48302,FELLVIEW HEALTHCARE,,,,,,22981
202508,QHM,01H00,COPELAND PCN,U48302,LOWTHER MEDICAL CENTRE,,,,,,13801
202508,QHM,01H00,COPELAND PCN,U48302,SEASCALE HEALTH CENTRE,,,,,,5965
202508,QHM,01H00,EDEN (CUMBRIA) PCN,U08085,ALSTON MEDICAL PRACTICE,,,,,,2214
202508,QHM,01H00,EDEN (CUMBRIA) PCN,U08085,APPLEBY MEDICAL PRACTICE,,,,,,5134
202508,QHM,01H00,EDEN (CUMBRIA) PCN,U08085,BIRBECK MEDICAL GROUP,,,,,,14458
202508,QHM,01H00,EDEN (CUMBRIA) PCN,U08085,COURT THORN SURGERY,,,,,,3770
202508,QHM,01H00,EDEN (CUMBRIA) PCN,U08085,GLENRIDDING HEALTH CENTRE,,,,,,976
202508,QHM,01H00,EDEN (CUMBRIA) PCN,U08085,KIRKOSWALD SURGERY,,,,,,2808
202508,QHM,01H00,EDEN (CUMBRIA) PCN,U08085,SHAP MEDICAL PRACTICE,,,,,,3327
202508,QHM,01H00,EDEN (CUMBRIA) PCN,U08085,TEMPLE SOWERBY MEDICAL PRACTICE,,,,,,4656
202508,QHM,01H00,EDEN (CUMBRIA) PCN,U08085,THE LAKES MEDICAL PRACTICE,,,,,,11613
202508,QHM,01H00,EDEN (CUMBRIA) PCN,U08085,UPPER EDEN MEDICAL PRACTICE,,,,,,6514
202508,QHM,01H00,KESWICK & SOLWAY PCN,U25680,ASPATRIA MEDICAL GROUP,,,,,,7252
202508,QHM,01H00,KESWICK & SOLWAY PCN,U25680,CALDBECK SURGERY,,,,,,4267
202508,QHM,01H00,KESWICK & SOLWAY PCN,U25680,CASTLEHEAD MEDICAL CENTRE,,,,,,8395
202508,QHM,01H00,KESWICK & SOLWAY PCN,U25680,DALSTON MEDICAL GROUP,,,,,,5168
202508,QHM,01H00,KESWICK & SOLWAY PCN,U25680,SILLOTH GROUP MEDICAL PRACTICE,,,,,,4450
202508,QHM,01H00,KESWICK & SOLWAY PCN,U25680,THE CROFT SURGERY,,,,,,3546
202508,QHM,01H00,KESWICK & SOLWAY PCN,U25680,WIGTON GROUP MEDICAL PRACTICE,,,,,,9175
202508,QHM,01H00,WORKINGTON PCN,U67303,JAMES STREET GROUP PRACT,,,,,,33363
202508,QHM,13T00,BIRTLEY AND CENTRAL GATESHEAD PCN,U76028,BIRTLEY MEDICAL GROUP,,,,,,15329
202508,QHM,13T00,BIRTLEY AND CENTRAL GATESHEAD PCN,U76028,OXFORD TCE & RAWLING RD MEDICAL GROUP,,,,,,17979
202508,QHM,13T00,BIRTLEY AND CENTRAL GATESHEAD PCN,U76028,SECOND STREET SURGERY,,,,,,4503
202508,QHM,13T00,BIRTLEY AND CENTRAL GATESHEAD PCN,U76028,THE BRIDGES MEDICAL PRACTICE,,,,,,8275
202508,QHM,13T00,GATESHEAD CENTRAL SOUTH PCN,U91254,BEACON VIEW MEDICAL CENTRE,,,,,,5761
202508,QHM,13T00,GATESHEAD CENTRAL SOUTH PCN,U91254,BENSHAM FAMILY PRACTICE,,,,,,3804
202508,QHM,13T00,GATESHEAD CENTRAL SOUTH PCN,U91254,BEWICK ROAD SURGERY,,,,,,8422
202508,QHM,13T00,GATESHEAD CENTRAL SOUTH PCN,U91254,CENTRAL GATESHEAD MEDICAL GROUP,,,,,,10583
202508,QHM,13T00,GATESHEAD CENTRAL SOUTH PCN,U91254,FELL COTTAGE SURGERY,,,,,,8766
202508,QHM,13T00,GATESHEAD CENTRAL SOUTH PCN,U91254,FELL TOWER MEDICAL CENTRE,,,,,,7478
202508,QHM,13T00,GATESHEAD CENTRAL SOUTH PCN,U91254,MILLENNIUM FAMILY PRACTICE,,,,,,3790
202508,QHM,13T00,GATESHEAD CENTRAL SOUTH PCN,U91254,WREKENTON MEDICAL GROUP,,,,,,12260
202508,QHM,13T00,GATESHEAD EAST PCN,U13720,CROWHALL MEDICAL CENTRE,,,,,,6495
202508,QHM,13T00,GATESHEAD EAST PCN,U13720,LONGRIGG MEDICAL CENTRE,,,,,,10095
202508,QHM,13T00,GATESHEAD EAST PCN,U13720,PELAW MEDICAL PRACTICE,,,,,,5569
202508,QHM,13T00,GATESHEAD EAST PCN,U13720,ST. ALBANS MEDICAL GROUP,,,,,,7209
202508,QHM,13T00,GATESHEAD INNER WEST PCN,U33691,CHAINBRIDGE MEDICAL PARTNERSHIP,,,,,,11503
202508,QHM,13T00,GATESHEAD INNER WEST PCN,U33691,GLENPARK & TEAMS MEDICAL SERVICES,,,,,,14542
202508,QHM,13T00,GATESHEAD INNER WEST PCN,U33691,SUNNISIDE SURGERY,,,,,,3894
202508,QHM,13T00,GATESHEAD INNER WEST PCN,U33691,WHICKHAM COTTAGE MEDICAL CENTRE,,,,,,15620
202508,QHM,13T00,GATESHEAD OUTER WEST PCN,U41930,CHOPWELL PRIMARY HEALTHCARE CENTRE,,,,,,2592
202508,QHM,13T00,GATESHEAD OUTER WEST PCN,U41930,CRAWCROOK MEDICAL CENTRE,,,,,,20264
202508,QHM,13T00,GATESHEAD OUTER WEST PCN,U41930,HOLLYHURST MEDICAL CENTRE,,,,,,4987
202508,QHM,13T00,GATESHEAD OUTER WEST PCN,U41930,OLDWELL SURGERY,,,,,,4766
202508,QHM,13T00,JESMOND - LOWER GOSFORTH PCN,U34146,JESMOND HEALTH PARTNERSHIP,,,,,,27255
202508,QHM,13T00,JESMOND - LOWER GOSFORTH PCN,U34146,ROSEWORTH SURGERY,,,,,,5824
202508,QHM,13T00,JESMOND - LOWER GOSFORTH PCN,U34146,THE GROVE MEDICAL GROUP,,,,,,13260
202508,QHM,13T00,NEWCASTLE CENTRAL HEALTH PCN,U43524,SAVILLE MEDICAL GROUP,,,,,,41614
202508,QHM,13T00,NEWCASTLE EAST PCN,U17849,BENFIELD PARK MEDICAL GROUP,,,,,,10359
202508,QHM,13T00,NEWCASTLE EAST PCN,U17849,BIDDLESTONE HEALTH GROUP,,,,,,10724
202508,QHM,13T00,NEWCASTLE EAST PCN,U17849,HEATON ROAD SURGERY,,,,,,7045
202508,QHM,13T00,NEWCASTLE EAST PCN,U17849,NEWCASTLE MEDICAL CENTRE,,,,,,20920
202508,QHM,13T00,NEWCASTLE EAST PCN,U17849,ST.ANTHONY'S HEALTH CENTRE,,,,,,6602
202508,QHM,13T00,NEWCASTLE EAST PCN,U17849,THORNFIELD MEDICAL GROUP,,,,,,20016
202508,QHM,13T00,NEWCASTLE EAST PCN,U17849,WALKER MEDICAL GROUP,,,,,,10784
202508,QHM,13T00,NEWCASTLE INNER WEST PCN,U45898,BETTS AVENUE MEDICAL GROUP,,,,,,10696
202508,QHM,13T00,NEWCASTLE INNER WEST PCN,U45898,DILSTON MEDICAL CENTRE,,,,,,9730
202508,QHM,13T00,NEWCASTLE INNER WEST PCN,U45898,ELSWICK FAMILY PRACTICE,,,,,,8406
202508,QHM,13T00,NEWCASTLE INNER WEST PCN,U45898,FENHAM HALL SURGERY,,,,,,10894
202508,QHM,13T00,NEWCASTLE INNER WEST PCN,U45898,PROSPECT MEDICAL CENTRE,,,,,,14539
202508,QHM,13T00,NEWCASTLE OUTER WEST PCN,U87170,DENTON PARK MEDICAL GROUP,,,,,,7487
202508,QHM,13T00,NEWCASTLE OUTER WEST PCN,U87170,DENTON TURRET MEDICAL CENTRE,,,,,,9072
202508,QHM,13T00,NEWCASTLE OUTER WEST PCN,U87170,NEWBURN SURGERY,,,,,,6219
202508,QHM,13T00,NEWCASTLE OUTER WEST PCN,U87170,PARKWAY MEDICAL GROUP,,,,,,8443
202508,QHM,13T00,NEWCASTLE OUTER WEST PCN,U87170,THROCKLEY PRIMARY CARE CENTRE,,,,,,7561
202508,QHM,13T00,NEWCASTLE OUTER WEST PCN,U87170,WESTERHOPE MEDICAL GROUP,,,,,,13776
202508,QHM,13T00,NORTH GOSFORTH PCN,U70624,BRUNTON PARK,Chloral hydrate (0401010B0),2,488.5248,30,30,8200
202508,QHM,13T00,NORTH GOSFORTH PCN,U70624,PARK MEDICAL GROUP,,,,,,13392
202508,QHM,13T00,NORTH GOSFORTH PCN,U70624,REGENT MEDICAL CENTRE,,,,,,7681
202508,QHM,13T00,WEST END FAMILY HEALTH PCN,U44695,CRUDDAS PARK SURGERY,,,,,,11687
202508,QHM,13T00,WEST END FAMILY HEALTH PCN,U44695,HOLMSIDE MEDICAL GROUP,,,,,,10056
202508,QHM,13T00,WEST END FAMILY HEALTH PCN,U44695,WEST ROAD MEDICAL CENTRE,,,,,,12453
202508,QHM,16C00,BILLINGHAM & NORTON PCN,U94460,DR RASOOL,,,,,,2178
202508,QHM,16C00,BILLINGHAM & NORTON PCN,U94460,KINGSWAY MEDICAL CENTRE,,,,,,10003
202508,QHM,16C00,BILLINGHAM & NORTON PCN,U94460,MARSH HOUSE MEDICAL PRACTICE,,,,,,8554
202508,QHM,16C00,BILLINGHAM & NORTON PCN,U94460,MELROSE SURGERY,,,,,,2347
202508,QHM,16C00,BILLINGHAM & NORTON PCN,U94460,NORTON MEDICAL CENTRE,,,,,,16234
202508,QHM,16C00,BILLINGHAM & NORTON PCN,U94460,QUEENSTREE PRACTICE,,,,,,4135
202508,QHM,16C00,BILLINGHAM & NORTON PCN,U94460,THE ROSEBERRY PRACTICE,,,,,,7876
202508,QHM,16C00,BYTES PCN,U63844,EAGLESCLIFFE MEDICAL PRACTICE,,,,,,12956
202508,QHM,16C00,BYTES PCN,U63844,PARK LANE SURGERY,,,,,,5481
202508,QHM,16C00,BYTES PCN,U63844,THORNABY & BARWICK MEDICAL GROUP,,,,,,20961
202508,QHM,16C00,BYTES PCN,U63844,YARM MEDICAL PRACTICE,,,,,,14352
202508,QHM,16C00,CENTRAL MIDDLESBROUGH PCN,U55830,MARTONSIDE MEDICAL CENTRE,,,,,,7877
202508,QHM,16C00,CENTRAL MIDDLESBROUGH PCN,U55830,PARK SURGERY,,,,,,12443
202508,QHM,16C00,CENTRAL MIDDLESBROUGH PCN,U55830,PROSPECT SURGERY,,,,,,7026
202508,QHM,16C00,CENTRAL MIDDLESBROUGH PCN,U55830,THE DISCOVERY PRACTICE,,,,,,8324
202508,QHM,16C00,CENTRAL MIDDLESBROUGH PCN,U55830,THE ENDEAVOUR PRACTICE,,,,,,8516
202508,QHM,16C00,CENTRAL MIDDLESBROUGH PCN,U55830,THE ERIMUS PRACTICE,Chloral hydrate (0401010B0),2,1085.5648,80,80,6443
202508,QHM,16C00,CENTRAL MIDDLESBROUGH PCN,U55830,THORNTREE SURGERY,,,,,,2762
202508,QHM,16C00,DARLINGTON PCN,U45102,BLACKETTS MEDICAL PRACTICE,,,,,,11504
202508,QHM,16C00,DARLINGTON PCN,U45102,CARMEL MEDICAL PRACTICE,,,,,,11789
202508,QHM,16C00,DARLINGTON PCN,U45102,CLIFTON COURT MEDICAL PRACTICE,,,,,,12256
202508,QHM,16C00,DARLINGTON PCN,U45102,DENMARK STREET SURGERY,,,,,,14921
202508,QHM,16C00,DARLINGTON PCN,U45102,MIDDLETON AND DINSDALE MEDICAL PRACTICE,,,,,,5940
202508,QHM,16C00,DARLINGTON PCN,U45102,MOORLANDS SURGERY,,,,,,13247
202508,QHM,16C00,DARLINGTON PCN,U45102,NEASHAM ROAD SURGERY,,,,,,13359
202508,QHM,16C00,DARLINGTON PCN,U45102,ORCHARD COURT SURGERY,,,,,,8663
202508,QHM,16C00,DARLINGTON PCN,U45102,PARKGATE SURGERY,,,,,,4873
202508,QHM,16C00,DARLINGTON PCN,U45102,ROCKLIFFE COURT SURGERY,,,,,,6271
202508,QHM,16C00,DARLINGTON PCN,U45102,WHINFIELD MEDICAL PRACTICE,,,,,,12218
202508,QHM,16C00,DUMMY,-,THE RIDGEWAY HEALTH CENTRE,,,,,,9
202508,QHM,16C00,EAST CLEVELAND PCN,U07842,BROTTON SURGERY,,,,,,7735
202508,QHM,16C00,EAST CLEVELAND PCN,U07842,HILLSIDE PRACTICE,,,,,,9382
202508,QHM,16C00,EAST CLEVELAND PCN,U07842,SPRINGWOOD SURGERY,,,,,,7596
202508,QHM,16C00,EAST CLEVELAND PCN,U07842,THE GARTH,,,,,,11694
202508,QHM,16C00,EAST CLEVELAND PCN,U07842,WOODSIDE SURGERY,,,,,,5846
202508,QHM,16C00,ESTON PCN,U85257,CAMBRIDGE MEDICAL GROUP,,,,,,7264
202508,QHM,16C00,ESTON PCN,U85257,NORMANBY MEDICAL CENTRE,Chloral hydrate (0401010B0),1,488.5124,30,30,22913
202508,QHM,16C00,ESTON PCN,U85257,SOUTH GRANGE MEDICAL GROUP PRACTICE,,,,,,15550
202508,QHM,16C00,ESTON PCN,U85257,THE ESTON SURGERY ( D 01-Oct-25 ),,,,,,3695
202508,QHM,16C00,GREATER MIDDLESBROUGH PCN,U02671,ACKLAM MEDICAL CENTRE,Chloral hydrate (0401010B0),4,2931.0496,180,180,11380
202508,QHM,16C00,GREATER MIDDLESBROUGH PCN,U02671,COULBY MEDICAL PRACTICE,,,,,,9234
202508,QHM,16C00,GREATER MIDDLESBROUGH PCN,U02671,CROSSFELL HEALTH CENTRE,,,,,,8873
202508,QHM,16C00,GREATER MIDDLESBROUGH PCN,U02671,HIRSEL MEDICAL CENTRE,,,,,,3770
202508,QHM,16C00,GREATER MIDDLESBROUGH PCN,U02671,KINGS MEDICAL CENTRE,,,,,,6439
202508,QHM,16C00,GREATER MIDDLESBROUGH PCN,U02671,NEWLANDS MEDICAL CENTRE,,,,,,9724
202508,QHM,16C00,GREATER MIDDLESBROUGH PCN,U02671,PARKWAY MEDICAL CENTRE,,,,,,9543
202508,QHM,16C00,GREATER MIDDLESBROUGH PCN,U02671,WESTBOURNE MEDICAL CENTRE,,,,,,5672
202508,QHM,16C00,HARTLEPOOL HEALTH PCN,U40502,MCKENZIE GROUP PRACTICE,,,,,,6188
202508,QHM,16C00,HARTLEPOOL HEALTH PCN,U40502,MCKENZIE HOUSE SURGERY,Chloral hydrate (0401010B0),1,911.9824,56,56,19093
202508,QHM,16C00,HARTLEPOOL HEALTH PCN,U40502,THE HEADLAND MEDICAL CENTRE,,,,,,5374
202508,QHM,16C00,HARTLEPOOL PCN,U70212,GLADSTONE HOUSE SURGERY,,,,,,5659
202508,QHM,16C00,HARTLEPOOL PCN,U70212,HART MEDICAL PRACTICE,,,,,,9405
202508,QHM,16C00,HARTLEPOOL PCN,U70212,THE PATEL PRACTICE,,,,,,4079
202508,QHM,16C00,HARTLEPOOL PCN,U70212,WEST QUAY MEDICAL PRACTICE,,,,,,6361
202508,QHM,16C00,HARTLEPOOL PCN,U70212,WEST VIEW MILLENIUM SURGERY A,,,,,,7479
202508,QHM,16C00,HOLGATE PCN,U85008,BOROUGH ROAD & NUNTHORPE MEDICAL GROUP,,,,,,16875
202508,QHM,16C00,HOLGATE PCN,U85008,LINTHORPE SURGERY,,,,,,20908
202508,QHM,16C00,HOLGATE PCN,U85008,VILLAGE MEDICAL CENTRE,,,,,,8063
202508,QHM,16C00,NORTH STOCKTON PCN,U07032,ALMA MEDICAL CENTRE,Chloral hydrate (0401010B0),1,732.7624,45,45,10932
202508,QHM,16C00,NORTH STOCKTON PCN,U07032,QUEENS PARK MEDICAL CENTRE,,,,,,18718
202508,QHM,16C00,NORTH STOCKTON PCN,U07032,TENNANT STREET MEDICAL PRACTICE,,,,,,14616
202508,QHM,16C00,ONE LIFE HARTLEPOOL PCN,U27349,BANKHOUSE SURGERY,,,,,,10489
202508,QHM,16C00,ONE LIFE HARTLEPOOL PCN,U27349,CHADWICK PRACTICE,,,,,,11922
202508,QHM,16C00,ONE LIFE HARTLEPOOL PCN,U27349,HAVELOCK GRANGE PRACTICE,,,,,,13688
202508,QHM,16C00,REDCAR COASTAL PCN,U23714,BENTLEY MEDICAL PRACTICE,Chloral hydrate (0401010B0),1,488.5124,30,30,10235
202508,QHM,16C00,REDCAR COASTAL PCN,U23714,HUNTCLIFF SURGERY,Chloral hydrate (0401010B0),2,1302.7948,80,80,9954
202508,QHM,16C00,REDCAR COASTAL PCN,U23714,THE COATHAM ROAD SURGERY,,,,,,6260
202508,QHM,16C00,REDCAR COASTAL PCN,U23714,THE GREEN HOUSE SURGERY,,,,,,9932
202508,QHM,16C00,REDCAR COASTAL PCN,U23714,THE RAVENSCAR SURGERY,Chloral hydrate (0401010B0),1,244.2624,15,15,3418
202508,QHM,16C00,REDCAR COASTAL PCN,U23714,THE SALTSCAR SURGERY,,,,,,8525
202508,QHM,16C00,REDCAR COASTAL PCN,U23714,ZETLAND MEDICAL PRACTICE,,,,,,7066
202508,QHM,16C00,STOCKTON PCN,U89141,ELM TREE SURGERY,,,,,,16127
202508,QHM,16C00,STOCKTON PCN,U89141,RIVERSIDE MEDICAL PRACTICE,,,,,,10626
202508,QHM,16C00,STOCKTON PCN,U89141,THE DENSHAM SURGERY,,,,,,3836
202508,QHM,16C00,STOCKTON PCN,U89141,THE DOVECOT SURGERY,,,,,,4103
202508,QHM,16C00,STOCKTON PCN,U89141,WOODBRIDGE PRACTICE,Chloral hydrate (0401010B0),1,732.7624,45,45,18304
202508,QHM,16C00,STOCKTON PCN,U89141,WOODLANDS FAMILY MEDICAL CENTRE,,,,,,12289
202508,QHM,84H00,BISHOP AUCKLAND PCN,U85067,AUCKLAND MEDICAL GROUP,,,,,,15983
202508,QHM,84H00,BISHOP AUCKLAND PCN,U85067,BISHOPGATE MEDICAL CENTRE,,,,,,13699
202508,QHM,84H00,BISHOP AUCKLAND PCN,U85067,STATION VIEW MEDICAL CENTRE,,,,,,9725
202508,QHM,84H00,CHESTER LE STREET PCN,U77096,BRIDGE END SURGERY,,,,,,7656
202508,QHM,84H00,CHESTER LE STREET PCN,U77096,CESTRIA HEALTH CENTRE,,,,,,12665
202508,QHM,84H00,CHESTER LE STREET PCN,U77096,GREAT LUMLEY SURGERY,,,,,,5264
202508,QHM,84H00,CHESTER LE STREET PCN,U77096,MIDDLE CHARE MEDICAL GROUP,,,,,,9374
202508,QHM,84H00,CHESTER LE STREET PCN,U77096,PELTON & FELLROSE MEDICAL GROUP,,,,,,10211
202508,QHM,84H00,CHESTER LE STREET PCN,U77096,SACRISTON MEDICAL CENTRE,,,,,,10728
202508,QHM,84H00,CHESTER LE STREET PCN,U77096,VILLAGES MEDICAL GROUP,,,,,,4116
202508,QHM,84H00,CLAYPATH & UNIVERSITY MEDICAL GROUP PCN,U38486,CLAYPATH & UNIVERSITY MEDICAL GROUP,,,,,,31222
202508,QHM,84H00,DERWENTSIDE PCN,U70497,ANNFIELD PLAIN SURGERY,,,,,,3577
202508,QHM,84H00,DERWENTSIDE PCN,U70497,BROWNEY HOUSE SURGERY,,,,,,2676
202508,QHM,84H00,DERWENTSIDE PCN,U70497,CEDARS MEDICAL GROUP,,,,,,6212
202508,QHM,84H00,DERWENTSIDE PCN,U70497,CONSETT MEDICAL CENTRE,Chloral hydrate (0401010B0),2,488.5248,30,30,16730
202508,QHM,84H00,DERWENTSIDE PCN,U70497,DRS LAMBERT & NG,,,,,,5281
202508,QHM,84H00,DERWENTSIDE PCN,U70497,LANCHESTER MEDICAL CENTRE,,,,,,4164
202508,QHM,84H00,DERWENTSIDE PCN,U70497,LEADGATE SURGERY,,,,,,5794
202508,QHM,84H00,DERWENTSIDE PCN,U70497,OAKFIELDS HEALTH GROUP,,,,,,7702
202508,QHM,84H00,DERWENTSIDE PCN,U70497,QUEENS ROAD SURGERY,,,,,,16456
202508,QHM,84H00,DERWENTSIDE PCN,U70497,STANLEY MEDICAL GROUP,,,,,,12529
202508,QHM,84H00,DERWENTSIDE PCN,U70497,TANFIELD VIEW MEDICAL GROUP,Chloral hydrate (0401010B0),1,488.5124,30,30,10822
202508,QHM,84H00,DERWENTSIDE PCN,U70497,THE HAVEN SURGERY,,,,,,1753
202508,QHM,84H00,DURHAM COAST PCN,U26864,BEVAN MEDICAL GROUP,,,,,,8648
202508,QHM,84H00,DURHAM COAST PCN,U26864,EAST DURHAM MEDICAL GROUP,,,,,,18231
202508,QHM,84H00,DURHAM COAST PCN,U26864,SOUTHDENE MEDICAL CENTRE,,,,,,3408
202508,QHM,84H00,DURHAM COAST PCN,U26864,WINGATE MEDICAL PRACTICE INTRAHEALTH,,,,,,3561
202508,QHM,84H00,DURHAM EAST PCN,U53962,BELMONT & SHERBURN MEDICAL GROUP,,,,,,6310
202508,QHM,84H00,DURHAM EAST PCN,U53962,BOWBURN MEDICAL CENTRE,,,,,,4596
202508,QHM,84H00,DURHAM EAST PCN,U53962,CHEVELEY PARK MEDICAL CTR,,,,,,5101
202508,QHM,84H00,DURHAM EAST PCN,U53962,COXHOE MEDICAL PRACTICE,,,,,,7662
202508,QHM,84H00,DURHAM EAST PCN,U53962,WEST RAINTON SURGERY,,,,,,5461
202508,QHM,84H00,DURHAM WEST PCN,U01989,CHASTLETON MEDICAL GROUP,,,,,,10306
202508,QHM,84H00,DURHAM WEST PCN,U01989,DUNELM MEDICAL PRACTICE,,,,,,14520
202508,QHM,84H00,DURHAM WEST PCN,U01989,THE MEDICAL GROUP,,,,,,26674
202508,QHM,84H00,EASINGTON CENTRAL PCN,U14615,BLACKHALL AND PETERLEE PRACTICE,,,,,,10258
202508,QHM,84H00,EASINGTON CENTRAL PCN,U14615,THE HORDEN GROUP PRACTICE,,,,,,8317
202508,QHM,84H00,EASINGTON CENTRAL PCN,U14615,WILLIAM BROWN CENTRE,Chloral hydrate (0401010B0),2,488.5248,30,30,15562
202508,QHM,84H00,NORTH EASINGTON PCN,U81825,BYRON MEDICAL PRACTICE,,,,,,8295
202508,QHM,84H00,NORTH EASINGTON PCN,U81825,MARLBOROUGH SURGERY,,,,,,11469
202508,QHM,84H00,NORTH EASINGTON PCN,U81825,MURTON MEDICAL CENTRE,,,,,,7353
202508,QHM,84H00,NORTH EASINGTON PCN,U81825,SILVERDALE FAMILY PRACTICE,,,,,,6600
202508,QHM,84H00,NORTH EASINGTON PCN,U81825,THE NEW SEAHAM MEDICAL GROUP,,,,,,4694
202508,QHM,84H00,SEDGEFIELD 1 PCN,U37593,BEWICK CRESCENT SURGERY,,,,,,12986
202508,QHM,84H00,SEDGEFIELD 1 PCN,U37593,HALLGARTH SURGERY,,,,,,5366
202508,QHM,84H00,SEDGEFIELD 1 PCN,U37593,JUBILEE MEDICAL GROUP,,,,,,12832
202508,QHM,84H00,SEDGEFIELD 1 PCN,U37593,PEASE WAY MEDICAL CENTRE,,,,,,11986
202508,QHM,84H00,SEDGEFIELD NORTH PCN,U12365,BISHOPS CLOSE MEDICAL PRACTICE,,,,,,8621
202508,QHM,84H00,SEDGEFIELD NORTH PCN,U12365,FERRYHILL AND CHILTON MEDICAL PRACTICE,,,,,,14874
202508,QHM,84H00,SEDGEFIELD NORTH PCN,U12365,SKERNE MEDICAL GROUP,Chloral hydrate (0401010B0),1,977.0124,60,60,16973
202508,QHM,84H00,SEDGEFIELD NORTH PCN,U12365,ST ANDREW'S MEDICAL PRACTICE,,,,,,15803
202508,QHM,84H00,SEDGEFIELD NORTH PCN,U12365,WEST CORNFORTH MEDICAL CENTRE,,,,,,2773
202508,QHM,84H00,TEESDALE PCN,U31619,BARNARD CASTLE SURGERY,,,,,,10994
202508,QHM,84H00,TEESDALE PCN,U31619,EVENWOOD MEDICAL PRACTICE,,,,,,2312
202508,QHM,84H00,TEESDALE PCN,U31619,GAINFORD SURGERY,,,,,,3693
202508,QHM,84H00,TEESDALE PCN,U31619,OLD FORGE SURGERY,,,,,,2695
202508,QHM,84H00,TEESDALE PCN,U31619,PINFOLD MEDICAL PRACTICE,,,,,,2888
202508,QHM,84H00,TEESDALE PCN,U31619,WOODVIEW MEDICAL PRACTICE,,,,,,2624
202508,QHM,84H00,WEAR VALLEY PCN,U96202,NORTH HOUSE SURGERY,,,,,,13535
202508,QHM,84H00,WEAR VALLEY PCN,U96202,THE WEARDALE PRACTICE,,,,,,7153
202508,QHM,84H00,WEAR VALLEY PCN,U96202,WILLINGTON MEDICAL GROUP,,,,,,9174
202508,QHM,99C00,CRAMLINGTON SEATON VALLEY PCN,U24977,WOODLANDS PARK HEALTH CTR,,,,,,6727
202508,QHM,99C00,NORTH SHIELDS PCN,U91110,COLLINGWOOD HEALTH GROUP,,,,,,24430
202508,QHM,99C00,NORTH SHIELDS PCN,U91110,PRIORY MEDICAL GROUP,,,,,,15474
202508,QHM,99C00,NORTH SHIELDS PCN,U91110,REDBURN PARK MEDICAL CENTRE,,,,,,6296
202508,QHM,99C00,NORTH TYNESIDE NORTH WEST PCN,U95193,LANE END SURGERY,,,,,,9455
202508,QHM,99C00,NORTH TYNESIDE NORTH WEST PCN,U95193,MALLARD MEDICAL PRACTICE,Chloral hydrate (0401010B0),1,488.5124,30,30,5517
202508,QHM,99C00,NORTH TYNESIDE NORTH WEST PCN,U95193,STEPHENSON PARK HEALTH GROUP,,,,,,17790
202508,QHM,99C00,NORTH TYNESIDE NORTH WEST PCN,U95193,SWARLAND AVENUE SURGERY,,,,,,6699
202508,QHM,99C00,NORTH TYNESIDE NORTH WEST PCN,U95193,WELLSPRING MEDICAL PRACT.,,,,,,6551
202508,QHM,99C00,NORTH TYNESIDE NORTH WEST PCN,U95193,WEST FARM SURGERY,,,,,,5997
202508,QHM,99C00,NORTH TYNESIDE NORTH WEST PCN,U95193,WIDEOPEN MEDICAL CENTRE,,,,,,7480
202508,QHM,99C00,NORTHUMBRIA PCN,U09980,NPC NORTH TYNESIDE - SPRING TERRACE,Chloral hydrate (0401010B0),2,130.4948,8,8,21553
202508,QHM,99C00,WALLSEND PCN,U10386,BEWICKE MEDICAL CENTRE,,,,,,9310
202508,QHM,99C00,WALLSEND PCN,U10386,HADRIAN HEALTH CENTRE,,,,,,21065
202508,QHM,99C00,WALLSEND PCN,U10386,THE VILLAGE GREEN SURGERY,,,,,,12837
202508,QHM,99C00,WHITLEY BAY PCN,U02739,BEAUMONT PARK SURGERY,,,,,,6324
202508,QHM,99C00,WHITLEY BAY PCN,U02739,BRIDGE AND MONKSEATON MEDICAL PRACTICE,,,,,,13332
202508,QHM,99C00,WHITLEY BAY PCN,U02739,MARINE AVENUE MEDICAL CTR,,,,,,8990
202508,QHM,99C00,WHITLEY BAY PCN,U02739,NORTHUMBERLAND PARK MEDICAL GROUP,,,,,,9612
202508,QHM,99C00,WHITLEY BAY PCN,U02739,WHITLEY BAY HEALTH CENTRE,,,,,,13761
202509,QHM,00L00,BLYTH PCN,U25489,MARINE MEDICAL GROUP,,,,,,13980
202509,QHM,00L00,BLYTH PCN,U25489,RAILWAY MEDICAL GROUP,,,,,,26935
202509,QHM,00L00,CRAMLINGTON SEATON VALLEY PCN,U24977,FORUM FAMILY PRACTICE,,,,,,9161
202509,QHM,00L00,CRAMLINGTON SEATON VALLEY PCN,U24977,NETHERFIELD HOUSE,,,,,,6035
202509,QHM,00L00,CRAMLINGTON SEATON VALLEY PCN,U24977,VILLAGE MEDICAL GROUP,,,,,,11646
202509,QHM,00L00,DUMMY,-,RIVERSDALE SURGERY,,,,,,5941
202509,QHM,00L00,DUMMY,-,THE ADDERLANE SURGERY,,,,,,2204
202509,QHM,00L00,NORTHUMBRIA PCN,U09980,NPC AMBLE & BROOMHILL,,,,,,12222
202509,QHM,00L00,NORTHUMBRIA PCN,U09980,NPC CENTRAL NORTHUMBERLAND,,,,,,49440
202509,QHM,00L00,NORTHUMBRIA PCN,U09980,NPC CRAMLINGTON,,,,,,5495
202509,QHM,00L00,NORTHUMBRIA PCN,U09980,NPC ELSDON AVENUE,,,,,,4348
202509,QHM,00L00,NORTHUMBRIA PCN,U09980,NPC FELTON & WIDDRINGTON,,,,,,4678
202509,QHM,00L00,NORTHUMBRIA PCN,U09980,NPC HAYDON BRIDGE & ALLENDALE,,,,,,5286
202509,QHM,00L00,NORTHUMBRIA PCN,U09980,NPC PONTELAND,Chloral hydrate (0401010B0),2,325.7848,20,20,10818
202509,QHM,00L00,NORTHUMBRIA PCN,U09980,NPC ROTHBURY,,,,,,6186
202509,QHM,00L00,WANSBECK PCN,U11112,BEDLINGTONSHIRE MED.GROUP,,,,,,12889
202509,QHM,00L00,WANSBECK PCN,U11112,GUIDEPOST MEDICAL GROUP,,,,,,8100
202509,QHM,00L00,WANSBECK PCN,U11112,SEATON PARK MEDICAL GROUP,,,,,,19964
202509,QHM,00L00,WANSBECK PCN,U11112,THE GABLES MEDICAL GROUP,,,,,,6328
202509,QHM,00L00,WELL UP NORTH PCN,U25545,ALNWICK MEDICAL GROUP,,,,,,19006
202509,QHM,00L00,WELL UP NORTH PCN,U25545,BELFORD MEDICAL PRACTICE,,,,,,4494
202509,QHM,00L00,WELL UP NORTH PCN,U25545,GAS HOUSE LANE SURGERY,,,,,,7251
202509,QHM,00L00,WELL UP NORTH PCN,U25545,GREYSTOKE SURGERY,,,,,,10953
202509,QHM,00L00,WELL UP NORTH PCN,U25545,UNION BRAE & NORHAM PRAC,,,,,,7129
202509,QHM,00L00,WELL UP NORTH PCN,U25545,WELL CLOSE MEDICAL GROUP,,,,,,9224
202509,QHM,00L00,WELL UP NORTH PCN,U25545,WOOLER HEALTH,,,,,,4906
202509,QHM,00L00,WEST NORTHUMBERLAND PCN,U05512,BELLINGHAM PRACTICE,,,,,,3447
202509,QHM,00L00,WEST NORTHUMBERLAND PCN,U05512,BRANCH END SURGERY,,,,,,5386
202509,QHM,00L00,WEST NORTHUMBERLAND PCN,U05512,BURN BRAE MEDICAL GROUP,,,,,,10424
202509,QHM,00L00,WEST NORTHUMBERLAND PCN,U05512,CORBRIDGE HEALTH CENTRE,,,,,,7293
202509,QHM,00L00,WEST NORTHUMBERLAND PCN,U05512,HALTWHISTLE MEDICAL GROUP,,,,,,5580
202509,QHM,00L00,WEST NORTHUMBERLAND PCN,U05512,HUMSHAUGH & WARK MED GRP,,,,,,3380
202509,QHM,00L00,WEST NORTHUMBERLAND PCN,U05512,PRUDHOE MEDICAL GROUP,,,,,,6843
202509,QHM,00L00,WEST NORTHUMBERLAND PCN,U05512,SCOTS GAP MEDICAL GROUP,,,,,,2174
202509,QHM,00L00,WEST NORTHUMBERLAND PCN,U05512,THE SELE MEDICAL PRACTICE,,,,,,5894
202509,QHM,00L00,WEST NORTHUMBERLAND PCN,U05512,WHITE MEDICAL GROUP,,,,,,8679
202509,QHM,00N00,SOUTH TYNESIDE EAST PCN,U20256,FARNHAM MEDICAL CTR.,,,,,,16738
202509,QHM,00N00,SOUTH TYNESIDE EAST PCN,U20256,ST GEORGE & RIVERSIDE MEDICAL PRACTICE,,,,,,7413
202509,QHM,00N00,SOUTH TYNESIDE EAST PCN,U20256,TALBOT MEDICAL CENTRE,,,,,,7793
202509,QHM,00N00,SOUTH TYNESIDE EAST PCN,U20256,TRINITY MEDICAL CENTRE,,,,,,6397
202509,QHM,00N00,SOUTH TYNESIDE EAST PCN,U20256,WENLOCK ROAD SURGERY,,,,,,4425
202509,QHM,00N00,SOUTH TYNESIDE EAST PCN,U20256,WEST VIEW SURGERY,,,,,,2873
202509,QHM,00N00,SOUTH TYNESIDE SOUTH PCN,U89118,CENTRAL SURGERY,,,,,,19275
202509,QHM,00N00,SOUTH TYNESIDE SOUTH PCN,U89118,COLLIERY COURT MEDICAL GROUP,,,,,,8361
202509,QHM,00N00,SOUTH TYNESIDE SOUTH PCN,U89118,DR THORNILEY-WALKER & PARTNERS,,,,,,5931
202509,QHM,00N00,SOUTH TYNESIDE SOUTH PCN,U89118,IMEARY MEDICAL GROUP,,,,,,4428
202509,QHM,00N00,SOUTH TYNESIDE SOUTH PCN,U89118,MARSDEN MEDICAL GROUP,,,,,,22747
202509,QHM,00N00,SOUTH TYNESIDE SOUTH PCN,U89118,WHITBURN SURGERY,,,,,,5339
202509,QHM,00N00,SOUTH TYNESIDE WEST PCN,U37826,ALBERT ROAD SURGERY,,,,,,3557
202509,QHM,00N00,SOUTH TYNESIDE WEST PCN,U37826,EAST WING PRACTICE,,,,,,4199
202509,QHM,00N00,SOUTH TYNESIDE WEST PCN,U37826,ELLISON VIEW SURGERY,,,,,,6049
202509,QHM,00N00,SOUTH TYNESIDE WEST PCN,U37826,MAYFIELD MEDICAL GROUP,,,,,,9006
202509,QHM,00N00,SOUTH TYNESIDE WEST PCN,U37826,RAVENSWORTH SURGERY,,,,,,5975
202509,QHM,00N00,SOUTH TYNESIDE WEST PCN,U37826,THE G.P.SUITE,,,,,,4326
202509,QHM,00N00,SOUTH TYNESIDE WEST PCN,U37826,THE GLEN MEDICAL GROUP,,,,,,11097
202509,QHM,00N00,SOUTH TYNESIDE WEST PCN,U37826,VICTORIA MEDICAL CENTRE,,,,,,3654
202509,QHM,00P00,COALFIELDS PCN,U69720,GRANGEWOOD SURGERY,,,,,,7514
202509,QHM,00P00,COALFIELDS PCN,U69720,HERRINGTON MEDICAL CENTRE,,,,,,9714
202509,QHM,00P00,COALFIELDS PCN,U69720,HETTON GROUP PRACTICE,,,,,,11899
202509,QHM,00P00,COALFIELDS PCN,U69720,"HOUGHTON MEDICAL GROUP,",,,,,,8452
202509,QHM,00P00,COALFIELDS PCN,U69720,KEPIER MEDICAL PRACTICE,,,,,,8549
202509,QHM,00P00,COALFIELDS PCN,U69720,WESTBOURNE MEDICAL GROUP,,,,,,6665
202509,QHM,00P00,DUMMY,-,PALLION PRIMARY CARE SERVICES,,,,,,39
202509,QHM,00P00,SUNDERLAND CENTRAL PCN,U05458,HAPPY HOUSE SURGERY,,,,,,8107
202509,QHM,00P00,SUNDERLAND CENTRAL PCN,U05458,NEW SILKSWORTH MEDICAL PRACTICE,,,,,,9164
202509,QHM,00P00,SUNDERLAND CENTRAL PCN,U05458,SPRINGWELL MEDICAL GROUP,,,,,,6377
202509,QHM,00P00,SUNDERLAND CENTRAL PCN,U05458,SUNDERLAND GP ALLIANCE SOUTH HYLTON SURG,,,,,,4552
202509,QHM,00P00,SUNDERLAND CENTRAL PCN,U05458,VILLAGE SURGERY PARTNERSHIP,,,,,,4864
202509,QHM,00P00,SUNDERLAND EAST PCN,U52297,ASHBURN MEDICAL CENTRE,,,,,,5256
202509,QHM,00P00,SUNDERLAND EAST PCN,U52297,DEERNESS PARK MEDICAL GROUP,,,,,,13589
202509,QHM,00P00,SUNDERLAND EAST PCN,U52297,PARK LANE PRACTICE,,,,,,4223
202509,QHM,00P00,SUNDERLAND EAST PCN,U52297,RIVERVIEW SURGERY,,,,,,6950
202509,QHM,00P00,SUNDERLAND EAST PCN,U52297,SOUTHLANDS MEDICAL GROUP,,,,,,10717
202509,QHM,00P00,SUNDERLAND EAST PCN,U52297,THE NEW CITY MEDICAL GROUP,,,,,,5632
202509,QHM,00P00,SUNDERLAND EAST PCN,U52297,VILLETTE SURGERY,,,,,,5827
202509,QHM,00P00,SUNDERLAND NORTH PCN,U43314,BRIDGE VIEW MEDICAL GROUP,,,,,,14798
202509,QHM,00P00,SUNDERLAND NORTH PCN,U43314,CASTLETOWN MEDICAL CENTRE,,,,,,2201
202509,QHM,00P00,SUNDERLAND NORTH PCN,U43314,"FULWELL MEDICAL CENTRE,",,,,,,9178
202509,QHM,00P00,SUNDERLAND NORTH PCN,U43314,MONKWEARMOUTH HEALTH CENTRE,,,,,,4579
202509,QHM,00P00,SUNDERLAND NORTH PCN,U43314,RED HOUSE MEDICAL CENTRE,,,,,,5474
202509,QHM,00P00,SUNDERLAND NORTH PCN,U43314,ST BEDE MEDICAL CENTRE,,,,,,9356
202509,QHM,00P00,SUNDERLAND WEST 1 PCN,U14646,CHESTER SURGERY,,,,,,3044
202509,QHM,00P00,SUNDERLAND WEST 1 PCN,U14646,FORGE MEDICAL PRACTICE,,,,,,8585
202509,QHM,00P00,SUNDERLAND WEST 1 PCN,U14646,HYLTON MEDICAL GROUP,,,,,,7260
202509,QHM,00P00,SUNDERLAND WEST 1 PCN,U14646,MILLFIELD MEDICAL GROUP,,,,,,14388
202509,QHM,00P00,SUNDERLAND WEST 1 PCN,U14646,PALLION FAMILY PRACTICE,,,,,,10030
202509,QHM,00P00,SUNDERLAND WEST 1 PCN,U14646,THE BROADWAY MEDICAL PRACTICE,,,,,,7912
202509,QHM,00P00,SUNDERLAND WEST 1 PCN,U14646,WEARSIDE MEDICAL PRACTICE - PALLION,,,,,,7928
202509,QHM,00P00,WASHINGTON PCN,U61868,CONCORD MEDICAL PRACTICE,,,,,,5190
202509,QHM,00P00,WASHINGTON PCN,U61868,GALLERIES MEDICAL PRACTICE,,,,,,11622
202509,QHM,00P00,WASHINGTON PCN,U61868,I J HEALTHCARE,,,,,,3587
202509,QHM,00P00,WASHINGTON PCN,U61868,NEW WASHINGTON MEDICAL GROUP,,,,,,7171
202509,QHM,00P00,WASHINGTON PCN,U61868,RICKLETON MEDICAL CENTRE,,,,,,2892
202509,QHM,00P00,WASHINGTON PCN,U61868,SUNDERLAND GP ALLIANCE MEDICAL PRACTICE,,,,,,9977
202509,QHM,00P00,WASHINGTON PCN,U61868,THE STEPHENSON MEDICAL PRACTICE,,,,,,12195
202509,QHM,01H00,CARLISLE HEALTHCARE PCN,U92223,BRAMPTON MEDICAL PRACTICE,,,,,,16738
202509,QHM,01H00,CARLISLE HEALTHCARE PCN,U92223,CARLISLE HEALTHCARE,,,,,,40601
202509,QHM,01H00,CARLISLE HEALTHCARE PCN,U92223,LONGTOWN MEDICAL CENTRE,,,,,,3848
202509,QHM,01H00,CARLISLE HEALTHCARE PCN,U92223,SPENCER ST SURGERY,,,,,,13670
202509,QHM,01H00,CARLISLE PCN,U66688,CARLISLE CENTRAL PRACTICE,,,,,,13402
202509,QHM,01H00,CARLISLE PCN,U66688,EDEN MEDICAL GROUP,,,,,,15275
202509,QHM,01H00,CARLISLE PCN,U66688,WARWICK SQUARE GROUP PRACTICE,,,,,,7897
202509,QHM,01H00,COCKERMOUTH & MARYPORT PCN,U76572,CASTLEGATE AND DERWENT SURGERY,,,,,,18127
202509,QHM,01H00,COCKERMOUTH & MARYPORT PCN,U76572,MARYPORT HEALTH SERVICES,,,,,,13855
202509,QHM,01H00,COPELAND HAVEN PCN,U94879,DISTINGTON SURGERY,,,,,,6470
202509,QHM,01H00,COPELAND HAVEN PCN,U94879,MANSION HOUSE SURGERY,,,,,,7626
202509,QHM,01H00,COPELAND HAVEN PCN,U94879,WESTCROFT HOUSE SURGERY,,,,,,6289
202509,QHM,01H00,COPELAND PCN,U48302,FELLVIEW HEALTHCARE,,,,,,23000
202509,QHM,01H00,COPELAND PCN,U48302,LOWTHER MEDICAL CENTRE,,,,,,13788
202509,QHM,01H00,COPELAND PCN,U48302,SEASCALE HEALTH CENTRE,,,,,,5968
202509,QHM,01H00,EDEN (CUMBRIA) PCN,U08085,ALSTON MEDICAL PRACTICE,,,,,,2220
202509,QHM,01H00,EDEN (CUMBRIA) PCN,U08085,APPLEBY MEDICAL PRACTICE,,,,,,5139
202509,QHM,01H00,EDEN (CUMBRIA) PCN,U08085,BIRBECK MEDICAL GROUP,,,,,,14461
202509,QHM,01H00,EDEN (CUMBRIA) PCN,U08085,COURT THORN SURGERY,,,,,,3761
202509,QHM,01H00,EDEN (CUMBRIA) PCN,U08085,GLENRIDDING HEALTH CENTRE,,,,,,990
202509,QHM,01H00,EDEN (CUMBRIA) PCN,U08085,KIRKOSWALD SURGERY,,,,,,2805
202509,QHM,01H00,EDEN (CUMBRIA) PCN,U08085,SHAP MEDICAL PRACTICE,,,,,,3323
202509,QHM,01H00,EDEN (CUMBRIA) PCN,U08085,TEMPLE SOWERBY MEDICAL PRACTICE,,,,,,4649
202509,QHM,01H00,EDEN (CUMBRIA) PCN,U08085,THE LAKES MEDICAL PRACTICE,,,,,,11615
202509,QHM,01H00,EDEN (CUMBRIA) PCN,U08085,UPPER EDEN MEDICAL PRACTICE,,,,,,6495
202509,QHM,01H00,KESWICK & SOLWAY PCN,U25680,ASPATRIA MEDICAL GROUP,,,,,,7271
202509,QHM,01H00,KESWICK & SOLWAY PCN,U25680,CALDBECK SURGERY,,,,,,4264
202509,QHM,01H00,KESWICK & SOLWAY PCN,U25680,CASTLEHEAD MEDICAL CENTRE,,,,,,8399
202509,QHM,01H00,KESWICK & SOLWAY PCN,U25680,DALSTON MEDICAL GROUP,,,,,,5178
202509,QHM,01H00,KESWICK & SOLWAY PCN,U25680,SILLOTH GROUP MEDICAL PRACTICE,,,,,,4449
202509,QHM,01H00,KESWICK & SOLWAY PCN,U25680,THE CROFT SURGERY,,,,,,3536
202509,QHM,01H00,KESWICK & SOLWAY PCN,U25680,WIGTON GROUP MEDICAL PRACTICE,,,,,,9159
202509,QHM,01H00,WORKINGTON PCN,U67303,JAMES STREET GROUP PRACT,,,,,,33361
202509,QHM,13T00,BIRTLEY AND CENTRAL GATESHEAD PCN,U76028,BIRTLEY MEDICAL GROUP,,,,,,15353
202509,QHM,13T00,BIRTLEY AND CENTRAL GATESHEAD PCN,U76028,OXFORD TCE & RAWLING RD MEDICAL GROUP,,,,,,18004
202509,QHM,13T00,BIRTLEY AND CENTRAL GATESHEAD PCN,U76028,SECOND STREET SURGERY,,,,,,4597
202509,QHM,13T00,BIRTLEY AND CENTRAL GATESHEAD PCN,U76028,THE BRIDGES MEDICAL PRACTICE,,,,,,8428
202509,QHM,13T00,GATESHEAD CENTRAL SOUTH PCN,U91254,BEACON VIEW MEDICAL CENTRE,,,,,,5782
202509,QHM,13T00,GATESHEAD CENTRAL SOUTH PCN,U91254,BENSHAM FAMILY PRACTICE,,,,,,3792
202509,QHM,13T00,GATESHEAD CENTRAL SOUTH PCN,U91254,BEWICK ROAD SURGERY,,,,,,8456
202509,QHM,13T00,GATESHEAD CENTRAL SOUTH PCN,U91254,CENTRAL GATESHEAD MEDICAL GROUP,,,,,,10573
202509,QHM,13T00,GATESHEAD CENTRAL SOUTH PCN,U91254,FELL COTTAGE SURGERY,,,,,,8784
202509,QHM,13T00,GATESHEAD CENTRAL SOUTH PCN,U91254,FELL TOWER MEDICAL CENTRE,,,,,,7456
202509,QHM,13T00,GATESHEAD CENTRAL SOUTH PCN,U91254,MILLENNIUM FAMILY PRACTICE,,,,,,3808
202509,QHM,13T00,GATESHEAD CENTRAL SOUTH PCN,U91254,WREKENTON MEDICAL GROUP,,,,,,12246
202509,QHM,13T00,GATESHEAD EAST PCN,U13720,CROWHALL MEDICAL CENTRE,,,,,,6521
202509,QHM,13T00,GATESHEAD EAST PCN,U13720,LONGRIGG MEDICAL CENTRE,,,,,,10074
202509,QHM,13T00,GATESHEAD EAST PCN,U13720,PELAW MEDICAL PRACTICE,,,,,,5594
202509,QHM,13T00,GATESHEAD EAST PCN,U13720,ST. ALBANS MEDICAL GROUP,,,,,,7189
202509,QHM,13T00,GATESHEAD INNER WEST PCN,U33691,CHAINBRIDGE MEDICAL PARTNERSHIP,,,,,,11517
202509,QHM,13T00,GATESHEAD INNER WEST PCN,U33691,GLENPARK & TEAMS MEDICAL SERVICES,,,,,,14564
202509,QHM,13T00,GATESHEAD INNER WEST PCN,U33691,SUNNISIDE SURGERY,,,,,,3898
202509,QHM,13T00,GATESHEAD INNER WEST PCN,U33691,WHICKHAM COTTAGE MEDICAL CENTRE,,,,,,15637
202509,QHM,13T00,GATESHEAD OUTER WEST PCN,U41930,CHOPWELL PRIMARY HEALTHCARE CENTRE,,,,,,2582
202509,QHM,13T00,GATESHEAD OUTER WEST PCN,U41930,CRAWCROOK MEDICAL CENTRE,,,,,,20247
202509,QHM,13T00,GATESHEAD OUTER WEST PCN,U41930,HOLLYHURST MEDICAL CENTRE,,,,,,5023
202509,QHM,13T00,GATESHEAD OUTER WEST PCN,U41930,OLDWELL SURGERY,,,,,,4751
202509,QHM,13T00,JESMOND - LOWER GOSFORTH PCN,U34146,JESMOND HEALTH PARTNERSHIP,,,,,,27273
202509,QHM,13T00,JESMOND - LOWER GOSFORTH PCN,U34146,ROSEWORTH SURGERY,,,,,,5798
202509,QHM,13T00,JESMOND - LOWER GOSFORTH PCN,U34146,THE GROVE MEDICAL GROUP,,,,,,13230
202509,QHM,13T00,NEWCASTLE CENTRAL HEALTH PCN,U43524,SAVILLE MEDICAL GROUP,,,,,,42545
202509,QHM,13T00,NEWCASTLE EAST PCN,U17849,BENFIELD PARK MEDICAL GROUP,,,,,,10393
202509,QHM,13T00,NEWCASTLE EAST PCN,U17849,BIDDLESTONE HEALTH GROUP,,,,,,10739
202509,QHM,13T00,NEWCASTLE EAST PCN,U17849,HEATON ROAD SURGERY,,,,,,6926
202509,QHM,13T00,NEWCASTLE EAST PCN,U17849,NEWCASTLE MEDICAL CENTRE,,,,,,22037
202509,QHM,13T00,NEWCASTLE EAST PCN,U17849,ST.ANTHONY'S HEALTH CENTRE,,,,,,6605
202509,QHM,13T00,NEWCASTLE EAST PCN,U17849,THORNFIELD MEDICAL GROUP,,,,,,20489
202509,QHM,13T00,NEWCASTLE EAST PCN,U17849,WALKER MEDICAL GROUP,,,,,,10803
202509,QHM,13T00,NEWCASTLE INNER WEST PCN,U45898,BETTS AVENUE MEDICAL GROUP,,,,,,10662
202509,QHM,13T00,NEWCASTLE INNER WEST PCN,U45898,DILSTON MEDICAL CENTRE,,,,,,9708
202509,QHM,13T00,NEWCASTLE INNER WEST PCN,U45898,ELSWICK FAMILY PRACTICE,,,,,,8443
202509,QHM,13T00,NEWCASTLE INNER WEST PCN,U45898,FENHAM HALL SURGERY,,,,,,10876
202509,QHM,13T00,NEWCASTLE INNER WEST PCN,U45898,PROSPECT MEDICAL CENTRE,,,,,,14384
202509,QHM,13T00,NEWCASTLE OUTER WEST PCN,U87170,DENTON PARK MEDICAL GROUP,,,,,,7493
202509,QHM,13T00,NEWCASTLE OUTER WEST PCN,U87170,DENTON TURRET MEDICAL CENTRE,,,,,,9071
202509,QHM,13T00,NEWCASTLE OUTER WEST PCN,U87170,NEWBURN SURGERY,,,,,,6261
202509,QHM,13T00,NEWCASTLE OUTER WEST PCN,U87170,PARKWAY MEDICAL GROUP,,,,,,8449
202509,QHM,13T00,NEWCASTLE OUTER WEST PCN,U87170,THROCKLEY PRIMARY CARE CENTRE,,,,,,7578
202509,QHM,13T00,NEWCASTLE OUTER WEST PCN,U87170,WESTERHOPE MEDICAL GROUP,,,,,,13735
202509,QHM,13T00,NORTH GOSFORTH PCN,U70624,BRUNTON PARK,Chloral hydrate (0401010B0),3,977.0372,60,60,8141
202509,QHM,13T00,NORTH GOSFORTH PCN,U70624,PARK MEDICAL GROUP,,,,,,13455
202509,QHM,13T00,NORTH GOSFORTH PCN,U70624,REGENT MEDICAL CENTRE,,,,,,7714
202509,QHM,13T00,WEST END FAMILY HEALTH PCN,U44695,CRUDDAS PARK SURGERY,,,,,,11770
202509,QHM,13T00,WEST END FAMILY HEALTH PCN,U44695,HOLMSIDE MEDICAL GROUP,,,,,,10046
202509,QHM,13T00,WEST END FAMILY HEALTH PCN,U44695,WEST ROAD MEDICAL CENTRE,,,,,,12452
202509,QHM,16C00,BILLINGHAM & NORTON PCN,U94460,DR RASOOL,,,,,,2191
202509,QHM,16C00,BILLINGHAM & NORTON PCN,U94460,KINGSWAY MEDICAL CENTRE,,,,,,10037
202509,QHM,16C00,BILLINGHAM & NORTON PCN,U94460,MARSH HOUSE MEDICAL PRACTICE,,,,,,8538
202509,QHM,16C00,BILLINGHAM & NORTON PCN,U94460,MELROSE SURGERY,,,,,,2341
202509,QHM,16C00,BILLINGHAM & NORTON PCN,U94460,NORTON MEDICAL CENTRE,,,,,,16149
202509,QHM,16C00,BILLINGHAM & NORTON PCN,U94460,QUEENSTREE PRACTICE,,,,,,4114
202509,QHM,16C00,BILLINGHAM & NORTON PCN,U94460,THE ROSEBERRY PRACTICE,,,,,,7839
202509,QHM,16C00,BYTES PCN,U63844,EAGLESCLIFFE MEDICAL PRACTICE,,,,,,13006
202509,QHM,16C00,BYTES PCN,U63844,PARK LANE SURGERY,,,,,,5493
202509,QHM,16C00,BYTES PCN,U63844,THORNABY & BARWICK MEDICAL GROUP,,,,,,20954
202509,QHM,16C00,BYTES PCN,U63844,YARM MEDICAL PRACTICE,,,,,,14321
202509,QHM,16C00,CENTRAL MIDDLESBROUGH PCN,U55830,MARTONSIDE MEDICAL CENTRE,,,,,,7844
202509,QHM,16C00,CENTRAL MIDDLESBROUGH PCN,U55830,PARK SURGERY,,,,,,12533
202509,QHM,16C00,CENTRAL MIDDLESBROUGH PCN,U55830,PROSPECT SURGERY,,,,,,7023
202509,QHM,16C00,CENTRAL MIDDLESBROUGH PCN,U55830,THE DISCOVERY PRACTICE,,,,,,8268
202509,QHM,16C00,CENTRAL MIDDLESBROUGH PCN,U55830,THE ENDEAVOUR PRACTICE,,,,,,8503
202509,QHM,16C00,CENTRAL MIDDLESBROUGH PCN,U55830,THE ERIMUS PRACTICE,,,,,,6401
202509,QHM,16C00,CENTRAL MIDDLESBROUGH PCN,U55830,THORNTREE SURGERY,,,,,,2776
202509,QHM,16C00,DARLINGTON PCN,U45102,BLACKETTS MEDICAL PRACTICE,,,,,,11545
202509,QHM,16C00,DARLINGTON PCN,U45102,CARMEL MEDICAL PRACTICE,,,,,,11813
202509,QHM,16C00,DARLINGTON PCN,U45102,CLIFTON COURT MEDICAL PRACTICE,,,,,,12259
202509,QHM,16C00,DARLINGTON PCN,U45102,DENMARK STREET SURGERY,,,,,,14937
202509,QHM,16C00,DARLINGTON PCN,U45102,MIDDLETON AND DINSDALE MEDICAL PRACTICE,,,,,,5945
202509,QHM,16C00,DARLINGTON PCN,U45102,MOORLANDS SURGERY,,,,,,13199
202509,QHM,16C00,DARLINGTON PCN,U45102,NEASHAM ROAD SURGERY,,,,,,13350
202509,QHM,16C00,DARLINGTON PCN,U45102,ORCHARD COURT SURGERY,,,,,,8671
202509,QHM,16C00,DARLINGTON PCN,U45102,PARKGATE SURGERY,,,,,,4871
202509,QHM,16C00,DARLINGTON PCN,U45102,ROCKLIFFE COURT SURGERY,,,,,,6293
202509,QHM,16C00,DARLINGTON PCN,U45102,WHINFIELD MEDICAL PRACTICE,,,,,,12207
202509,QHM,16C00,DUMMY,-,THE RIDGEWAY HEALTH CENTRE,,,,,,6
202509,QHM,16C00,EAST CLEVELAND PCN,U07842,BROTTON SURGERY,,,,,,7746
202509,QHM,16C00,EAST CLEVELAND PCN,U07842,HILLSIDE PRACTICE,,,,,,9342
202509,QHM,16C00,EAST CLEVELAND PCN,U07842,SPRINGWOOD SURGERY,,,,,,7591
202509,QHM,16C00,EAST CLEVELAND PCN,U07842,THE GARTH,,,,,,11700
202509,QHM,16C00,EAST CLEVELAND PCN,U07842,WOODSIDE SURGERY,,,,,,5841
202509,QHM,16C00,ESTON PCN,U85257,CAMBRIDGE MEDICAL GROUP,,,,,,7250
202509,QHM,16C00,ESTON PCN,U85257,NORMANBY MEDICAL CENTRE,,,,,,22897
202509,QHM,16C00,ESTON PCN,U85257,SOUTH GRANGE MEDICAL GROUP PRACTICE,,,,,,15655
202509,QHM,16C00,ESTON PCN,U85257,THE ESTON SURGERY ( D 01-Oct-25 ),,,,,,3709
202509,QHM,16C00,GREATER MIDDLESBROUGH PCN,U02671,ACKLAM MEDICAL CENTRE,Chloral hydrate (0401010B0),1,488.5124,30,30,11431
202509,QHM,16C00,GREATER MIDDLESBROUGH PCN,U02671,COULBY MEDICAL PRACTICE,,,,,,9213
202509,QHM,16C00,GREATER MIDDLESBROUGH PCN,U02671,CROSSFELL HEALTH CENTRE,,,,,,8874
202509,QHM,16C00,GREATER MIDDLESBROUGH PCN,U02671,HIRSEL MEDICAL CENTRE,,,,,,3765
202509,QHM,16C00,GREATER MIDDLESBROUGH PCN,U02671,KINGS MEDICAL CENTRE,,,,,,6409
202509,QHM,16C00,GREATER MIDDLESBROUGH PCN,U02671,NEWLANDS MEDICAL CENTRE,,,,,,9740
202509,QHM,16C00,GREATER MIDDLESBROUGH PCN,U02671,PARKWAY MEDICAL CENTRE,,,,,,9566
202509,QHM,16C00,GREATER MIDDLESBROUGH PCN,U02671,WESTBOURNE MEDICAL CENTRE,,,,,,5662
202509,QHM,16C00,HARTLEPOOL HEALTH PCN,U40502,MCKENZIE GROUP PRACTICE,,,,,,6168
202509,QHM,16C00,HARTLEPOOL HEALTH PCN,U40502,MCKENZIE HOUSE SURGERY,Chloral hydrate (0401010B0),1,911.9824,56,56,19118
202509,QHM,16C00,HARTLEPOOL HEALTH PCN,U40502,THE HEADLAND MEDICAL CENTRE,,,,,,5379
202509,QHM,16C00,HARTLEPOOL PCN,U70212,GLADSTONE HOUSE SURGERY,,,,,,5624
202509,QHM,16C00,HARTLEPOOL PCN,U70212,HART MEDICAL PRACTICE,,,,,,9402
202509,QHM,16C00,HARTLEPOOL PCN,U70212,THE PATEL PRACTICE,,,,,,4071
202509,QHM,16C00,HARTLEPOOL PCN,U70212,WEST QUAY MEDICAL PRACTICE,,,,,,6346
202509,QHM,16C00,HARTLEPOOL PCN,U70212,WEST VIEW MILLENIUM SURGERY A,,,,,,7473
202509,QHM,16C00,HOLGATE PCN,U85008,BOROUGH ROAD & NUNTHORPE MEDICAL GROUP,,,,,,16914
202509,QHM,16C00,HOLGATE PCN,U85008,LINTHORPE SURGERY,,,,,,20839
202509,QHM,16C00,HOLGATE PCN,U85008,VILLAGE MEDICAL CENTRE,,,,,,8019
202509,QHM,16C00,NORTH STOCKTON PCN,U07032,ALMA MEDICAL CENTRE,Chloral hydrate (0401010B0),1,732.7624,45,45,10887
202509,QHM,16C00,NORTH STOCKTON PCN,U07032,QUEENS PARK MEDICAL CENTRE,,,,,,18703
202509,QHM,16C00,NORTH STOCKTON PCN,U07032,TENNANT STREET MEDICAL PRACTICE,,,,,,14616
202509,QHM,16C00,ONE LIFE HARTLEPOOL PCN,U27349,BANKHOUSE SURGERY,,,,,,10479
202509,QHM,16C00,ONE LIFE HARTLEPOOL PCN,U27349,CHADWICK PRACTICE,,,,,,11939
202509,QHM,16C00,ONE LIFE HARTLEPOOL PCN,U27349,HAVELOCK GRANGE PRACTICE,,,,,,13676
202509,QHM,16C00,REDCAR COASTAL PCN,U23714,BENTLEY MEDICAL PRACTICE,Chloral hydrate (0401010B0),1,456.7724,30,30,10237
202509,QHM,16C00,REDCAR COASTAL PCN,U23714,HUNTCLIFF SURGERY,Chloral hydrate (0401010B0),3,1628.5772,100,100,9948
202509,QHM,16C00,REDCAR COASTAL PCN,U23714,THE COATHAM ROAD SURGERY,Chloral hydrate (0401010B0),2,977.0248,60,60,6275
202509,QHM,16C00,REDCAR COASTAL PCN,U23714,THE GREEN HOUSE SURGERY,,,,,,9888
202509,QHM,16C00,REDCAR COASTAL PCN,U23714,THE RAVENSCAR SURGERY,Chloral hydrate (0401010B0),1,244.2624,15,15,3446
202509,QHM,16C00,REDCAR COASTAL PCN,U23714,THE SALTSCAR SURGERY,,,,,,8530
202509,QHM,16C00,REDCAR COASTAL PCN,U23714,ZETLAND MEDICAL PRACTICE,,,,,,7084
202509,QHM,16C00,STOCKTON PCN,U89141,ELM TREE SURGERY,,,,,,17431
202509,QHM,16C00,STOCKTON PCN,U89141,RIVERSIDE MEDICAL PRACTICE,,,,,,10687
202509,QHM,16C00,STOCKTON PCN,U89141,THE DENSHAM SURGERY,,,,,,3826
202509,QHM,16C00,STOCKTON PCN,U89141,THE DOVECOT SURGERY,,,,,,4109
202509,QHM,16C00,STOCKTON PCN,U89141,WOODBRIDGE PRACTICE,Chloral hydrate (0401010B0),1,732.7624,45,45,18273
202509,QHM,16C00,STOCKTON PCN,U89141,WOODLANDS FAMILY MEDICAL CENTRE,,,,,,12270
202509,QHM,84H00,BISHOP AUCKLAND PCN,U85067,AUCKLAND MEDICAL GROUP,,,,,,16005
202509,QHM,84H00,BISHOP AUCKLAND PCN,U85067,BISHOPGATE MEDICAL CENTRE,,,,,,13684
202509,QHM,84H00,BISHOP AUCKLAND PCN,U85067,STATION VIEW MEDICAL CENTRE,,,,,,9719
202509,QHM,84H00,CHESTER LE STREET PCN,U77096,BRIDGE END SURGERY,,,,,,7641
202509,QHM,84H00,CHESTER LE STREET PCN,U77096,CESTRIA HEALTH CENTRE,,,,,,12651
202509,QHM,84H00,CHESTER LE STREET PCN,U77096,GREAT LUMLEY SURGERY,,,,,,5258
202509,QHM,84H00,CHESTER LE STREET PCN,U77096,MIDDLE CHARE MEDICAL GROUP,,,,,,9363
202509,QHM,84H00,CHESTER LE STREET PCN,U77096,PELTON & FELLROSE MEDICAL GROUP,,,,,,10241
202509,QHM,84H00,CHESTER LE STREET PCN,U77096,SACRISTON MEDICAL CENTRE,,,,,,10735
202509,QHM,84H00,CHESTER LE STREET PCN,U77096,VILLAGES MEDICAL GROUP,,,,,,4106
202509,QHM,84H00,CLAYPATH & UNIVERSITY MEDICAL GROUP PCN,U38486,CLAYPATH & UNIVERSITY MEDICAL GROUP,,,,,,33063
202509,QHM,84H00,DERWENTSIDE PCN,U70497,ANNFIELD PLAIN SURGERY,,,,,,3587
202509,QHM,84H00,DERWENTSIDE PCN,U70497,BROWNEY HOUSE SURGERY,,,,,,2692
202509,QHM,84H00,DERWENTSIDE PCN,U70497,CEDARS MEDICAL GROUP,,,,,,6192
202509,QHM,84H00,DERWENTSIDE PCN,U70497,CONSETT MEDICAL CENTRE,Chloral hydrate (0401010B0),1,244.2624,15,15,16675
202509,QHM,84H00,DERWENTSIDE PCN,U70497,DRS LAMBERT & NG,,,,,,5293
202509,QHM,84H00,DERWENTSIDE PCN,U70497,LANCHESTER MEDICAL CENTRE,,,,,,4137
202509,QHM,84H00,DERWENTSIDE PCN,U70497,LEADGATE SURGERY,,,,,,5791
202509,QHM,84H00,DERWENTSIDE PCN,U70497,OAKFIELDS HEALTH GROUP,,,,,,7702
202509,QHM,84H00,DERWENTSIDE PCN,U70497,QUEENS ROAD SURGERY,,,,,,16491
202509,QHM,84H00,DERWENTSIDE PCN,U70497,STANLEY MEDICAL GROUP,,,,,,12526
202509,QHM,84H00,DERWENTSIDE PCN,U70497,TANFIELD VIEW MEDICAL GROUP,Chloral hydrate (0401010B0),1,488.5124,30,30,10820
202509,QHM,84H00,DERWENTSIDE PCN,U70497,THE HAVEN SURGERY,,,,,,1756
202509,QHM,84H00,DURHAM COAST PCN,U26864,BEVAN MEDICAL GROUP,,,,,,8685
202509,QHM,84H00,DURHAM COAST PCN,U26864,EAST DURHAM MEDICAL GROUP,,,,,,18240
202509,QHM,84H00,DURHAM COAST PCN,U26864,SOUTHDENE MEDICAL CENTRE,,,,,,3417
202509,QHM,84H00,DURHAM COAST PCN,U26864,WINGATE MEDICAL PRACTICE INTRAHEALTH,,,,,,3577
202509,QHM,84H00,DURHAM EAST PCN,U53962,BELMONT & SHERBURN MEDICAL GROUP,Chloral hydrate (0401010B0),3,732.7872,45,45,6302
202509,QHM,84H00,DURHAM EAST PCN,U53962,BOWBURN MEDICAL CENTRE,,,,,,4603
202509,QHM,84H00,DURHAM EAST PCN,U53962,CHEVELEY PARK MEDICAL CTR,,,,,,5107
202509,QHM,84H00,DURHAM EAST PCN,U53962,COXHOE MEDICAL PRACTICE,,,,,,7660
202509,QHM,84H00,DURHAM EAST PCN,U53962,WEST RAINTON SURGERY,,,,,,5466
202509,QHM,84H00,DURHAM WEST PCN,U01989,CHASTLETON MEDICAL GROUP,,,,,,10268
202509,QHM,84H00,DURHAM WEST PCN,U01989,DUNELM MEDICAL PRACTICE,,,,,,14484
202509,QHM,84H00,DURHAM WEST PCN,U01989,THE MEDICAL GROUP,,,,,,26731
202509,QHM,84H00,EASINGTON CENTRAL PCN,U14615,BLACKHALL AND PETERLEE PRACTICE,,,,,,10249
202509,QHM,84H00,EASINGTON CENTRAL PCN,U14615,THE HORDEN GROUP PRACTICE,,,,,,8328
202509,QHM,84H00,EASINGTON CENTRAL PCN,U14615,WILLIAM BROWN CENTRE,Chloral hydrate (0401010B0),2,488.5248,30,30,15562
202509,QHM,84H00,NORTH EASINGTON PCN,U81825,BYRON MEDICAL PRACTICE,,,,,,8283
202509,QHM,84H00,NORTH EASINGTON PCN,U81825,MARLBOROUGH SURGERY,,,,,,11494
202509,QHM,84H00,NORTH EASINGTON PCN,U81825,MURTON MEDICAL CENTRE,,,,,,7352
202509,QHM,84H00,NORTH EASINGTON PCN,U81825,SILVERDALE FAMILY PRACTICE,,,,,,6622
202509,QHM,84H00,NORTH EASINGTON PCN,U81825,THE NEW SEAHAM MEDICAL GROUP,,,,,,4687
202509,QHM,84H00,SEDGEFIELD 1 PCN,U37593,BEWICK CRESCENT SURGERY,,,,,,12948
202509,QHM,84H00,SEDGEFIELD 1 PCN,U37593,HALLGARTH SURGERY,,,,,,5391
202509,QHM,84H00,SEDGEFIELD 1 PCN,U37593,JUBILEE MEDICAL GROUP,,,,,,12847
202509,QHM,84H00,SEDGEFIELD 1 PCN,U37593,PEASE WAY MEDICAL CENTRE,,,,,,11961
202509,QHM,84H00,SEDGEFIELD NORTH PCN,U12365,BISHOPS CLOSE MEDICAL PRACTICE,,,,,,8609
202509,QHM,84H00,SEDGEFIELD NORTH PCN,U12365,FERRYHILL AND CHILTON MEDICAL PRACTICE,,,,,,14868
202509,QHM,84H00,SEDGEFIELD NORTH PCN,U12365,SKERNE MEDICAL GROUP,Chloral hydrate (0401010B0),1,977.0124,60,60,16976
202509,QHM,84H00,SEDGEFIELD NORTH PCN,U12365,ST ANDREW'S MEDICAL PRACTICE,,,,,,15831
202509,QHM,84H00,SEDGEFIELD NORTH PCN,U12365,WEST CORNFORTH MEDICAL CENTRE,,,,,,2784
202509,QHM,84H00,TEESDALE PCN,U31619,BARNARD CASTLE SURGERY,,,,,,10996
202509,QHM,84H00,TEESDALE PCN,U31619,EVENWOOD MEDICAL PRACTICE,,,,,,2311
202509,QHM,84H00,TEESDALE PCN,U31619,GAINFORD SURGERY,,,,,,3698
202509,QHM,84H00,TEESDALE PCN,U31619,OLD FORGE SURGERY,,,,,,2693
202509,QHM,84H00,TEESDALE PCN,U31619,PINFOLD MEDICAL PRACTICE,,,,,,2879
202509,QHM,84H00,TEESDALE PCN,U31619,WOODVIEW MEDICAL PRACTICE,,,,,,2633
202509,QHM,84H00,WEAR VALLEY PCN,U96202,NORTH HOUSE SURGERY,,,,,,13565
202509,QHM,84H00,WEAR VALLEY PCN,U96202,THE WEARDALE PRACTICE,,,,,,7149
202509,QHM,84H00,WEAR VALLEY PCN,U96202,WILLINGTON MEDICAL GROUP,,,,,,9173
202509,QHM,99C00,CRAMLINGTON SEATON VALLEY PCN,U24977,WOODLANDS PARK HEALTH CTR,,,,,,6750
202509,QHM,99C00,NORTH SHIELDS PCN,U91110,COLLINGWOOD HEALTH GROUP,,,,,,24419
202509,QHM,99C00,NORTH SHIELDS PCN,U91110,PRIORY MEDICAL GROUP,,,,,,15466
202509,QHM,99C00,NORTH SHIELDS PCN,U91110,REDBURN PARK MEDICAL CENTRE,,,,,,6286
202509,QHM,99C00,NORTH TYNESIDE NORTH WEST PCN,U95193,LANE END SURGERY,,,,,,9442
202509,QHM,99C00,NORTH TYNESIDE NORTH WEST PCN,U95193,MALLARD MEDICAL PRACTICE,Chloral hydrate (0401010B0),1,488.5124,30,30,5519
202509,QHM,99C00,NORTH TYNESIDE NORTH WEST PCN,U95193,STEPHENSON PARK HEALTH GROUP,,,,,,17755
202509,QHM,99C00,NORTH TYNESIDE NORTH WEST PCN,U95193,SWARLAND AVENUE SURGERY,,,,,,6698
202509,QHM,99C00,NORTH TYNESIDE NORTH WEST PCN,U95193,WELLSPRING MEDICAL PRACT.,,,,,,6554
202509,QHM,99C00,NORTH TYNESIDE NORTH WEST PCN,U95193,WEST FARM SURGERY,,,,,,6021
202509,QHM,99C00,NORTH TYNESIDE NORTH WEST PCN,U95193,WIDEOPEN MEDICAL CENTRE,,,,,,7487
202509,QHM,99C00,NORTHUMBRIA PCN,U09980,NPC NORTH TYNESIDE - SPRING TERRACE,Chloral hydrate (0401010B0),1,32.6824,2,2,21537
202509,QHM,99C00,WALLSEND PCN,U10386,BEWICKE MEDICAL CENTRE,,,,,,9328
202509,QHM,99C00,WALLSEND PCN,U10386,HADRIAN HEALTH CENTRE,,,,,,21152
202509,QHM,99C00,WALLSEND PCN,U10386,THE VILLAGE GREEN SURGERY,,,,,,12833
202509,QHM,99C00,WHITLEY BAY PCN,U02739,BEAUMONT PARK SURGERY,,,,,,6316
202509,QHM,99C00,WHITLEY BAY PCN,U02739,BRIDGE AND MONKSEATON MEDICAL PRACTICE,,,,,,13356
202509,QHM,99C00,WHITLEY BAY PCN,U02739,MARINE AVENUE MEDICAL CTR,,,,,,9009
202509,QHM,99C00,WHITLEY BAY PCN,U02739,NORTHUMBERLAND PARK MEDICAL GROUP,,,,,,9630
202509,QHM,99C00,WHITLEY BAY PCN,U02739,WHITLEY BAY HEALTH CENTRE,,,,,,13784
202510,QHM,00L00,BLYTH PCN,U25489,MARINE MEDICAL GROUP,,,,,,13998
202510,QHM,00L00,BLYTH PCN,U25489,RAILWAY MEDICAL GROUP,,,,,,26936
202510,QHM,00L00,CRAMLINGTON SEATON VALLEY PCN,U24977,FORUM FAMILY PRACTICE,,,,,,9207
202510,QHM,00L00,CRAMLINGTON SEATON VALLEY PCN,U24977,NETHERFIELD HOUSE,,,,,,6032
202510,QHM,00L00,CRAMLINGTON SEATON VALLEY PCN,U24977,VILLAGE MEDICAL GROUP,,,,,,11700
202510,QHM,00L00,DUMMY,-,RIVERSDALE SURGERY,,,,,,5939
202510,QHM,00L00,DUMMY,-,THE ADDERLANE SURGERY,,,,,,2207
202510,QHM,00L00,NORTHUMBRIA PCN,U09980,NPC AMBLE & BROOMHILL,,,,,,12254
202510,QHM,00L00,NORTHUMBRIA PCN,U09980,NPC CENTRAL NORTHUMBERLAND,,,,,,49364
202510,QHM,00L00,NORTHUMBRIA PCN,U09980,NPC CRAMLINGTON,,,,,,5516
202510,QHM,00L00,NORTHUMBRIA PCN,U09980,NPC ELSDON AVENUE,,,,,,4360
202510,QHM,00L00,NORTHUMBRIA PCN,U09980,NPC FELTON & WIDDRINGTON,,,,,,4691
202510,QHM,00L00,NORTHUMBRIA PCN,U09980,NPC HAYDON BRIDGE & ALLENDALE,,,,,,5286
202510,QHM,00L00,NORTHUMBRIA PCN,U09980,NPC PONTELAND,Chloral hydrate (0401010B0),2,609.8248,20,20,10818
202510,QHM,00L00,NORTHUMBRIA PCN,U09980,NPC ROTHBURY,,,,,,6193
202510,QHM,00L00,WANSBECK PCN,U11112,BEDLINGTONSHIRE MED.GROUP,,,,,,12886
202510,QHM,00L00,WANSBECK PCN,U11112,GUIDEPOST MEDICAL GROUP,,,,,,8099
202510,QHM,00L00,WANSBECK PCN,U11112,SEATON PARK MEDICAL GROUP,,,,,,20001
202510,QHM,00L00,WANSBECK PCN,U11112,THE GABLES MEDICAL GROUP,,,,,,6314
202510,QHM,00L00,WELL UP NORTH PCN,U25545,ALNWICK MEDICAL GROUP,,,,,,19009
202510,QHM,00L00,WELL UP NORTH PCN,U25545,BELFORD MEDICAL PRACTICE,,,,,,4488
202510,QHM,00L00,WELL UP NORTH PCN,U25545,GAS HOUSE LANE SURGERY,Chloral hydrate (0401010B0),1,244.2624,15,15,7262
202510,QHM,00L00,WELL UP NORTH PCN,U25545,GREYSTOKE SURGERY,,,,,,11001
202510,QHM,00L00,WELL UP NORTH PCN,U25545,UNION BRAE & NORHAM PRAC,,,,,,7143
202510,QHM,00L00,WELL UP NORTH PCN,U25545,WELL CLOSE MEDICAL GROUP,,,,,,9223
202510,QHM,00L00,WELL UP NORTH PCN,U25545,WOOLER HEALTH,,,,,,4906
202510,QHM,00L00,WEST NORTHUMBERLAND PCN,U05512,BELLINGHAM PRACTICE,,,,,,3442
202510,QHM,00L00,WEST NORTHUMBERLAND PCN,U05512,BRANCH END SURGERY,,,,,,5400
202510,QHM,00L00,WEST NORTHUMBERLAND PCN,U05512,BURN BRAE MEDICAL GROUP,,,,,,10429
202510,QHM,00L00,WEST NORTHUMBERLAND PCN,U05512,CORBRIDGE HEALTH CENTRE,,,,,,7283
202510,QHM,00L00,WEST NORTHUMBERLAND PCN,U05512,HALTWHISTLE MEDICAL GROUP,,,,,,5584
202510,QHM,00L00,WEST NORTHUMBERLAND PCN,U05512,HUMSHAUGH & WARK MED GRP,,,,,,3356
202510,QHM,00L00,WEST NORTHUMBERLAND PCN,U05512,PRUDHOE MEDICAL GROUP,,,,,,6827
202510,QHM,00L00,WEST NORTHUMBERLAND PCN,U05512,SCOTS GAP MEDICAL GROUP,,,,,,2186
202510,QHM,00L00,WEST NORTHUMBERLAND PCN,U05512,THE SELE MEDICAL PRACTICE,,,,,,5895
202510,QHM,00L00,WEST NORTHUMBERLAND PCN,U05512,WHITE MEDICAL GROUP,,,,,,8679
202510,QHM,00N00,SOUTH TYNESIDE EAST PCN,U20256,FARNHAM MEDICAL CTR.,,,,,,16713
202510,QHM,00N00,SOUTH TYNESIDE EAST PCN,U20256,ST GEORGE & RIVERSIDE MEDICAL PRACTICE,,,,,,7409
202510,QHM,00N00,SOUTH TYNESIDE EAST PCN,U20256,TALBOT MEDICAL CENTRE,,,,,,7797
202510,QHM,00N00,SOUTH TYNESIDE EAST PCN,U20256,TRINITY MEDICAL CENTRE,,,,,,6334
202510,QHM,00N00,SOUTH TYNESIDE EAST PCN,U20256,WENLOCK ROAD SURGERY,,,,,,4455
202510,QHM,00N00,SOUTH TYNESIDE EAST PCN,U20256,WEST VIEW SURGERY,,,,,,2858
202510,QHM,00N00,SOUTH TYNESIDE SOUTH PCN,U89118,CENTRAL SURGERY,,,,,,19292
202510,QHM,00N00,SOUTH TYNESIDE SOUTH PCN,U89118,COLLIERY COURT MEDICAL GROUP,,,,,,8394
202510,QHM,00N00,SOUTH TYNESIDE SOUTH PCN,U89118,DR THORNILEY-WALKER & PARTNERS,,,,,,5934
202510,QHM,00N00,SOUTH TYNESIDE SOUTH PCN,U89118,IMEARY MEDICAL GROUP,,,,,,4435
202510,QHM,00N00,SOUTH TYNESIDE SOUTH PCN,U89118,MARSDEN MEDICAL GROUP,,,,,,22733
202510,QHM,00N00,SOUTH TYNESIDE SOUTH PCN,U89118,WHITBURN SURGERY,,,,,,5334
202510,QHM,00N00,SOUTH TYNESIDE WEST PCN,U37826,ALBERT ROAD SURGERY,,,,,,3556
202510,QHM,00N00,SOUTH TYNESIDE WEST PCN,U37826,EAST WING PRACTICE,,,,,,4200
202510,QHM,00N00,SOUTH TYNESIDE WEST PCN,U37826,ELLISON VIEW SURGERY,,,,,,6042
202510,QHM,00N00,SOUTH TYNESIDE WEST PCN,U37826,MAYFIELD MEDICAL GROUP,,,,,,8987
202510,QHM,00N00,SOUTH TYNESIDE WEST PCN,U37826,RAVENSWORTH SURGERY,,,,,,5975
202510,QHM,00N00,SOUTH TYNESIDE WEST PCN,U37826,THE G.P.SUITE,,,,,,4314
202510,QHM,00N00,SOUTH TYNESIDE WEST PCN,U37826,THE GLEN MEDICAL GROUP,,,,,,11081
202510,QHM,00N00,SOUTH TYNESIDE WEST PCN,U37826,VICTORIA MEDICAL CENTRE,,,,,,3659
202510,QHM,00P00,COALFIELDS PCN,U69720,GRANGEWOOD SURGERY,,,,,,7519
202510,QHM,00P00,COALFIELDS PCN,U69720,HERRINGTON MEDICAL CENTRE,,,,,,9734
202510,QHM,00P00,COALFIELDS PCN,U69720,HETTON GROUP PRACTICE,,,,,,11888
202510,QHM,00P00,COALFIELDS PCN,U69720,"HOUGHTON MEDICAL GROUP,",,,,,,8403
202510,QHM,00P00,COALFIELDS PCN,U69720,KEPIER MEDICAL PRACTICE,,,,,,8529
202510,QHM,00P00,COALFIELDS PCN,U69720,WESTBOURNE MEDICAL GROUP,,,,,,6663
202510,QHM,00P00,DUMMY,-,PALLION PRIMARY CARE SERVICES,,,,,,40
202510,QHM,00P00,SUNDERLAND CENTRAL PCN,U05458,HAPPY HOUSE SURGERY,,,,,,8092
202510,QHM,00P00,SUNDERLAND CENTRAL PCN,U05458,NEW SILKSWORTH MEDICAL PRACTICE,,,,,,9146
202510,QHM,00P00,SUNDERLAND CENTRAL PCN,U05458,SPRINGWELL MEDICAL GROUP,,,,,,6362
202510,QHM,00P00,SUNDERLAND CENTRAL PCN,U05458,SUNDERLAND GP ALLIANCE SOUTH HYLTON SURG,,,,,,4558
202510,QHM,00P00,SUNDERLAND CENTRAL PCN,U05458,VILLAGE SURGERY PARTNERSHIP,,,,,,4853
202510,QHM,00P00,SUNDERLAND EAST PCN,U52297,ASHBURN MEDICAL CENTRE,,,,,,5235
202510,QHM,00P00,SUNDERLAND EAST PCN,U52297,DEERNESS PARK MEDICAL GROUP,,,,,,13623
202510,QHM,00P00,SUNDERLAND EAST PCN,U52297,PARK LANE PRACTICE,,,,,,4198
202510,QHM,00P00,SUNDERLAND EAST PCN,U52297,RIVERVIEW SURGERY,,,,,,6941
202510,QHM,00P00,SUNDERLAND EAST PCN,U52297,SOUTHLANDS MEDICAL GROUP,,,,,,10775
202510,QHM,00P00,SUNDERLAND EAST PCN,U52297,THE NEW CITY MEDICAL GROUP,,,,,,5643
202510,QHM,00P00,SUNDERLAND EAST PCN,U52297,VILLETTE SURGERY,,,,,,5851
202510,QHM,00P00,SUNDERLAND NORTH PCN,U43314,BRIDGE VIEW MEDICAL GROUP,,,,,,14754
202510,QHM,00P00,SUNDERLAND NORTH PCN,U43314,CASTLETOWN MEDICAL CENTRE,,,,,,2238
202510,QHM,00P00,SUNDERLAND NORTH PCN,U43314,"FULWELL MEDICAL CENTRE,",,,,,,9175
202510,QHM,00P00,SUNDERLAND NORTH PCN,U43314,MONKWEARMOUTH HEALTH CENTRE,,,,,,4580
202510,QHM,00P00,SUNDERLAND NORTH PCN,U43314,RED HOUSE MEDICAL CENTRE,,,,,,5452
202510,QHM,00P00,SUNDERLAND NORTH PCN,U43314,ST BEDE MEDICAL CENTRE,,,,,,9395
202510,QHM,00P00,SUNDERLAND WEST 1 PCN,U14646,CHESTER SURGERY,,,,,,3089
202510,QHM,00P00,SUNDERLAND WEST 1 PCN,U14646,FORGE MEDICAL PRACTICE,,,,,,8596
202510,QHM,00P00,SUNDERLAND WEST 1 PCN,U14646,HYLTON MEDICAL GROUP,,,,,,7335
202510,QHM,00P00,SUNDERLAND WEST 1 PCN,U14646,MILLFIELD MEDICAL GROUP,,,,,,14395
202510,QHM,00P00,SUNDERLAND WEST 1 PCN,U14646,PALLION FAMILY PRACTICE,,,,,,10066
202510,QHM,00P00,SUNDERLAND WEST 1 PCN,U14646,THE BROADWAY MEDICAL PRACTICE,,,,,,7944
202510,QHM,00P00,SUNDERLAND WEST 1 PCN,U14646,WEARSIDE MEDICAL PRACTICE - PALLION,,,,,,7966
202510,QHM,00P00,WASHINGTON PCN,U61868,CONCORD MEDICAL PRACTICE,,,,,,5212
202510,QHM,00P00,WASHINGTON PCN,U61868,GALLERIES MEDICAL PRACTICE,,,,,,11640
202510,QHM,00P00,WASHINGTON PCN,U61868,I J HEALTHCARE,,,,,,3583
202510,QHM,00P00,WASHINGTON PCN,U61868,NEW WASHINGTON MEDICAL GROUP,,,,,,7176
202510,QHM,00P00,WASHINGTON PCN,U61868,RICKLETON MEDICAL CENTRE,,,,,,2906
202510,QHM,00P00,WASHINGTON PCN,U61868,SUNDERLAND GP ALLIANCE MEDICAL PRACTICE,,,,,,9945
202510,QHM,00P00,WASHINGTON PCN,U61868,THE STEPHENSON MEDICAL PRACTICE,,,,,,12151
202510,QHM,01H00,CARLISLE HEALTHCARE PCN,U92223,BRAMPTON MEDICAL PRACTICE,,,,,,16749
202510,QHM,01H00,CARLISLE HEALTHCARE PCN,U92223,CARLISLE HEALTHCARE,,,,,,40667
202510,QHM,01H00,CARLISLE HEALTHCARE PCN,U92223,LONGTOWN MEDICAL CENTRE,,,,,,3847
202510,QHM,01H00,CARLISLE HEALTHCARE PCN,U92223,SPENCER ST SURGERY,,,,,,13686
202510,QHM,01H00,CARLISLE PCN,U66688,CARLISLE CENTRAL PRACTICE,,,,,,13409
202510,QHM,01H00,CARLISLE PCN,U66688,EDEN MEDICAL GROUP,,,,,,15253
202510,QHM,01H00,CARLISLE PCN,U66688,WARWICK SQUARE GROUP PRACTICE,,,,,,7916
202510,QHM,01H00,COCKERMOUTH & MARYPORT PCN,U76572,CASTLEGATE AND DERWENT SURGERY,,,,,,18061
202510,QHM,01H00,COCKERMOUTH & MARYPORT PCN,U76572,MARYPORT HEALTH SERVICES,,,,,,13860
202510,QHM,01H00,COPELAND HAVEN PCN,U94879,DISTINGTON SURGERY,,,,,,6500
202510,QHM,01H00,COPELAND HAVEN PCN,U94879,MANSION HOUSE SURGERY,,,,,,7618
202510,QHM,01H00,COPELAND HAVEN PCN,U94879,WESTCROFT HOUSE SURGERY,,,,,,6293
202510,QHM,01H00,COPELAND PCN,U48302,FELLVIEW HEALTHCARE,,,,,,23006
202510,QHM,01H00,COPELAND PCN,U48302,LOWTHER MEDICAL CENTRE,,,,,,13768
202510,QHM,01H00,COPELAND PCN,U48302,SEASCALE HEALTH CENTRE,,,,,,5961
202510,QHM,01H00,EDEN (CUMBRIA) PCN,U08085,ALSTON MEDICAL PRACTICE,,,,,,2204
202510,QHM,01H00,EDEN (CUMBRIA) PCN,U08085,APPLEBY MEDICAL PRACTICE,,,,,,5146
202510,QHM,01H00,EDEN (CUMBRIA) PCN,U08085,BIRBECK MEDICAL GROUP,,,,,,14412
202510,QHM,01H00,EDEN (CUMBRIA) PCN,U08085,COURT THORN SURGERY,,,,,,3746
202510,QHM,01H00,EDEN (CUMBRIA) PCN,U08085,GLENRIDDING HEALTH CENTRE,,,,,,991
202510,QHM,01H00,EDEN (CUMBRIA) PCN,U08085,KIRKOSWALD SURGERY,,,,,,2802
202510,QHM,01H00,EDEN (CUMBRIA) PCN,U08085,SHAP MEDICAL PRACTICE,,,,,,3312
202510,QHM,01H00,EDEN (CUMBRIA) PCN,U08085,TEMPLE SOWERBY MEDICAL PRACTICE,,,,,,4630
202510,QHM,01H00,EDEN (CUMBRIA) PCN,U08085,THE LAKES MEDICAL PRACTICE,,,,,,11634
202510,QHM,01H00,EDEN (CUMBRIA) PCN,U08085,UPPER EDEN MEDICAL PRACTICE,,,,,,6469
202510,QHM,01H00,KESWICK & SOLWAY PCN,U25680,ASPATRIA MEDICAL GROUP,,,,,,7304
202510,QHM,01H00,KESWICK & SOLWAY PCN,U25680,CALDBECK SURGERY,,,,,,4262
202510,QHM,01H00,KESWICK & SOLWAY PCN,U25680,CASTLEHEAD MEDICAL CENTRE,,,,,,8370
202510,QHM,01H00,KESWICK & SOLWAY PCN,U25680,DALSTON MEDICAL GROUP,,,,,,5181
202510,QHM,01H00,KESWICK & SOLWAY PCN,U25680,SILLOTH GROUP MEDICAL PRACTICE,,,,,,4451
202510,QHM,01H00,KESWICK & SOLWAY PCN,U25680,THE CROFT SURGERY,,,,,,3553
202510,QHM,01H00,KESWICK & SOLWAY PCN,U25680,WIGTON GROUP MEDICAL PRACTICE,,,,,,9164
202510,QHM,01H00,WORKINGTON PCN,U67303,JAMES STREET GROUP PRACT,,,,,,33401
202510,QHM,13T00,BIRTLEY AND CENTRAL GATESHEAD PCN,U76028,BIRTLEY MEDICAL GROUP,,,,,,15335
202510,QHM,13T00,BIRTLEY AND CENTRAL GATESHEAD PCN,U76028,OXFORD TCE & RAWLING RD MEDICAL GROUP,,,,,,18013
202510,QHM,13T00,BIRTLEY AND CENTRAL GATESHEAD PCN,U76028,SECOND STREET SURGERY,,,,,,4502
202510,QHM,13T00,BIRTLEY AND CENTRAL GATESHEAD PCN,U76028,THE BRIDGES MEDICAL PRACTICE,,,,,,8483
202510,QHM,13T00,DUMMY,-,GOSFORTH MEMORIAL MED.CTR ( C 01-Oct-25 ),,,,,,1
202510,QHM,13T00,GATESHEAD CENTRAL SOUTH PCN,U91254,BEACON VIEW MEDICAL CENTRE,,,,,,5786
202510,QHM,13T00,GATESHEAD CENTRAL SOUTH PCN,U91254,BENSHAM FAMILY PRACTICE,,,,,,3790
202510,QHM,13T00,GATESHEAD CENTRAL SOUTH PCN,U91254,BEWICK ROAD SURGERY,,,,,,8497
202510,QHM,13T00,GATESHEAD CENTRAL SOUTH PCN,U91254,CENTRAL GATESHEAD MEDICAL GROUP,,,,,,10581
202510,QHM,13T00,GATESHEAD CENTRAL SOUTH PCN,U91254,FELL COTTAGE SURGERY,,,,,,8787
202510,QHM,13T00,GATESHEAD CENTRAL SOUTH PCN,U91254,FELL TOWER MEDICAL CENTRE,,,,,,7444
202510,QHM,13T00,GATESHEAD CENTRAL SOUTH PCN,U91254,MILLENNIUM FAMILY PRACTICE,,,,,,3764
202510,QHM,13T00,GATESHEAD CENTRAL SOUTH PCN,U91254,WREKENTON MEDICAL GROUP,,,,,,12279
202510,QHM,13T00,GATESHEAD EAST PCN,U13720,CROWHALL MEDICAL CENTRE,,,,,,6541
202510,QHM,13T00,GATESHEAD EAST PCN,U13720,LONGRIGG MEDICAL CENTRE,,,,,,10057
202510,QHM,13T00,GATESHEAD EAST PCN,U13720,PELAW MEDICAL PRACTICE,,,,,,5617
202510,QHM,13T00,GATESHEAD EAST PCN,U13720,ST. ALBANS MEDICAL GROUP,,,,,,7161
202510,QHM,13T00,GATESHEAD INNER WEST PCN,U33691,CHAINBRIDGE MEDICAL PARTNERSHIP,,,,,,11547
202510,QHM,13T00,GATESHEAD INNER WEST PCN,U33691,GLENPARK & TEAMS MEDICAL SERVICES,,,,,,14556
202510,QHM,13T00,GATESHEAD INNER WEST PCN,U33691,SUNNISIDE SURGERY,,,,,,3905
202510,QHM,13T00,GATESHEAD INNER WEST PCN,U33691,WHICKHAM COTTAGE MEDICAL CENTRE,,,,,,15663
202510,QHM,13T00,GATESHEAD OUTER WEST PCN,U41930,CHOPWELL PRIMARY HEALTHCARE CENTRE,,,,,,2571
202510,QHM,13T00,GATESHEAD OUTER WEST PCN,U41930,CRAWCROOK MEDICAL CENTRE,,,,,,20193
202510,QHM,13T00,GATESHEAD OUTER WEST PCN,U41930,HOLLYHURST MEDICAL CENTRE,,,,,,5030
202510,QHM,13T00,GATESHEAD OUTER WEST PCN,U41930,OLDWELL SURGERY,,,,,,4727
202510,QHM,13T00,JESMOND - LOWER GOSFORTH PCN,U34146,JESMOND HEALTH PARTNERSHIP,,,,,,27321
202510,QHM,13T00,JESMOND - LOWER GOSFORTH PCN,U34146,ROSEWORTH SURGERY,,,,,,5797
202510,QHM,13T00,JESMOND - LOWER GOSFORTH PCN,U34146,THE GROVE MEDICAL GROUP,,,,,,13228
202510,QHM,13T00,NEWCASTLE CENTRAL HEALTH PCN,U43524,SAVILLE MEDICAL GROUP,,,,,,42739
202510,QHM,13T00,NEWCASTLE EAST PCN,U17849,BENFIELD PARK MEDICAL GROUP,,,,,,10433
202510,QHM,13T00,NEWCASTLE EAST PCN,U17849,BIDDLESTONE HEALTH GROUP,,,,,,10782
202510,QHM,13T00,NEWCASTLE EAST PCN,U17849,HEATON ROAD SURGERY,,,,,,6906
202510,QHM,13T00,NEWCASTLE EAST PCN,U17849,NEWCASTLE MEDICAL CENTRE,,,,,,22512
202510,QHM,13T00,NEWCASTLE EAST PCN,U17849,ST.ANTHONY'S HEALTH CENTRE,,,,,,6613
202510,QHM,13T00,NEWCASTLE EAST PCN,U17849,THORNFIELD MEDICAL GROUP,,,,,,20593
202510,QHM,13T00,NEWCASTLE EAST PCN,U17849,WALKER MEDICAL GROUP,,,,,,10827
202510,QHM,13T00,NEWCASTLE INNER WEST PCN,U45898,BETTS AVENUE MEDICAL GROUP,,,,,,10647
202510,QHM,13T00,NEWCASTLE INNER WEST PCN,U45898,DILSTON MEDICAL CENTRE,,,,,,9783
202510,QHM,13T00,NEWCASTLE INNER WEST PCN,U45898,ELSWICK FAMILY PRACTICE,,,,,,8550
202510,QHM,13T00,NEWCASTLE INNER WEST PCN,U45898,FENHAM HALL SURGERY,,,,,,10925
202510,QHM,13T00,NEWCASTLE INNER WEST PCN,U45898,PROSPECT MEDICAL CENTRE,,,,,,14342
202510,QHM,13T00,NEWCASTLE OUTER WEST PCN,U87170,DENTON PARK MEDICAL GROUP,,,,,,7502
202510,QHM,13T00,NEWCASTLE OUTER WEST PCN,U87170,DENTON TURRET MEDICAL CENTRE,,,,,,9026
202510,QHM,13T00,NEWCASTLE OUTER WEST PCN,U87170,NEWBURN SURGERY,,,,,,6266
202510,QHM,13T00,NEWCASTLE OUTER WEST PCN,U87170,PARKWAY MEDICAL GROUP,,,,,,8456
202510,QHM,13T00,NEWCASTLE OUTER WEST PCN,U87170,THROCKLEY PRIMARY CARE CENTRE,,,,,,7644
202510,QHM,13T00,NEWCASTLE OUTER WEST PCN,U87170,WESTERHOPE MEDICAL GROUP,,,,,,13703
202510,QHM,13T00,NORTH GOSFORTH PCN,U70624,BRUNTON PARK,Chloral hydrate (0401010B0),1,488.5124,30,30,8097
202510,QHM,13T00,NORTH GOSFORTH PCN,U70624,PARK MEDICAL GROUP,,,,,,13470
202510,QHM,13T00,NORTH GOSFORTH PCN,U70624,REGENT MEDICAL CENTRE,,,,,,7768
202510,QHM,13T00,WEST END FAMILY HEALTH PCN,U44695,CRUDDAS PARK SURGERY,,,,,,11790
202510,QHM,13T00,WEST END FAMILY HEALTH PCN,U44695,HOLMSIDE MEDICAL GROUP,,,,,,10036
202510,QHM,13T00,WEST END FAMILY HEALTH PCN,U44695,WEST ROAD MEDICAL CENTRE,,,,,,12478
202510,QHM,16C00,BILLINGHAM & NORTON PCN,U94460,DR RASOOL,,,,,,2203
202510,QHM,16C00,BILLINGHAM & NORTON PCN,U94460,KINGSWAY MEDICAL CENTRE,,,,,,10008
202510,QHM,16C00,BILLINGHAM & NORTON PCN,U94460,MARSH HOUSE MEDICAL PRACTICE,,,,,,8508
202510,QHM,16C00,BILLINGHAM & NORTON PCN,U94460,MELROSE SURGERY,,,,,,2359
202510,QHM,16C00,BILLINGHAM & NORTON PCN,U94460,NORTON MEDICAL CENTRE,,,,,,16126
202510,QHM,16C00,BILLINGHAM & NORTON PCN,U94460,QUEENSTREE PRACTICE,,,,,,4121
202510,QHM,16C00,BILLINGHAM & NORTON PCN,U94460,THE ROSEBERRY PRACTICE,,,,,,7793
202510,QHM,16C00,BYTES PCN,U63844,EAGLESCLIFFE MEDICAL PRACTICE,,,,,,13061
202510,QHM,16C00,BYTES PCN,U63844,PARK LANE SURGERY,,,,,,5510
202510,QHM,16C00,BYTES PCN,U63844,THORNABY & BARWICK MEDICAL GROUP,,,,,,20952
202510,QHM,16C00,BYTES PCN,U63844,YARM MEDICAL PRACTICE,,,,,,14309
202510,QHM,16C00,CENTRAL MIDDLESBROUGH PCN,U55830,MARTONSIDE MEDICAL CENTRE,,,,,,7829
202510,QHM,16C00,CENTRAL MIDDLESBROUGH PCN,U55830,PARK SURGERY,,,,,,12581
202510,QHM,16C00,CENTRAL MIDDLESBROUGH PCN,U55830,PROSPECT SURGERY,,,,,,7021
202510,QHM,16C00,CENTRAL MIDDLESBROUGH PCN,U55830,THE DISCOVERY PRACTICE,,,,,,8168
202510,QHM,16C00,CENTRAL MIDDLESBROUGH PCN,U55830,THE ENDEAVOUR PRACTICE,,,,,,8361
202510,QHM,16C00,CENTRAL MIDDLESBROUGH PCN,U55830,THE ERIMUS PRACTICE,Chloral hydrate (0401010B0),1,651.3424,40,40,6353
202510,QHM,16C00,CENTRAL MIDDLESBROUGH PCN,U55830,THORNTREE SURGERY,,,,,,2786
202510,QHM,16C00,DARLINGTON PCN,U45102,BLACKETTS MEDICAL PRACTICE,,,,,,11616
202510,QHM,16C00,DARLINGTON PCN,U45102,CARMEL MEDICAL PRACTICE,Chloral hydrate (0401010B0),1,732.7624,45,45,11744
202510,QHM,16C00,DARLINGTON PCN,U45102,CLIFTON COURT MEDICAL PRACTICE,,,,,,12257
202510,QHM,16C00,DARLINGTON PCN,U45102,DENMARK STREET SURGERY,,,,,,14909
202510,QHM,16C00,DARLINGTON PCN,U45102,MIDDLETON AND DINSDALE MEDICAL PRACTICE,,,,,,5932
202510,QHM,16C00,DARLINGTON PCN,U45102,MOORLANDS SURGERY,,,,,,13190
202510,QHM,16C00,DARLINGTON PCN,U45102,NEASHAM ROAD SURGERY,,,,,,13379
202510,QHM,16C00,DARLINGTON PCN,U45102,ORCHARD COURT SURGERY,,,,,,8677
202510,QHM,16C00,DARLINGTON PCN,U45102,PARKGATE SURGERY,,,,,,4890
202510,QHM,16C00,DARLINGTON PCN,U45102,ROCKLIFFE COURT SURGERY,,,,,,6300
202510,QHM,16C00,DARLINGTON PCN,U45102,WHINFIELD MEDICAL PRACTICE,,,,,,12192
202510,QHM,16C00,DUMMY,-,THE RIDGEWAY HEALTH CENTRE,,,,,,6
202510,QHM,16C00,EAST CLEVELAND PCN,U07842,BROTTON SURGERY,,,,,,7758
202510,QHM,16C00,EAST CLEVELAND PCN,U07842,HILLSIDE PRACTICE,,,,,,9345
202510,QHM,16C00,EAST CLEVELAND PCN,U07842,SPRINGWOOD SURGERY,,,,,,7582
202510,QHM,16C00,EAST CLEVELAND PCN,U07842,THE GARTH,,,,,,11679
202510,QHM,16C00,EAST CLEVELAND PCN,U07842,WOODSIDE SURGERY,,,,,,5838
202510,QHM,16C00,ESTON PCN,U85257,CAMBRIDGE MEDICAL GROUP,,,,,,7272
202510,QHM,16C00,ESTON PCN,U85257,NORMANBY MEDICAL CENTRE,,,,,,26610
202510,QHM,16C00,ESTON PCN,U85257,SOUTH GRANGE MEDICAL GROUP PRACTICE,,,,,,15674
202510,QHM,16C00,ESTON PCN,U85257,THE ESTON SURGERY ( D 01-Oct-25 ),,,,,,2
202510,QHM,16C00,GREATER MIDDLESBROUGH PCN,U02671,ACKLAM MEDICAL CENTRE,Chloral hydrate (0401010B0),2,1465.5248,90,90,11465
202510,QHM,16C00,GREATER MIDDLESBROUGH PCN,U02671,COULBY MEDICAL PRACTICE,,,,,,9201
202510,QHM,16C00,GREATER MIDDLESBROUGH PCN,U02671,CROSSFELL HEALTH CENTRE,Chloral hydrate (0401010B0),1,244.2624,15,15,8864
202510,QHM,16C00,GREATER MIDDLESBROUGH PCN,U02671,HIRSEL MEDICAL CENTRE,,,,,,3756
202510,QHM,16C00,GREATER MIDDLESBROUGH PCN,U02671,KINGS MEDICAL CENTRE,,,,,,6393
202510,QHM,16C00,GREATER MIDDLESBROUGH PCN,U02671,NEWLANDS MEDICAL CENTRE,,,,,,9709
202510,QHM,16C00,GREATER MIDDLESBROUGH PCN,U02671,PARKWAY MEDICAL CENTRE,,,,,,9605
202510,QHM,16C00,GREATER MIDDLESBROUGH PCN,U02671,WESTBOURNE MEDICAL CENTRE,,,,,,5672
202510,QHM,16C00,HARTLEPOOL HEALTH PCN,U40502,MCKENZIE GROUP PRACTICE,,,,,,6176
202510,QHM,16C00,HARTLEPOOL HEALTH PCN,U40502,MCKENZIE HOUSE SURGERY,Chloral hydrate (0401010B0),1,911.9824,56,56,19131
202510,QHM,16C00,HARTLEPOOL HEALTH PCN,U40502,THE HEADLAND MEDICAL CENTRE,,,,,,5359
202510,QHM,16C00,HARTLEPOOL PCN,U70212,GLADSTONE HOUSE SURGERY,,,,,,5610
202510,QHM,16C00,HARTLEPOOL PCN,U70212,HART MEDICAL PRACTICE,,,,,,9407
202510,QHM,16C00,HARTLEPOOL PCN,U70212,THE PATEL PRACTICE,,,,,,4086
202510,QHM,16C00,HARTLEPOOL PCN,U70212,WEST QUAY MEDICAL PRACTICE,,,,,,6321
202510,QHM,16C00,HARTLEPOOL PCN,U70212,WEST VIEW MILLENIUM SURGERY A,,,,,,7455
202510,QHM,16C00,HOLGATE PCN,U85008,BOROUGH ROAD & NUNTHORPE MEDICAL GROUP,,,,,,16902
202510,QHM,16C00,HOLGATE PCN,U85008,LINTHORPE SURGERY,,,,,,20837
202510,QHM,16C00,HOLGATE PCN,U85008,VILLAGE MEDICAL CENTRE,,,,,,7996
202510,QHM,16C00,NORTH STOCKTON PCN,U07032,ALMA MEDICAL CENTRE,Chloral hydrate (0401010B0),1,732.7624,45,45,10858
202510,QHM,16C00,NORTH STOCKTON PCN,U07032,QUEENS PARK MEDICAL CENTRE,,,,,,18682
202510,QHM,16C00,NORTH STOCKTON PCN,U07032,TENNANT STREET MEDICAL PRACTICE,,,,,,14613
202510,QHM,16C00,ONE LIFE HARTLEPOOL PCN,U27349,BANKHOUSE SURGERY,,,,,,10504
202510,QHM,16C00,ONE LIFE HARTLEPOOL PCN,U27349,CHADWICK PRACTICE,,,,,,11923
202510,QHM,16C00,ONE LIFE HARTLEPOOL PCN,U27349,HAVELOCK GRANGE PRACTICE,,,,,,13673
202510,QHM,16C00,REDCAR COASTAL PCN,U23714,BENTLEY MEDICAL PRACTICE,Chloral hydrate (0401010B0),1,488.5124,30,30,10188
202510,QHM,16C00,REDCAR COASTAL PCN,U23714,HUNTCLIFF SURGERY,Chloral hydrate (0401010B0),3,1628.5772,100,100,9914
202510,QHM,16C00,REDCAR COASTAL PCN,U23714,THE COATHAM ROAD SURGERY,Chloral hydrate (0401010B0),1,488.5124,30,30,6282
202510,QHM,16C00,REDCAR COASTAL PCN,U23714,THE GREEN HOUSE SURGERY,,,,,,9935
202510,QHM,16C00,REDCAR COASTAL PCN,U23714,THE RAVENSCAR SURGERY,,,,,,3459
202510,QHM,16C00,REDCAR COASTAL PCN,U23714,THE SALTSCAR SURGERY,,,,,,8497
202510,QHM,16C00,REDCAR COASTAL PCN,U23714,ZETLAND MEDICAL PRACTICE,,,,,,7093
202510,QHM,16C00,STOCKTON PCN,U89141,ELM TREE SURGERY,,,,,,17751
202510,QHM,16C00,STOCKTON PCN,U89141,RIVERSIDE MEDICAL PRACTICE,,,,,,10746
202510,QHM,16C00,STOCKTON PCN,U89141,THE DENSHAM SURGERY,,,,,,3782
202510,QHM,16C00,STOCKTON PCN,U89141,THE DOVECOT SURGERY,,,,,,4105
202510,QHM,16C00,STOCKTON PCN,U89141,WOODBRIDGE PRACTICE,Chloral hydrate (0401010B0),1,732.7624,45,45,18267
202510,QHM,16C00,STOCKTON PCN,U89141,WOODLANDS FAMILY MEDICAL CENTRE,,,,,,12253
202510,QHM,84H00,BISHOP AUCKLAND PCN,U85067,AUCKLAND MEDICAL GROUP,,,,,,16049
202510,QHM,84H00,BISHOP AUCKLAND PCN,U85067,BISHOPGATE MEDICAL CENTRE,,,,,,13670
202510,QHM,84H00,BISHOP AUCKLAND PCN,U85067,STATION VIEW MEDICAL CENTRE,,,,,,9695
202510,QHM,84H00,CHESTER LE STREET PCN,U77096,BRIDGE END SURGERY,,,,,,7617
202510,QHM,84H00,CHESTER LE STREET PCN,U77096,CESTRIA HEALTH CENTRE,,,,,,12644
202510,QHM,84H00,CHESTER LE STREET PCN,U77096,GREAT LUMLEY SURGERY,,,,,,5271
202510,QHM,84H00,CHESTER LE STREET PCN,U77096,MIDDLE CHARE MEDICAL GROUP,,,,,,9325
202510,QHM,84H00,CHESTER LE STREET PCN,U77096,PELTON & FELLROSE MEDICAL GROUP,,,,,,10252
202510,QHM,84H00,CHESTER LE STREET PCN,U77096,SACRISTON MEDICAL CENTRE,,,,,,10723
202510,QHM,84H00,CHESTER LE STREET PCN,U77096,VILLAGES MEDICAL GROUP,,,,,,4091
202510,QHM,84H00,CLAYPATH & UNIVERSITY MEDICAL GROUP PCN,U38486,CLAYPATH & UNIVERSITY MEDICAL GROUP,,,,,,34382
202510,QHM,84H00,DERWENTSIDE PCN,U70497,ANNFIELD PLAIN SURGERY,,,,,,3584
202510,QHM,84H00,DERWENTSIDE PCN,U70497,BROWNEY HOUSE SURGERY,,,,,,2691
202510,QHM,84H00,DERWENTSIDE PCN,U70497,CEDARS MEDICAL GROUP,,,,,,6215
202510,QHM,84H00,DERWENTSIDE PCN,U70497,CONSETT MEDICAL CENTRE,Chloral hydrate (0401010B0),2,488.5248,30,30,16636
202510,QHM,84H00,DERWENTSIDE PCN,U70497,DRS LAMBERT & NG,,,,,,5292
202510,QHM,84H00,DERWENTSIDE PCN,U70497,LANCHESTER MEDICAL CENTRE,,,,,,4134
202510,QHM,84H00,DERWENTSIDE PCN,U70497,LEADGATE SURGERY,,,,,,5785
202510,QHM,84H00,DERWENTSIDE PCN,U70497,OAKFIELDS HEALTH GROUP,,,,,,7689
202510,QHM,84H00,DERWENTSIDE PCN,U70497,QUEENS ROAD SURGERY,,,,,,16533
202510,QHM,84H00,DERWENTSIDE PCN,U70497,STANLEY MEDICAL GROUP,,,,,,12553
202510,QHM,84H00,DERWENTSIDE PCN,U70497,TANFIELD VIEW MEDICAL GROUP,Chloral hydrate (0401010B0),1,488.5124,30,30,10809
202510,QHM,84H00,DERWENTSIDE PCN,U70497,THE HAVEN SURGERY,,,,,,1757
202510,QHM,84H00,DURHAM COAST PCN,U26864,BEVAN MEDICAL GROUP,,,,,,8715
202510,QHM,84H00,DURHAM COAST PCN,U26864,EAST DURHAM MEDICAL GROUP,,,,,,18224
202510,QHM,84H00,DURHAM COAST PCN,U26864,SOUTHDENE MEDICAL CENTRE,,,,,,3422
202510,QHM,84H00,DURHAM COAST PCN,U26864,WINGATE MEDICAL PRACTICE INTRAHEALTH,,,,,,3575
202510,QHM,84H00,DURHAM EAST PCN,U53962,BELMONT & SHERBURN MEDICAL GROUP,Chloral hydrate (0401010B0),1,244.2624,15,15,6315
202510,QHM,84H00,DURHAM EAST PCN,U53962,BOWBURN MEDICAL CENTRE,,,,,,4609
202510,QHM,84H00,DURHAM EAST PCN,U53962,CHEVELEY PARK MEDICAL CTR,,,,,,5102
202510,QHM,84H00,DURHAM EAST PCN,U53962,COXHOE MEDICAL PRACTICE,,,,,,7670
202510,QHM,84H00,DURHAM EAST PCN,U53962,WEST RAINTON SURGERY,,,,,,5485
202510,QHM,84H00,DURHAM WEST PCN,U01989,CHASTLETON MEDICAL GROUP,,,,,,10269
202510,QHM,84H00,DURHAM WEST PCN,U01989,DUNELM MEDICAL PRACTICE,,,,,,14568
202510,QHM,84H00,DURHAM WEST PCN,U01989,THE MEDICAL GROUP,,,,,,26685
202510,QHM,84H00,EASINGTON CENTRAL PCN,U14615,BLACKHALL AND PETERLEE PRACTICE,,,,,,10275
202510,QHM,84H00,EASINGTON CENTRAL PCN,U14615,THE HORDEN GROUP PRACTICE,,,,,,8324
202510,QHM,84H00,EASINGTON CENTRAL PCN,U14615,WILLIAM BROWN CENTRE,Chloral hydrate (0401010B0),3,732.7872,45,45,15557
202510,QHM,84H00,NORTH EASINGTON PCN,U81825,BYRON MEDICAL PRACTICE,Chloral hydrate (0401010B0),2,325.8848,20,20,8292
202510,QHM,84H00,NORTH EASINGTON PCN,U81825,MARLBOROUGH SURGERY,,,,,,11468
202510,QHM,84H00,NORTH EASINGTON PCN,U81825,MURTON MEDICAL CENTRE,,,,,,7345
202510,QHM,84H00,NORTH EASINGTON PCN,U81825,SILVERDALE FAMILY PRACTICE,,,,,,6596
202510,QHM,84H00,NORTH EASINGTON PCN,U81825,THE NEW SEAHAM MEDICAL GROUP,,,,,,4697
202510,QHM,84H00,SEDGEFIELD 1 PCN,U37593,BEWICK CRESCENT SURGERY,,,,,,12941
202510,QHM,84H00,SEDGEFIELD 1 PCN,U37593,HALLGARTH SURGERY,,,,,,5402
202510,QHM,84H00,SEDGEFIELD 1 PCN,U37593,JUBILEE MEDICAL GROUP,,,,,,12883
202510,QHM,84H00,SEDGEFIELD 1 PCN,U37593,PEASE WAY MEDICAL CENTRE,,,,,,11961
202510,QHM,84H00,SEDGEFIELD NORTH PCN,U12365,BISHOPS CLOSE MEDICAL PRACTICE,,,,,,8610
202510,QHM,84H00,SEDGEFIELD NORTH PCN,U12365,FERRYHILL AND CHILTON MEDICAL PRACTICE,,,,,,14888
202510,QHM,84H00,SEDGEFIELD NORTH PCN,U12365,SKERNE MEDICAL GROUP,Chloral hydrate (0401010B0),2,1954.0248,120,120,16998
202510,QHM,84H00,SEDGEFIELD NORTH PCN,U12365,ST ANDREW'S MEDICAL PRACTICE,,,,,,15839
202510,QHM,84H00,SEDGEFIELD NORTH PCN,U12365,WEST CORNFORTH MEDICAL CENTRE,,,,,,2789
202510,QHM,84H00,TEESDALE PCN,U31619,BARNARD CASTLE SURGERY,,,,,,11029
202510,QHM,84H00,TEESDALE PCN,U31619,EVENWOOD MEDICAL PRACTICE,,,,,,2312
202510,QHM,84H00,TEESDALE PCN,U31619,GAINFORD SURGERY,,,,,,3701
202510,QHM,84H00,TEESDALE PCN,U31619,OLD FORGE SURGERY,,,,,,2685
202510,QHM,84H00,TEESDALE PCN,U31619,PINFOLD MEDICAL PRACTICE,,,,,,2869
202510,QHM,84H00,TEESDALE PCN,U31619,WOODVIEW MEDICAL PRACTICE,,,,,,2632
202510,QHM,84H00,WEAR VALLEY PCN,U96202,NORTH HOUSE SURGERY,,,,,,13546
202510,QHM,84H00,WEAR VALLEY PCN,U96202,THE WEARDALE PRACTICE,,,,,,7158
202510,QHM,84H00,WEAR VALLEY PCN,U96202,WILLINGTON MEDICAL GROUP,,,,,,9175
202510,QHM,99C00,CRAMLINGTON SEATON VALLEY PCN,U24977,WOODLANDS PARK HEALTH CTR,,,,,,6768
202510,QHM,99C00,NORTH SHIELDS PCN,U91110,COLLINGWOOD HEALTH GROUP,,,,,,24392
202510,QHM,99C00,NORTH SHIELDS PCN,U91110,PRIORY MEDICAL GROUP,,,,,,15457
202510,QHM,99C00,NORTH SHIELDS PCN,U91110,REDBURN PARK MEDICAL CENTRE,,,,,,6265
202510,QHM,99C00,NORTH TYNESIDE NORTH WEST PCN,U95193,LANE END SURGERY,,,,,,9440
202510,QHM,99C00,NORTH TYNESIDE NORTH WEST PCN,U95193,MALLARD MEDICAL PRACTICE,Chloral hydrate (0401010B0),1,488.5124,30,30,5531
202510,QHM,99C00,NORTH TYNESIDE NORTH WEST PCN,U95193,STEPHENSON PARK HEALTH GROUP,,,,,,17731
202510,QHM,99C00,NORTH TYNESIDE NORTH WEST PCN,U95193,SWARLAND AVENUE SURGERY,,,,,,6701
202510,QHM,99C00,NORTH TYNESIDE NORTH WEST PCN,U95193,WELLSPRING MEDICAL PRACT.,,,,,,6550
202510,QHM,99C00,NORTH TYNESIDE NORTH WEST PCN,U95193,WEST FARM SURGERY,,,,,,6024
202510,QHM,99C00,NORTH TYNESIDE NORTH WEST PCN,U95193,WIDEOPEN MEDICAL CENTRE,,,,,,7461
202510,QHM,99C00,NORTHUMBRIA PCN,U09980,NPC NORTH TYNESIDE - SPRING TERRACE,,,,,,21484
202510,QHM,99C00,WALLSEND PCN,U10386,BEWICKE MEDICAL CENTRE,,,,,,9352
202510,QHM,99C00,WALLSEND PCN,U10386,HADRIAN HEALTH CENTRE,,,,,,21188
202510,QHM,99C00,WALLSEND PCN,U10386,THE VILLAGE GREEN SURGERY,,,,,,12852
202510,QHM,99C00,WHITLEY BAY PCN,U02739,BEAUMONT PARK SURGERY,,,,,,6300
202510,QHM,99C00,WHITLEY BAY PCN,U02739,BRIDGE AND MONKSEATON MEDICAL PRACTICE,,,,,,13320
202510,QHM,99C00,WHITLEY BAY PCN,U02739,MARINE AVENUE MEDICAL CTR,,,,,,9032
202510,QHM,99C00,WHITLEY BAY PCN,U02739,NORTHUMBERLAND PARK MEDICAL GROUP,,,,,,9626
202510,QHM,99C00,WHITLEY BAY PCN,U02739,WHITLEY BAY HEALTH CENTRE,,,,,,13829
202511,QHM,00L00,BLYTH PCN,U25489,MARINE MEDICAL GROUP,,,,,,14034
202511,QHM,00L00,BLYTH PCN,U25489,RAILWAY MEDICAL GROUP,,,,,,26918
202511,QHM,00L00,CRAMLINGTON SEATON VALLEY PCN,U24977,FORUM FAMILY PRACTICE,,,,,,9234
202511,QHM,00L00,CRAMLINGTON SEATON VALLEY PCN,U24977,NETHERFIELD HOUSE,,,,,,6026
202511,QHM,00L00,CRAMLINGTON SEATON VALLEY PCN,U24977,VILLAGE MEDICAL GROUP,,,,,,11747
202511,QHM,00L00,DUMMY,-,RIVERSDALE SURGERY,,,,,,5937
202511,QHM,00L00,DUMMY,-,THE ADDERLANE SURGERY,,,,,,2210
202511,QHM,00L00,NORTHUMBRIA PCN,U09980,NPC AMBLE & BROOMHILL,,,,,,12285
202511,QHM,00L00,NORTHUMBRIA PCN,U09980,NPC CENTRAL NORTHUMBERLAND,,,,,,49351
202511,QHM,00L00,NORTHUMBRIA PCN,U09980,NPC CRAMLINGTON,,,,,,5502
202511,QHM,00L00,NORTHUMBRIA PCN,U09980,NPC ELSDON AVENUE,,,,,,4366
202511,QHM,00L00,NORTHUMBRIA PCN,U09980,NPC FELTON & WIDDRINGTON,,,,,,4730
202511,QHM,00L00,NORTHUMBRIA PCN,U09980,NPC HAYDON BRIDGE & ALLENDALE,,,,,,5270
202511,QHM,00L00,NORTHUMBRIA PCN,U09980,NPC PONTELAND,Chloral hydrate (0401010B0),1,299.9124,10,10,10850
202511,QHM,00L00,NORTHUMBRIA PCN,U09980,NPC ROTHBURY,,,,,,6209
202511,QHM,00L00,WANSBECK PCN,U11112,BEDLINGTONSHIRE MED.GROUP,,,,,,12912
202511,QHM,00L00,WANSBECK PCN,U11112,GUIDEPOST MEDICAL GROUP,,,,,,8108
202511,QHM,00L00,WANSBECK PCN,U11112,SEATON PARK MEDICAL GROUP,,,,,,19987
202511,QHM,00L00,WANSBECK PCN,U11112,THE GABLES MEDICAL GROUP,,,,,,6304
202511,QHM,00L00,WELL UP NORTH PCN,U25545,ALNWICK MEDICAL GROUP,,,,,,18973
202511,QHM,00L00,WELL UP NORTH PCN,U25545,BELFORD MEDICAL PRACTICE,,,,,,4484
202511,QHM,00L00,WELL UP NORTH PCN,U25545,GAS HOUSE LANE SURGERY,Chloral hydrate (0401010B0),2,488.5248,30,30,7276
202511,QHM,00L00,WELL UP NORTH PCN,U25545,GREYSTOKE SURGERY,,,,,,11030
202511,QHM,00L00,WELL UP NORTH PCN,U25545,UNION BRAE & NORHAM PRAC,,,,,,7072
202511,QHM,00L00,WELL UP NORTH PCN,U25545,WELL CLOSE MEDICAL GROUP,,,,,,9231
202511,QHM,00L00,WELL UP NORTH PCN,U25545,WOOLER HEALTH,,,,,,4898
202511,QHM,00L00,WEST NORTHUMBERLAND PCN,U05512,BELLINGHAM PRACTICE,,,,,,3439
202511,QHM,00L00,WEST NORTHUMBERLAND PCN,U05512,BRANCH END SURGERY,,,,,,5405
202511,QHM,00L00,WEST NORTHUMBERLAND PCN,U05512,BURN BRAE MEDICAL GROUP,,,,,,10425
202511,QHM,00L00,WEST NORTHUMBERLAND PCN,U05512,CORBRIDGE HEALTH CENTRE,,,,,,7305
202511,QHM,00L00,WEST NORTHUMBERLAND PCN,U05512,HALTWHISTLE MEDICAL GROUP,,,,,,5613
202511,QHM,00L00,WEST NORTHUMBERLAND PCN,U05512,HUMSHAUGH & WARK MED GRP,,,,,,3341
202511,QHM,00L00,WEST NORTHUMBERLAND PCN,U05512,PRUDHOE MEDICAL GROUP,,,,,,6804
202511,QHM,00L00,WEST NORTHUMBERLAND PCN,U05512,SCOTS GAP MEDICAL GROUP,,,,,,2182
202511,QHM,00L00,WEST NORTHUMBERLAND PCN,U05512,THE SELE MEDICAL PRACTICE,,,,,,5888
202511,QHM,00L00,WEST NORTHUMBERLAND PCN,U05512,WHITE MEDICAL GROUP,,,,,,8695
202511,QHM,00N00,SOUTH TYNESIDE EAST PCN,U20256,FARNHAM MEDICAL CTR.,,,,,,16667
202511,QHM,00N00,SOUTH TYNESIDE EAST PCN,U20256,ST GEORGE & RIVERSIDE MEDICAL PRACTICE,,,,,,7396
202511,QHM,00N00,SOUTH TYNESIDE EAST PCN,U20256,TALBOT MEDICAL CENTRE,,,,,,7771
202511,QHM,00N00,SOUTH TYNESIDE EAST PCN,U20256,TRINITY MEDICAL CENTRE,,,,,,6336
202511,QHM,00N00,SOUTH TYNESIDE EAST PCN,U20256,WENLOCK ROAD SURGERY,,,,,,4462
202511,QHM,00N00,SOUTH TYNESIDE EAST PCN,U20256,WEST VIEW SURGERY,,,,,,2863
202511,QHM,00N00,SOUTH TYNESIDE SOUTH PCN,U89118,CENTRAL SURGERY,,,,,,19311
202511,QHM,00N00,SOUTH TYNESIDE SOUTH PCN,U89118,COLLIERY COURT MEDICAL GROUP,,,,,,8403
202511,QHM,00N00,SOUTH TYNESIDE SOUTH PCN,U89118,DR THORNILEY-WALKER & PARTNERS,,,,,,5908
202511,QHM,00N00,SOUTH TYNESIDE SOUTH PCN,U89118,IMEARY MEDICAL GROUP,,,,,,4472
202511,QHM,00N00,SOUTH TYNESIDE SOUTH PCN,U89118,MARSDEN MEDICAL GROUP,,,,,,22691
202511,QHM,00N00,SOUTH TYNESIDE SOUTH PCN,U89118,WHITBURN SURGERY,,,,,,5327
202511,QHM,00N00,SOUTH TYNESIDE WEST PCN,U37826,ALBERT ROAD SURGERY,,,,,,3586
202511,QHM,00N00,SOUTH TYNESIDE WEST PCN,U37826,EAST WING PRACTICE,,,,,,4189
202511,QHM,00N00,SOUTH TYNESIDE WEST PCN,U37826,ELLISON VIEW SURGERY,,,,,,6051
202511,QHM,00N00,SOUTH TYNESIDE WEST PCN,U37826,MAYFIELD MEDICAL GROUP,,,,,,8984
202511,QHM,00N00,SOUTH TYNESIDE WEST PCN,U37826,RAVENSWORTH SURGERY,,,,,,5979
202511,QHM,00N00,SOUTH TYNESIDE WEST PCN,U37826,THE G.P.SUITE,,,,,,4301
202511,QHM,00N00,SOUTH TYNESIDE WEST PCN,U37826,THE GLEN MEDICAL GROUP,,,,,,11130
202511,QHM,00N00,SOUTH TYNESIDE WEST PCN,U37826,VICTORIA MEDICAL CENTRE,,,,,,3648
202511,QHM,00P00,COALFIELDS PCN,U69720,GRANGEWOOD SURGERY,,,,,,7507
202511,QHM,00P00,COALFIELDS PCN,U69720,HERRINGTON MEDICAL CENTRE,,,,,,9741
202511,QHM,00P00,COALFIELDS PCN,U69720,HETTON GROUP PRACTICE,,,,,,11885
202511,QHM,00P00,COALFIELDS PCN,U69720,"HOUGHTON MEDICAL GROUP,",,,,,,8402
202511,QHM,00P00,COALFIELDS PCN,U69720,KEPIER MEDICAL PRACTICE,,,,,,8521
202511,QHM,00P00,COALFIELDS PCN,U69720,WESTBOURNE MEDICAL GROUP,,,,,,6654
202511,QHM,00P00,DUMMY,-,PALLION PRIMARY CARE SERVICES,,,,,,40
202511,QHM,00P00,SUNDERLAND CENTRAL PCN,U05458,HAPPY HOUSE SURGERY,,,,,,8102
202511,QHM,00P00,SUNDERLAND CENTRAL PCN,U05458,NEW SILKSWORTH MEDICAL PRACTICE,,,,,,9177
202511,QHM,00P00,SUNDERLAND CENTRAL PCN,U05458,SPRINGWELL MEDICAL GROUP,,,,,,6365
202511,QHM,00P00,SUNDERLAND CENTRAL PCN,U05458,SUNDERLAND GP ALLIANCE SOUTH HYLTON SURG,,,,,,4551
202511,QHM,00P00,SUNDERLAND CENTRAL PCN,U05458,VILLAGE SURGERY PARTNERSHIP,,,,,,4857
202511,QHM,00P00,SUNDERLAND EAST PCN,U52297,ASHBURN MEDICAL CENTRE,,,,,,5230
202511,QHM,00P00,SUNDERLAND EAST PCN,U52297,DEERNESS PARK MEDICAL GROUP,,,,,,13618
202511,QHM,00P00,SUNDERLAND EAST PCN,U52297,PARK LANE PRACTICE,,,,,,4184
202511,QHM,00P00,SUNDERLAND EAST PCN,U52297,RIVERVIEW SURGERY,,,,,,6955
202511,QHM,00P00,SUNDERLAND EAST PCN,U52297,SOUTHLANDS MEDICAL GROUP,,,,,,10784
202511,QHM,00P00,SUNDERLAND EAST PCN,U52297,THE NEW CITY MEDICAL GROUP,,,,,,5649
202511,QHM,00P00,SUNDERLAND EAST PCN,U52297,VILLETTE SURGERY,,,,,,5869
202511,QHM,00P00,SUNDERLAND NORTH PCN,U43314,BRIDGE VIEW MEDICAL GROUP,,,,,,14740
202511,QHM,00P00,SUNDERLAND NORTH PCN,U43314,CASTLETOWN MEDICAL CENTRE,,,,,,2230
202511,QHM,00P00,SUNDERLAND NORTH PCN,U43314,"FULWELL MEDICAL CENTRE,",,,,,,9181
202511,QHM,00P00,SUNDERLAND NORTH PCN,U43314,MONKWEARMOUTH HEALTH CENTRE,,,,,,4577
202511,QHM,00P00,SUNDERLAND NORTH PCN,U43314,RED HOUSE MEDICAL CENTRE,,,,,,5452
202511,QHM,00P00,SUNDERLAND NORTH PCN,U43314,ST BEDE MEDICAL CENTRE,,,,,,9281
202511,QHM,00P00,SUNDERLAND WEST 1 PCN,U14646,CHESTER SURGERY,,,,,,3101
202511,QHM,00P00,SUNDERLAND WEST 1 PCN,U14646,FORGE MEDICAL PRACTICE,,,,,,8582
202511,QHM,00P00,SUNDERLAND WEST 1 PCN,U14646,HYLTON MEDICAL GROUP,,,,,,7371
202511,QHM,00P00,SUNDERLAND WEST 1 PCN,U14646,MILLFIELD MEDICAL GROUP,,,,,,14355
202511,QHM,00P00,SUNDERLAND WEST 1 PCN,U14646,PALLION FAMILY PRACTICE,,,,,,10073
202511,QHM,00P00,SUNDERLAND WEST 1 PCN,U14646,THE BROADWAY MEDICAL PRACTICE,,,,,,7967
202511,QHM,00P00,SUNDERLAND WEST 1 PCN,U14646,WEARSIDE MEDICAL PRACTICE - PALLION,,,,,,7976
202511,QHM,00P00,WASHINGTON PCN,U61868,CONCORD MEDICAL PRACTICE,,,,,,5218
202511,QHM,00P00,WASHINGTON PCN,U61868,GALLERIES MEDICAL PRACTICE,,,,,,11649
202511,QHM,00P00,WASHINGTON PCN,U61868,I J HEALTHCARE,,,,,,3571
202511,QHM,00P00,WASHINGTON PCN,U61868,NEW WASHINGTON MEDICAL GROUP,,,,,,7184
202511,QHM,00P00,WASHINGTON PCN,U61868,RICKLETON MEDICAL CENTRE,,,,,,2915
202511,QHM,00P00,WASHINGTON PCN,U61868,SUNDERLAND GP ALLIANCE MEDICAL PRACTICE,,,,,,9921
202511,QHM,00P00,WASHINGTON PCN,U61868,THE STEPHENSON MEDICAL PRACTICE,,,,,,12162
202511,QHM,01H00,CARLISLE HEALTHCARE PCN,U92223,BRAMPTON MEDICAL PRACTICE,,,,,,16737
202511,QHM,01H00,CARLISLE HEALTHCARE PCN,U92223,CARLISLE HEALTHCARE,,,,,,40746
202511,QHM,01H00,CARLISLE HEALTHCARE PCN,U92223,LONGTOWN MEDICAL CENTRE,,,,,,3846
202511,QHM,01H00,CARLISLE HEALTHCARE PCN,U92223,SPENCER ST SURGERY,,,,,,13705
202511,QHM,01H00,CARLISLE PCN,U66688,CARLISLE CENTRAL PRACTICE,,,,,,13371
202511,QHM,01H00,CARLISLE PCN,U66688,EDEN MEDICAL GROUP,,,,,,15265
202511,QHM,01H00,CARLISLE PCN,U66688,WARWICK SQUARE GROUP PRACTICE,,,,,,7925
202511,QHM,01H00,COCKERMOUTH & MARYPORT PCN,U76572,CASTLEGATE AND DERWENT SURGERY,,,,,,18016
202511,QHM,01H00,COCKERMOUTH & MARYPORT PCN,U76572,MARYPORT HEALTH SERVICES,,,,,,13868
202511,QHM,01H00,COPELAND HAVEN PCN,U94879,DISTINGTON SURGERY,,,,,,6494
202511,QHM,01H00,COPELAND HAVEN PCN,U94879,MANSION HOUSE SURGERY,,,,,,7629
202511,QHM,01H00,COPELAND HAVEN PCN,U94879,WESTCROFT HOUSE SURGERY,,,,,,6290
202511,QHM,01H00,COPELAND PCN,U48302,FELLVIEW HEALTHCARE,,,,,,23046
202511,QHM,01H00,COPELAND PCN,U48302,LOWTHER MEDICAL CENTRE,,,,,,13772
202511,QHM,01H00,COPELAND PCN,U48302,SEASCALE HEALTH CENTRE,,,,,,5941
202511,QHM,01H00,EDEN (CUMBRIA) PCN,U08085,ALSTON MEDICAL PRACTICE,,,,,,2203
202511,QHM,01H00,EDEN (CUMBRIA) PCN,U08085,APPLEBY MEDICAL PRACTICE,,,,,,5159
202511,QHM,01H00,EDEN (CUMBRIA) PCN,U08085,BIRBECK MEDICAL GROUP,,,,,,14399
202511,QHM,01H00,EDEN (CUMBRIA) PCN,U08085,COURT THORN SURGERY,,,,,,3744
202511,QHM,01H00,EDEN (CUMBRIA) PCN,U08085,GLENRIDDING HEALTH CENTRE,,,,,,999
202511,QHM,01H00,EDEN (CUMBRIA) PCN,U08085,KIRKOSWALD SURGERY,,,,,,2809
202511,QHM,01H00,EDEN (CUMBRIA) PCN,U08085,SHAP MEDICAL PRACTICE,,,,,,3317
202511,QHM,01H00,EDEN (CUMBRIA) PCN,U08085,TEMPLE SOWERBY MEDICAL PRACTICE,,,,,,4634
202511,QHM,01H00,EDEN (CUMBRIA) PCN,U08085,THE LAKES MEDICAL PRACTICE,,,,,,11654
202511,QHM,01H00,EDEN (CUMBRIA) PCN,U08085,UPPER EDEN MEDICAL PRACTICE,,,,,,6465
202511,QHM,01H00,KESWICK & SOLWAY PCN,U25680,ASPATRIA MEDICAL GROUP,,,,,,7332
202511,QHM,01H00,KESWICK & SOLWAY PCN,U25680,CALDBECK SURGERY,,,,,,4243
202511,QHM,01H00,KESWICK & SOLWAY PCN,U25680,CASTLEHEAD MEDICAL CENTRE,,,,,,8351
202511,QHM,01H00,KESWICK & SOLWAY PCN,U25680,DALSTON MEDICAL GROUP,,,,,,5180
202511,QHM,01H00,KESWICK & SOLWAY PCN,U25680,SILLOTH GROUP MEDICAL PRACTICE,,,,,,4444
202511,QHM,01H00,KESWICK & SOLWAY PCN,U25680,THE CROFT SURGERY,,,,,,3551
202511,QHM,01H00,KESWICK & SOLWAY PCN,U25680,WIGTON GROUP MEDICAL PRACTICE,,,,,,9177
202511,QHM,01H00,WORKINGTON PCN,U67303,JAMES STREET GROUP PRACT,,,,,,33405
202511,QHM,13T00,BIRTLEY AND CENTRAL GATESHEAD PCN,U76028,BIRTLEY MEDICAL GROUP,,,,,,15303
202511,QHM,13T00,BIRTLEY AND CENTRAL GATESHEAD PCN,U76028,OXFORD TCE & RAWLING RD MEDICAL GROUP,,,,,,17997
202511,QHM,13T00,BIRTLEY AND CENTRAL GATESHEAD PCN,U76028,SECOND STREET SURGERY,,,,,,4452
202511,QHM,13T00,BIRTLEY AND CENTRAL GATESHEAD PCN,U76028,THE BRIDGES MEDICAL PRACTICE,,,,,,8514
202511,QHM,13T00,GATESHEAD CENTRAL SOUTH PCN,U91254,BEACON VIEW MEDICAL CENTRE,,,,,,5791
202511,QHM,13T00,GATESHEAD CENTRAL SOUTH PCN,U91254,BENSHAM FAMILY PRACTICE,,,,,,3761
202511,QHM,13T00,GATESHEAD CENTRAL SOUTH PCN,U91254,BEWICK ROAD SURGERY,,,,,,8709
202511,QHM,13T00,GATESHEAD CENTRAL SOUTH PCN,U91254,CENTRAL GATESHEAD MEDICAL GROUP,,,,,,10599
202511,QHM,13T00,GATESHEAD CENTRAL SOUTH PCN,U91254,FELL COTTAGE SURGERY,,,,,,8782
202511,QHM,13T00,GATESHEAD CENTRAL SOUTH PCN,U91254,FELL TOWER MEDICAL CENTRE,,,,,,7431
202511,QHM,13T00,GATESHEAD CENTRAL SOUTH PCN,U91254,MILLENNIUM FAMILY PRACTICE,,,,,,3767
202511,QHM,13T00,GATESHEAD CENTRAL SOUTH PCN,U91254,WREKENTON MEDICAL GROUP,,,,,,12269
202511,QHM,13T00,GATESHEAD EAST PCN,U13720,CROWHALL MEDICAL CENTRE,,,,,,6544
202511,QHM,13T00,GATESHEAD EAST PCN,U13720,LONGRIGG MEDICAL CENTRE,,,,,,10027
202511,QHM,13T00,GATESHEAD EAST PCN,U13720,PELAW MEDICAL PRACTICE,,,,,,5643
202511,QHM,13T00,GATESHEAD EAST PCN,U13720,ST. ALBANS MEDICAL GROUP,,,,,,7155
202511,QHM,13T00,GATESHEAD INNER WEST PCN,U33691,CHAINBRIDGE MEDICAL PARTNERSHIP,,,,,,11564
202511,QHM,13T00,GATESHEAD INNER WEST PCN,U33691,GLENPARK & TEAMS MEDICAL SERVICES,,,,,,14554
202511,QHM,13T00,GATESHEAD INNER WEST PCN,U33691,SUNNISIDE SURGERY,,,,,,3903
202511,QHM,13T00,GATESHEAD INNER WEST PCN,U33691,WHICKHAM COTTAGE MEDICAL CENTRE,,,,,,15643
202511,QHM,13T00,GATESHEAD OUTER WEST PCN,U41930,CHOPWELL PRIMARY HEALTHCARE CENTRE,,,,,,2571
202511,QHM,13T00,GATESHEAD OUTER WEST PCN,U41930,CRAWCROOK MEDICAL CENTRE,,,,,,20168
202511,QHM,13T00,GATESHEAD OUTER WEST PCN,U41930,HOLLYHURST MEDICAL CENTRE,,,,,,5054
202511,QHM,13T00,GATESHEAD OUTER WEST PCN,U41930,OLDWELL SURGERY,,,,,,4731
202511,QHM,13T00,JESMOND - LOWER GOSFORTH PCN,U34146,JESMOND HEALTH PARTNERSHIP,,,,,,27326
202511,QHM,13T00,JESMOND - LOWER GOSFORTH PCN,U34146,ROSEWORTH SURGERY,,,,,,5796
202511,QHM,13T00,JESMOND - LOWER GOSFORTH PCN,U34146,THE GROVE MEDICAL GROUP,,,,,,13223
202511,QHM,13T00,NEWCASTLE CENTRAL HEALTH PCN,U43524,SAVILLE MEDICAL GROUP,,,,,,42819
202511,QHM,13T00,NEWCASTLE EAST PCN,U17849,BENFIELD PARK MEDICAL GROUP,,,,,,10422
202511,QHM,13T00,NEWCASTLE EAST PCN,U17849,BIDDLESTONE HEALTH GROUP,,,,,,10719
202511,QHM,13T00,NEWCASTLE EAST PCN,U17849,HEATON ROAD SURGERY,,,,,,6906
202511,QHM,13T00,NEWCASTLE EAST PCN,U17849,NEWCASTLE MEDICAL CENTRE,,,,,,22571
202511,QHM,13T00,NEWCASTLE EAST PCN,U17849,ST.ANTHONY'S HEALTH CENTRE,,,,,,6615
202511,QHM,13T00,NEWCASTLE EAST PCN,U17849,THORNFIELD MEDICAL GROUP,,,,,,20566
202511,QHM,13T00,NEWCASTLE EAST PCN,U17849,WALKER MEDICAL GROUP,,,,,,10831
202511,QHM,13T00,NEWCASTLE INNER WEST PCN,U45898,BETTS AVENUE MEDICAL GROUP,,,,,,10637
202511,QHM,13T00,NEWCASTLE INNER WEST PCN,U45898,DILSTON MEDICAL CENTRE,,,,,,9815
202511,QHM,13T00,NEWCASTLE INNER WEST PCN,U45898,ELSWICK FAMILY PRACTICE,,,,,,8542
202511,QHM,13T00,NEWCASTLE INNER WEST PCN,U45898,FENHAM HALL SURGERY,,,,,,10949
202511,QHM,13T00,NEWCASTLE INNER WEST PCN,U45898,PROSPECT MEDICAL CENTRE,,,,,,14247
202511,QHM,13T00,NEWCASTLE OUTER WEST PCN,U87170,DENTON PARK MEDICAL GROUP,,,,,,7498
202511,QHM,13T00,NEWCASTLE OUTER WEST PCN,U87170,DENTON TURRET MEDICAL CENTRE,,,,,,9033
202511,QHM,13T00,NEWCASTLE OUTER WEST PCN,U87170,NEWBURN SURGERY,,,,,,6261
202511,QHM,13T00,NEWCASTLE OUTER WEST PCN,U87170,PARKWAY MEDICAL GROUP,,,,,,8467
202511,QHM,13T00,NEWCASTLE OUTER WEST PCN,U87170,THROCKLEY PRIMARY CARE CENTRE,,,,,,7647
202511,QHM,13T00,NEWCASTLE OUTER WEST PCN,U87170,WESTERHOPE MEDICAL GROUP,,,,,,13670
202511,QHM,13T00,NORTH GOSFORTH PCN,U70624,BRUNTON PARK,Chloral hydrate (0401010B0),1,488.5124,30,30,8063
202511,QHM,13T00,NORTH GOSFORTH PCN,U70624,PARK MEDICAL GROUP,,,,,,13393
202511,QHM,13T00,NORTH GOSFORTH PCN,U70624,REGENT MEDICAL CENTRE,,,,,,7809
202511,QHM,13T00,WEST END FAMILY HEALTH PCN,U44695,CRUDDAS PARK SURGERY,,,,,,11839
202511,QHM,13T00,WEST END FAMILY HEALTH PCN,U44695,HOLMSIDE MEDICAL GROUP,,,,,,10039
202511,QHM,13T00,WEST END FAMILY HEALTH PCN,U44695,WEST ROAD MEDICAL CENTRE,,,,,,12493
202511,QHM,16C00,BILLINGHAM & NORTON PCN,U94460,DR RASOOL,,,,,,2213
202511,QHM,16C00,BILLINGHAM & NORTON PCN,U94460,KINGSWAY MEDICAL CENTRE,,,,,,10038
202511,QHM,16C00,BILLINGHAM & NORTON PCN,U94460,MARSH HOUSE MEDICAL PRACTICE,,,,,,8509
202511,QHM,16C00,BILLINGHAM & NORTON PCN,U94460,MELROSE SURGERY,,,,,,2373
202511,QHM,16C00,BILLINGHAM & NORTON PCN,U94460,NORTON MEDICAL CENTRE,,,,,,16113
202511,QHM,16C00,BILLINGHAM & NORTON PCN,U94460,QUEENSTREE PRACTICE,,,,,,4113
202511,QHM,16C00,BILLINGHAM & NORTON PCN,U94460,THE ROSEBERRY PRACTICE,,,,,,7770
202511,QHM,16C00,BYTES PCN,U63844,EAGLESCLIFFE MEDICAL PRACTICE,,,,,,13104
202511,QHM,16C00,BYTES PCN,U63844,PARK LANE SURGERY,,,,,,5518
202511,QHM,16C00,BYTES PCN,U63844,THORNABY & BARWICK MEDICAL GROUP,,,,,,20974
202511,QHM,16C00,BYTES PCN,U63844,YARM MEDICAL PRACTICE,,,,,,14290
202511,QHM,16C00,CENTRAL MIDDLESBROUGH PCN,U55830,MARTONSIDE MEDICAL CENTRE,,,,,,7825
202511,QHM,16C00,CENTRAL MIDDLESBROUGH PCN,U55830,PARK SURGERY,,,,,,12565
202511,QHM,16C00,CENTRAL MIDDLESBROUGH PCN,U55830,PROSPECT SURGERY,,,,,,6937
202511,QHM,16C00,CENTRAL MIDDLESBROUGH PCN,U55830,THE DISCOVERY PRACTICE,,,,,,8081
202511,QHM,16C00,CENTRAL MIDDLESBROUGH PCN,U55830,THE ENDEAVOUR PRACTICE,,,,,,8312
202511,QHM,16C00,CENTRAL MIDDLESBROUGH PCN,U55830,THE ERIMUS PRACTICE,Chloral hydrate (0401010B0),1,651.4424,40,40,6324
202511,QHM,16C00,CENTRAL MIDDLESBROUGH PCN,U55830,THORNTREE SURGERY,,,,,,2800
202511,QHM,16C00,DARLINGTON PCN,U45102,BLACKETTS MEDICAL PRACTICE,,,,,,11609
202511,QHM,16C00,DARLINGTON PCN,U45102,CARMEL MEDICAL PRACTICE,,,,,,11764
202511,QHM,16C00,DARLINGTON PCN,U45102,CLIFTON COURT MEDICAL PRACTICE,,,,,,12268
202511,QHM,16C00,DARLINGTON PCN,U45102,DENMARK STREET SURGERY,,,,,,14900
202511,QHM,16C00,DARLINGTON PCN,U45102,MIDDLETON AND DINSDALE MEDICAL PRACTICE,,,,,,5928
202511,QHM,16C00,DARLINGTON PCN,U45102,MOORLANDS SURGERY,,,,,,13194
202511,QHM,16C00,DARLINGTON PCN,U45102,NEASHAM ROAD SURGERY,,,,,,13382
202511,QHM,16C00,DARLINGTON PCN,U45102,ORCHARD COURT SURGERY,,,,,,8654
202511,QHM,16C00,DARLINGTON PCN,U45102,PARKGATE SURGERY,,,,,,4870
202511,QHM,16C00,DARLINGTON PCN,U45102,ROCKLIFFE COURT SURGERY,,,,,,6284
202511,QHM,16C00,DARLINGTON PCN,U45102,WHINFIELD MEDICAL PRACTICE,,,,,,12190
202511,QHM,16C00,DUMMY,-,THE RIDGEWAY HEALTH CENTRE,,,,,,4
202511,QHM,16C00,EAST CLEVELAND PCN,U07842,BROTTON SURGERY,,,,,,7776
202511,QHM,16C00,EAST CLEVELAND PCN,U07842,HILLSIDE PRACTICE,,,,,,9347
202511,QHM,16C00,EAST CLEVELAND PCN,U07842,SPRINGWOOD SURGERY,,,,,,7577
202511,QHM,16C00,EAST CLEVELAND PCN,U07842,THE GARTH,,,,,,11664
202511,QHM,16C00,EAST CLEVELAND PCN,U07842,WOODSIDE SURGERY,,,,,,5829
202511,QHM,16C00,ESTON PCN,U85257,CAMBRIDGE MEDICAL GROUP,,,,,,7271
202511,QHM,16C00,ESTON PCN,U85257,NORMANBY MEDICAL CENTRE,,,,,,26530
202511,QHM,16C00,ESTON PCN,U85257,SOUTH GRANGE MEDICAL GROUP PRACTICE,,,,,,15700
202511,QHM,16C00,ESTON PCN,U85257,THE ESTON SURGERY ( D 01-Oct-25 ),,,,,,2
202511,QHM,16C00,GREATER MIDDLESBROUGH PCN,U02671,ACKLAM MEDICAL CENTRE,Chloral hydrate (0401010B0),2,1465.5248,90,90,11442
202511,QHM,16C00,GREATER MIDDLESBROUGH PCN,U02671,COULBY MEDICAL PRACTICE,,,,,,9209
202511,QHM,16C00,GREATER MIDDLESBROUGH PCN,U02671,CROSSFELL HEALTH CENTRE,,,,,,8851
202511,QHM,16C00,GREATER MIDDLESBROUGH PCN,U02671,HIRSEL MEDICAL CENTRE,,,,,,3744
202511,QHM,16C00,GREATER MIDDLESBROUGH PCN,U02671,KINGS MEDICAL CENTRE,,,,,,6389
202511,QHM,16C00,GREATER MIDDLESBROUGH PCN,U02671,NEWLANDS MEDICAL CENTRE,,,,,,9705
202511,QHM,16C00,GREATER MIDDLESBROUGH PCN,U02671,PARKWAY MEDICAL CENTRE,,,,,,9621
202511,QHM,16C00,GREATER MIDDLESBROUGH PCN,U02671,WESTBOURNE MEDICAL CENTRE,,,,,,5662
202511,QHM,16C00,HARTLEPOOL HEALTH PCN,U40502,MCKENZIE GROUP PRACTICE,,,,,,6182
202511,QHM,16C00,HARTLEPOOL HEALTH PCN,U40502,MCKENZIE HOUSE SURGERY,Chloral hydrate (0401010B0),1,911.9824,56,56,19271
202511,QHM,16C00,HARTLEPOOL HEALTH PCN,U40502,THE HEADLAND MEDICAL CENTRE,,,,,,5357
202511,QHM,16C00,HARTLEPOOL PCN,U70212,GLADSTONE HOUSE SURGERY,,,,,,5619
202511,QHM,16C00,HARTLEPOOL PCN,U70212,HART MEDICAL PRACTICE,,,,,,9406
202511,QHM,16C00,HARTLEPOOL PCN,U70212,THE PATEL PRACTICE,,,,,,4104
202511,QHM,16C00,HARTLEPOOL PCN,U70212,WEST QUAY MEDICAL PRACTICE,,,,,,6302
202511,QHM,16C00,HARTLEPOOL PCN,U70212,WEST VIEW MILLENIUM SURGERY A,,,,,,7459
202511,QHM,16C00,HOLGATE PCN,U85008,BOROUGH ROAD & NUNTHORPE MEDICAL GROUP,,,,,,16921
202511,QHM,16C00,HOLGATE PCN,U85008,LINTHORPE SURGERY,,,,,,20816
202511,QHM,16C00,HOLGATE PCN,U85008,VILLAGE MEDICAL CENTRE,,,,,,7997
202511,QHM,16C00,NORTH STOCKTON PCN,U07032,ALMA MEDICAL CENTRE,Chloral hydrate (0401010B0),2,1465.5248,90,90,10855
202511,QHM,16C00,NORTH STOCKTON PCN,U07032,QUEENS PARK MEDICAL CENTRE,,,,,,18674
202511,QHM,16C00,NORTH STOCKTON PCN,U07032,TENNANT STREET MEDICAL PRACTICE,,,,,,14597
202511,QHM,16C00,ONE LIFE HARTLEPOOL PCN,U27349,BANKHOUSE SURGERY,,,,,,10487
202511,QHM,16C00,ONE LIFE HARTLEPOOL PCN,U27349,CHADWICK PRACTICE,,,,,,11939
202511,QHM,16C00,ONE LIFE HARTLEPOOL PCN,U27349,HAVELOCK GRANGE PRACTICE,,,,,,13638
202511,QHM,16C00,REDCAR COASTAL PCN,U23714,BENTLEY MEDICAL PRACTICE,Chloral hydrate (0401010B0),1,456.7724,30,30,10175
202511,QHM,16C00,REDCAR COASTAL PCN,U23714,HUNTCLIFF SURGERY,Chloral hydrate (0401010B0),2,1302.7948,80,80,9906
202511,QHM,16C00,REDCAR COASTAL PCN,U23714,THE COATHAM ROAD SURGERY,Chloral hydrate (0401010B0),1,488.5124,30,30,6288
202511,QHM,16C00,REDCAR COASTAL PCN,U23714,THE GREEN HOUSE SURGERY,,,,,,9976
202511,QHM,16C00,REDCAR COASTAL PCN,U23714,THE RAVENSCAR SURGERY,Chloral hydrate (0401010B0),2,570.0448,35,35,3459
202511,QHM,16C00,REDCAR COASTAL PCN,U23714,THE SALTSCAR SURGERY,,,,,,8487
202511,QHM,16C00,REDCAR COASTAL PCN,U23714,ZETLAND MEDICAL PRACTICE,,,,,,7118
202511,QHM,16C00,STOCKTON PCN,U89141,ELM TREE SURGERY,,,,,,17850
202511,QHM,16C00,STOCKTON PCN,U89141,RIVERSIDE MEDICAL PRACTICE,,,,,,10790
202511,QHM,16C00,STOCKTON PCN,U89141,THE DENSHAM SURGERY,,,,,,3763
202511,QHM,16C00,STOCKTON PCN,U89141,THE DOVECOT SURGERY,,,,,,4107
202511,QHM,16C00,STOCKTON PCN,U89141,WOODBRIDGE PRACTICE,Chloral hydrate (0401010B0),1,732.7624,45,45,18292
202511,QHM,16C00,STOCKTON PCN,U89141,WOODLANDS FAMILY MEDICAL CENTRE,,,,,,12246
202511,QHM,84H00,BISHOP AUCKLAND PCN,U85067,AUCKLAND MEDICAL GROUP,,,,,,16069
202511,QHM,84H00,BISHOP AUCKLAND PCN,U85067,BISHOPGATE MEDICAL CENTRE,,,,,,13648
202511,QHM,84H00,BISHOP AUCKLAND PCN,U85067,STATION VIEW MEDICAL CENTRE,,,,,,9699
202511,QHM,84H00,CHESTER LE STREET PCN,U77096,BRIDGE END SURGERY,,,,,,7604
202511,QHM,84H00,CHESTER LE STREET PCN,U77096,CESTRIA HEALTH CENTRE,,,,,,12623
202511,QHM,84H00,CHESTER LE STREET PCN,U77096,GREAT LUMLEY SURGERY,,,,,,5277
202511,QHM,84H00,CHESTER LE STREET PCN,U77096,MIDDLE CHARE MEDICAL GROUP,,,,,,9304
202511,QHM,84H00,CHESTER LE STREET PCN,U77096,PELTON & FELLROSE MEDICAL GROUP,,,,,,10281
202511,QHM,84H00,CHESTER LE STREET PCN,U77096,SACRISTON MEDICAL CENTRE,,,,,,10729
202511,QHM,84H00,CHESTER LE STREET PCN,U77096,VILLAGES MEDICAL GROUP,,,,,,4090
202511,QHM,84H00,CLAYPATH & UNIVERSITY MEDICAL GROUP PCN,U38486,CLAYPATH & UNIVERSITY MEDICAL GROUP,,,,,,34470
202511,QHM,84H00,DERWENTSIDE PCN,U70497,ANNFIELD PLAIN SURGERY,,,,,,3574
202511,QHM,84H00,DERWENTSIDE PCN,U70497,BROWNEY HOUSE SURGERY,,,,,,2695
202511,QHM,84H00,DERWENTSIDE PCN,U70497,CEDARS MEDICAL GROUP,,,,,,6223
202511,QHM,84H00,DERWENTSIDE PCN,U70497,CONSETT MEDICAL CENTRE,Chloral hydrate (0401010B0),1,244.2624,15,15,16647
202511,QHM,84H00,DERWENTSIDE PCN,U70497,DRS LAMBERT & NG,,,,,,5290
202511,QHM,84H00,DERWENTSIDE PCN,U70497,LANCHESTER MEDICAL CENTRE,,,,,,4120
202511,QHM,84H00,DERWENTSIDE PCN,U70497,LEADGATE SURGERY,,,,,,5771
202511,QHM,84H00,DERWENTSIDE PCN,U70497,OAKFIELDS HEALTH GROUP,,,,,,7685
202511,QHM,84H00,DERWENTSIDE PCN,U70497,QUEENS ROAD SURGERY,,,,,,16561
202511,QHM,84H00,DERWENTSIDE PCN,U70497,STANLEY MEDICAL GROUP,,,,,,12567
202511,QHM,84H00,DERWENTSIDE PCN,U70497,TANFIELD VIEW MEDICAL GROUP,,,,,,10803
202511,QHM,84H00,DERWENTSIDE PCN,U70497,THE HAVEN SURGERY,,,,,,1761
202511,QHM,84H00,DURHAM COAST PCN,U26864,BEVAN MEDICAL GROUP,,,,,,8719
202511,QHM,84H00,DURHAM COAST PCN,U26864,EAST DURHAM MEDICAL GROUP,,,,,,18216
202511,QHM,84H00,DURHAM COAST PCN,U26864,SOUTHDENE MEDICAL CENTRE,,,,,,3413
202511,QHM,84H00,DURHAM COAST PCN,U26864,WINGATE MEDICAL PRACTICE INTRAHEALTH,,,,,,3577
202511,QHM,84H00,DURHAM EAST PCN,U53962,BELMONT & SHERBURN MEDICAL GROUP,Chloral hydrate (0401010B0),1,244.2624,15,15,6329
202511,QHM,84H00,DURHAM EAST PCN,U53962,BOWBURN MEDICAL CENTRE,,,,,,4608
202511,QHM,84H00,DURHAM EAST PCN,U53962,CHEVELEY PARK MEDICAL CTR,,,,,,5114
202511,QHM,84H00,DURHAM EAST PCN,U53962,COXHOE MEDICAL PRACTICE,,,,,,7679
202511,QHM,84H00,DURHAM EAST PCN,U53962,WEST RAINTON SURGERY,,,,,,5506
202511,QHM,84H00,DURHAM WEST PCN,U01989,CHASTLETON MEDICAL GROUP,,,,,,10267
202511,QHM,84H00,DURHAM WEST PCN,U01989,DUNELM MEDICAL PRACTICE,,,,,,14490
202511,QHM,84H00,DURHAM WEST PCN,U01989,THE MEDICAL GROUP,,,,,,26718
202511,QHM,84H00,EASINGTON CENTRAL PCN,U14615,BLACKHALL AND PETERLEE PRACTICE,,,,,,10270
202511,QHM,84H00,EASINGTON CENTRAL PCN,U14615,THE HORDEN GROUP PRACTICE,,,,,,8324
202511,QHM,84H00,EASINGTON CENTRAL PCN,U14615,WILLIAM BROWN CENTRE,Chloral hydrate (0401010B0),1,244.2624,15,15,15526
202511,QHM,84H00,NORTH EASINGTON PCN,U81825,BYRON MEDICAL PRACTICE,,,,,,8298
202511,QHM,84H00,NORTH EASINGTON PCN,U81825,MARLBOROUGH SURGERY,,,,,,11460
202511,QHM,84H00,NORTH EASINGTON PCN,U81825,MURTON MEDICAL CENTRE,,,,,,7344
202511,QHM,84H00,NORTH EASINGTON PCN,U81825,SILVERDALE FAMILY PRACTICE,,,,,,6601
202511,QHM,84H00,NORTH EASINGTON PCN,U81825,THE NEW SEAHAM MEDICAL GROUP,,,,,,4715
202511,QHM,84H00,SEDGEFIELD 1 PCN,U37593,BEWICK CRESCENT SURGERY,,,,,,12945
202511,QHM,84H00,SEDGEFIELD 1 PCN,U37593,HALLGARTH SURGERY,,,,,,5400
202511,QHM,84H00,SEDGEFIELD 1 PCN,U37593,JUBILEE MEDICAL GROUP,,,,,,12948
202511,QHM,84H00,SEDGEFIELD 1 PCN,U37593,PEASE WAY MEDICAL CENTRE,,,,,,11936
202511,QHM,84H00,SEDGEFIELD NORTH PCN,U12365,BISHOPS CLOSE MEDICAL PRACTICE,,,,,,8575
202511,QHM,84H00,SEDGEFIELD NORTH PCN,U12365,FERRYHILL AND CHILTON MEDICAL PRACTICE,,,,,,14887
202511,QHM,84H00,SEDGEFIELD NORTH PCN,U12365,SKERNE MEDICAL GROUP,Chloral hydrate (0401010B0),1,977.0124,60,60,17035
202511,QHM,84H00,SEDGEFIELD NORTH PCN,U12365,ST ANDREW'S MEDICAL PRACTICE,,,,,,15856
202511,QHM,84H00,SEDGEFIELD NORTH PCN,U12365,WEST CORNFORTH MEDICAL CENTRE,,,,,,2792
202511,QHM,84H00,TEESDALE PCN,U31619,BARNARD CASTLE SURGERY,,,,,,11009
202511,QHM,84H00,TEESDALE PCN,U31619,EVENWOOD MEDICAL PRACTICE,,,,,,2311
202511,QHM,84H00,TEESDALE PCN,U31619,GAINFORD SURGERY,,,,,,3706
202511,QHM,84H00,TEESDALE PCN,U31619,OLD FORGE SURGERY,,,,,,2698
202511,QHM,84H00,TEESDALE PCN,U31619,PINFOLD MEDICAL PRACTICE,,,,,,2862
202511,QHM,84H00,TEESDALE PCN,U31619,WOODVIEW MEDICAL PRACTICE,,,,,,2633
202511,QHM,84H00,WEAR VALLEY PCN,U96202,NORTH HOUSE SURGERY,,,,,,13514
202511,QHM,84H00,WEAR VALLEY PCN,U96202,THE WEARDALE PRACTICE,,,,,,7150
202511,QHM,84H00,WEAR VALLEY PCN,U96202,WILLINGTON MEDICAL GROUP,,,,,,9196
202511,QHM,99C00,CRAMLINGTON SEATON VALLEY PCN,U24977,WOODLANDS PARK HEALTH CTR,,,,,,6781
202511,QHM,99C00,NORTH SHIELDS PCN,U91110,COLLINGWOOD HEALTH GROUP,,,,,,24406
202511,QHM,99C00,NORTH SHIELDS PCN,U91110,PRIORY MEDICAL GROUP,,,,,,15447
202511,QHM,99C00,NORTH SHIELDS PCN,U91110,REDBURN PARK MEDICAL CENTRE,,,,,,6277
202511,QHM,99C00,NORTH TYNESIDE NORTH WEST PCN,U95193,LANE END SURGERY,,,,,,9420
202511,QHM,99C00,NORTH TYNESIDE NORTH WEST PCN,U95193,MALLARD MEDICAL PRACTICE,Chloral hydrate (0401010B0),1,488.5124,30,30,5528
202511,QHM,99C00,NORTH TYNESIDE NORTH WEST PCN,U95193,STEPHENSON PARK HEALTH GROUP,,,,,,17710
202511,QHM,99C00,NORTH TYNESIDE NORTH WEST PCN,U95193,SWARLAND AVENUE SURGERY,,,,,,6713
202511,QHM,99C00,NORTH TYNESIDE NORTH WEST PCN,U95193,WELLSPRING MEDICAL PRACT.,,,,,,6567
202511,QHM,99C00,NORTH TYNESIDE NORTH WEST PCN,U95193,WEST FARM SURGERY,,,,,,6010
202511,QHM,99C00,NORTH TYNESIDE NORTH WEST PCN,U95193,WIDEOPEN MEDICAL CENTRE,,,,,,7448
202511,QHM,99C00,NORTHUMBRIA PCN,U09980,NPC NORTH TYNESIDE - SPRING TERRACE,,,,,,21453
202511,QHM,99C00,WALLSEND PCN,U10386,BEWICKE MEDICAL CENTRE,,,,,,9351
202511,QHM,99C00,WALLSEND PCN,U10386,HADRIAN HEALTH CENTRE,,,,,,21197
202511,QHM,99C00,WALLSEND PCN,U10386,THE VILLAGE GREEN SURGERY,,,,,,12862
202511,QHM,99C00,WHITLEY BAY PCN,U02739,BEAUMONT PARK SURGERY,,,,,,6278
202511,QHM,99C00,WHITLEY BAY PCN,U02739,BRIDGE AND MONKSEATON MEDICAL PRACTICE,,,,,,13313
202511,QHM,99C00,WHITLEY BAY PCN,U02739,MARINE AVENUE MEDICAL CTR,,,,,,9077
202511,QHM,99C00,WHITLEY BAY PCN,U02739,NORTHUMBERLAND PARK MEDICAL GROUP,,,,,,9607
202511,QHM,99C00,WHITLEY BAY PCN,U02739,WHITLEY BAY HEALTH CENTRE,,,,,,13879
202512,QHM,00L00,BLYTH PCN,U25489,MARINE MEDICAL GROUP,,,,,,14054
202512,QHM,00L00,BLYTH PCN,U25489,RAILWAY MEDICAL GROUP,,,,,,26885
202512,QHM,00L00,CRAMLINGTON SEATON VALLEY PCN,U24977,FORUM FAMILY PRACTICE,,,,,,9253
202512,QHM,00L00,CRAMLINGTON SEATON VALLEY PCN,U24977,NETHERFIELD HOUSE,,,,,,6018
202512,QHM,00L00,CRAMLINGTON SEATON VALLEY PCN,U24977,VILLAGE MEDICAL GROUP,,,,,,11790
202512,QHM,00L00,DUMMY,-,RIVERSDALE SURGERY,,,,,,5944
202512,QHM,00L00,DUMMY,-,THE ADDERLANE SURGERY,,,,,,2204
202512,QHM,00L00,NORTHUMBRIA PCN,U09980,NPC AMBLE & BROOMHILL,,,,,,12322
202512,QHM,00L00,NORTHUMBRIA PCN,U09980,NPC CENTRAL NORTHUMBERLAND,,,,,,49315
202512,QHM,00L00,NORTHUMBRIA PCN,U09980,NPC CRAMLINGTON,,,,,,5503
202512,QHM,00L00,NORTHUMBRIA PCN,U09980,NPC ELSDON AVENUE,,,,,,4370
202512,QHM,00L00,NORTHUMBRIA PCN,U09980,NPC FELTON & WIDDRINGTON,,,,,,4749
202512,QHM,00L00,NORTHUMBRIA PCN,U09980,NPC HAYDON BRIDGE & ALLENDALE,,,,,,5266
202512,QHM,00L00,NORTHUMBRIA PCN,U09980,NPC PONTELAND,,,,,,10871
202512,QHM,00L00,NORTHUMBRIA PCN,U09980,NPC ROTHBURY,,,,,,6241
202512,QHM,00L00,WANSBECK PCN,U11112,BEDLINGTONSHIRE MED.GROUP,,,,,,12935
202512,QHM,00L00,WANSBECK PCN,U11112,GUIDEPOST MEDICAL GROUP,,,,,,8108
202512,QHM,00L00,WANSBECK PCN,U11112,SEATON PARK MEDICAL GROUP,,,,,,20003
202512,QHM,00L00,WANSBECK PCN,U11112,THE GABLES MEDICAL GROUP,,,,,,6307
202512,QHM,00L00,WELL UP NORTH PCN,U25545,ALNWICK MEDICAL GROUP,,,,,,18944
202512,QHM,00L00,WELL UP NORTH PCN,U25545,BELFORD MEDICAL PRACTICE,,,,,,4485
202512,QHM,00L00,WELL UP NORTH PCN,U25545,GAS HOUSE LANE SURGERY,Chloral hydrate (0401010B0),2,488.5248,30,30,7283
202512,QHM,00L00,WELL UP NORTH PCN,U25545,GREYSTOKE SURGERY,,,,,,11059
202512,QHM,00L00,WELL UP NORTH PCN,U25545,UNION BRAE & NORHAM PRAC,,,,,,7079
202512,QHM,00L00,WELL UP NORTH PCN,U25545,WELL CLOSE MEDICAL GROUP,,,,,,9224
202512,QHM,00L00,WELL UP NORTH PCN,U25545,WOOLER HEALTH,,,,,,4903
202512,QHM,00L00,WEST NORTHUMBERLAND PCN,U05512,BELLINGHAM PRACTICE,,,,,,3433
202512,QHM,00L00,WEST NORTHUMBERLAND PCN,U05512,BRANCH END SURGERY,,,,,,5424
202512,QHM,00L00,WEST NORTHUMBERLAND PCN,U05512,BURN BRAE MEDICAL GROUP,,,,,,10423
202512,QHM,00L00,WEST NORTHUMBERLAND PCN,U05512,CORBRIDGE HEALTH CENTRE,,,,,,7322
202512,QHM,00L00,WEST NORTHUMBERLAND PCN,U05512,HALTWHISTLE MEDICAL GROUP,,,,,,5624
202512,QHM,00L00,WEST NORTHUMBERLAND PCN,U05512,HUMSHAUGH & WARK MED GRP,,,,,,3342
202512,QHM,00L00,WEST NORTHUMBERLAND PCN,U05512,PRUDHOE MEDICAL GROUP,,,,,,6795
202512,QHM,00L00,WEST NORTHUMBERLAND PCN,U05512,SCOTS GAP MEDICAL GROUP,,,,,,2184
202512,QHM,00L00,WEST NORTHUMBERLAND PCN,U05512,THE SELE MEDICAL PRACTICE,,,,,,5887
202512,QHM,00L00,WEST NORTHUMBERLAND PCN,U05512,WHITE MEDICAL GROUP,,,,,,8705
202512,QHM,00N00,SOUTH TYNESIDE EAST PCN,U20256,FARNHAM MEDICAL CTR.,,,,,,16638
202512,QHM,00N00,SOUTH TYNESIDE EAST PCN,U20256,ST GEORGE & RIVERSIDE MEDICAL PRACTICE,,,,,,7397
202512,QHM,00N00,SOUTH TYNESIDE EAST PCN,U20256,TALBOT MEDICAL CENTRE,,,,,,7751
202512,QHM,00N00,SOUTH TYNESIDE EAST PCN,U20256,TRINITY MEDICAL CENTRE,,,,,,6323
202512,QHM,00N00,SOUTH TYNESIDE EAST PCN,U20256,WENLOCK ROAD SURGERY,,,,,,4457
202512,QHM,00N00,SOUTH TYNESIDE EAST PCN,U20256,WEST VIEW SURGERY,,,,,,2865
202512,QHM,00N00,SOUTH TYNESIDE SOUTH PCN,U89118,CENTRAL SURGERY,,,,,,19304
202512,QHM,00N00,SOUTH TYNESIDE SOUTH PCN,U89118,COLLIERY COURT MEDICAL GROUP,,,,,,8389
202512,QHM,00N00,SOUTH TYNESIDE SOUTH PCN,U89118,DR THORNILEY-WALKER & PARTNERS,,,,,,5894
202512,QHM,00N00,SOUTH TYNESIDE SOUTH PCN,U89118,IMEARY MEDICAL GROUP,,,,,,4470
202512,QHM,00N00,SOUTH TYNESIDE SOUTH PCN,U89118,MARSDEN MEDICAL GROUP,Chloral hydrate (0401010B0),2,488.5248,30,30,22664
202512,QHM,00N00,SOUTH TYNESIDE SOUTH PCN,U89118,WHITBURN SURGERY,,,,,,5319
202512,QHM,00N00,SOUTH TYNESIDE WEST PCN,U37826,ALBERT ROAD SURGERY,,,,,,3600
202512,QHM,00N00,SOUTH TYNESIDE WEST PCN,U37826,EAST WING PRACTICE,,,,,,4188
202512,QHM,00N00,SOUTH TYNESIDE WEST PCN,U37826,ELLISON VIEW SURGERY,,,,,,6060
202512,QHM,00N00,SOUTH TYNESIDE WEST PCN,U37826,MAYFIELD MEDICAL GROUP,,,,,,8993
202512,QHM,00N00,SOUTH TYNESIDE WEST PCN,U37826,RAVENSWORTH SURGERY,,,,,,5996
202512,QHM,00N00,SOUTH TYNESIDE WEST PCN,U37826,THE G.P.SUITE,,,,,,4296
202512,QHM,00N00,SOUTH TYNESIDE WEST PCN,U37826,THE GLEN MEDICAL GROUP,,,,,,11126
202512,QHM,00N00,SOUTH TYNESIDE WEST PCN,U37826,VICTORIA MEDICAL CENTRE,,,,,,3640
202512,QHM,00P00,COALFIELDS PCN,U69720,GRANGEWOOD SURGERY,,,,,,7512
202512,QHM,00P00,COALFIELDS PCN,U69720,HERRINGTON MEDICAL CENTRE,,,,,,9765
202512,QHM,00P00,COALFIELDS PCN,U69720,HETTON GROUP PRACTICE,,,,,,11878
202512,QHM,00P00,COALFIELDS PCN,U69720,"HOUGHTON MEDICAL GROUP,",,,,,,8417
202512,QHM,00P00,COALFIELDS PCN,U69720,KEPIER MEDICAL PRACTICE,,,,,,8529
202512,QHM,00P00,COALFIELDS PCN,U69720,WESTBOURNE MEDICAL GROUP,,,,,,6627
202512,QHM,00P00,DUMMY,-,PALLION PRIMARY CARE SERVICES,,,,,,38
202512,QHM,00P00,SUNDERLAND CENTRAL PCN,U05458,HAPPY HOUSE SURGERY,,,,,,8096
202512,QHM,00P00,SUNDERLAND CENTRAL PCN,U05458,NEW SILKSWORTH MEDICAL PRACTICE,,,,,,9191
202512,QHM,00P00,SUNDERLAND CENTRAL PCN,U05458,SPRINGWELL MEDICAL GROUP,,,,,,6360
202512,QHM,00P00,SUNDERLAND CENTRAL PCN,U05458,SUNDERLAND GP ALLIANCE SOUTH HYLTON SURG,,,,,,4531
202512,QHM,00P00,SUNDERLAND CENTRAL PCN,U05458,VILLAGE SURGERY PARTNERSHIP,,,,,,4853
202512,QHM,00P00,SUNDERLAND EAST PCN,U52297,ASHBURN MEDICAL CENTRE,,,,,,5205
202512,QHM,00P00,SUNDERLAND EAST PCN,U52297,DEERNESS PARK MEDICAL GROUP,,,,,,13600
202512,QHM,00P00,SUNDERLAND EAST PCN,U52297,PARK LANE PRACTICE,,,,,,4174
202512,QHM,00P00,SUNDERLAND EAST PCN,U52297,RIVERVIEW SURGERY,,,,,,6923
202512,QHM,00P00,SUNDERLAND EAST PCN,U52297,SOUTHLANDS MEDICAL GROUP,,,,,,10812
202512,QHM,00P00,SUNDERLAND EAST PCN,U52297,THE NEW CITY MEDICAL GROUP,,,,,,5624
202512,QHM,00P00,SUNDERLAND EAST PCN,U52297,VILLETTE SURGERY,,,,,,5861
202512,QHM,00P00,SUNDERLAND NORTH PCN,U43314,BRIDGE VIEW MEDICAL GROUP,,,,,,14748
202512,QHM,00P00,SUNDERLAND NORTH PCN,U43314,CASTLETOWN MEDICAL CENTRE,,,,,,2235
202512,QHM,00P00,SUNDERLAND NORTH PCN,U43314,"FULWELL MEDICAL CENTRE,",,,,,,9172
202512,QHM,00P00,SUNDERLAND NORTH PCN,U43314,MONKWEARMOUTH HEALTH CENTRE,,,,,,4563
202512,QHM,00P00,SUNDERLAND NORTH PCN,U43314,RED HOUSE MEDICAL CENTRE,,,,,,5443
202512,QHM,00P00,SUNDERLAND NORTH PCN,U43314,ST BEDE MEDICAL CENTRE,,,,,,9287
202512,QHM,00P00,SUNDERLAND WEST 1 PCN,U14646,CHESTER SURGERY,,,,,,3087
202512,QHM,00P00,SUNDERLAND WEST 1 PCN,U14646,FORGE MEDICAL PRACTICE,,,,,,8548
202512,QHM,00P00,SUNDERLAND WEST 1 PCN,U14646,HYLTON MEDICAL GROUP,,,,,,7415
202512,QHM,00P00,SUNDERLAND WEST 1 PCN,U14646,MILLFIELD MEDICAL GROUP,,,,,,14320
202512,QHM,00P00,SUNDERLAND WEST 1 PCN,U14646,PALLION FAMILY PRACTICE,,,,,,10059
202512,QHM,00P00,SUNDERLAND WEST 1 PCN,U14646,THE BROADWAY MEDICAL PRACTICE,,,,,,7966
202512,QHM,00P00,SUNDERLAND WEST 1 PCN,U14646,WEARSIDE MEDICAL PRACTICE - PALLION,,,,,,7981
202512,QHM,00P00,WASHINGTON PCN,U61868,CONCORD MEDICAL PRACTICE,,,,,,5221
202512,QHM,00P00,WASHINGTON PCN,U61868,GALLERIES MEDICAL PRACTICE,,,,,,11652
202512,QHM,00P00,WASHINGTON PCN,U61868,I J HEALTHCARE,,,,,,3566
202512,QHM,00P00,WASHINGTON PCN,U61868,NEW WASHINGTON MEDICAL GROUP,,,,,,7182
202512,QHM,00P00,WASHINGTON PCN,U61868,RICKLETON MEDICAL CENTRE,,,,,,2928
202512,QHM,00P00,WASHINGTON PCN,U61868,SUNDERLAND GP ALLIANCE MEDICAL PRACTICE,,,,,,9919
202512,QHM,00P00,WASHINGTON PCN,U61868,THE STEPHENSON MEDICAL PRACTICE,,,,,,12146
202512,QHM,01H00,CARLISLE HEALTHCARE PCN,U92223,BRAMPTON MEDICAL PRACTICE,,,,,,16734
202512,QHM,01H00,CARLISLE HEALTHCARE PCN,U92223,CARLISLE HEALTHCARE,,,,,,40800
202512,QHM,01H00,CARLISLE HEALTHCARE PCN,U92223,LONGTOWN MEDICAL CENTRE,,,,,,3852
202512,QHM,01H00,CARLISLE HEALTHCARE PCN,U92223,SPENCER ST SURGERY,,,,,,13696
202512,QHM,01H00,CARLISLE PCN,U66688,CARLISLE CENTRAL PRACTICE,,,,,,13358
202512,QHM,01H00,CARLISLE PCN,U66688,EDEN MEDICAL GROUP,,,,,,15214
202512,QHM,01H00,CARLISLE PCN,U66688,WARWICK SQUARE GROUP PRACTICE,,,,,,7929
202512,QHM,01H00,COCKERMOUTH & MARYPORT PCN,U76572,CASTLEGATE AND DERWENT SURGERY,,,,,,18022
202512,QHM,01H00,COCKERMOUTH & MARYPORT PCN,U76572,MARYPORT HEALTH SERVICES,,,,,,13860
202512,QHM,01H00,COPELAND HAVEN PCN,U94879,DISTINGTON SURGERY,,,,,,6505
202512,QHM,01H00,COPELAND HAVEN PCN,U94879,MANSION HOUSE SURGERY,,,,,,7624
202512,QHM,01H00,COPELAND HAVEN PCN,U94879,WESTCROFT HOUSE SURGERY,,,,,,6332
202512,QHM,01H00,COPELAND PCN,U48302,FELLVIEW HEALTHCARE,,,,,,23048
202512,QHM,01H00,COPELAND PCN,U48302,LOWTHER MEDICAL CENTRE,,,,,,13749
202512,QHM,01H00,COPELAND PCN,U48302,SEASCALE HEALTH CENTRE,,,,,,5954
202512,QHM,01H00,EDEN (CUMBRIA) PCN,U08085,ALSTON MEDICAL PRACTICE,,,,,,2200
202512,QHM,01H00,EDEN (CUMBRIA) PCN,U08085,APPLEBY MEDICAL PRACTICE,,,,,,5164
202512,QHM,01H00,EDEN (CUMBRIA) PCN,U08085,BIRBECK MEDICAL GROUP,,,,,,14369
202512,QHM,01H00,EDEN (CUMBRIA) PCN,U08085,COURT THORN SURGERY,,,,,,3733
202512,QHM,01H00,EDEN (CUMBRIA) PCN,U08085,GLENRIDDING HEALTH CENTRE,,,,,,1001
202512,QHM,01H00,EDEN (CUMBRIA) PCN,U08085,KIRKOSWALD SURGERY,,,,,,2809
202512,QHM,01H00,EDEN (CUMBRIA) PCN,U08085,SHAP MEDICAL PRACTICE,,,,,,3327
202512,QHM,01H00,EDEN (CUMBRIA) PCN,U08085,TEMPLE SOWERBY MEDICAL PRACTICE,,,,,,4642
202512,QHM,01H00,EDEN (CUMBRIA) PCN,U08085,THE LAKES MEDICAL PRACTICE,,,,,,11651
202512,QHM,01H00,EDEN (CUMBRIA) PCN,U08085,UPPER EDEN MEDICAL PRACTICE,,,,,,6453
202512,QHM,01H00,KESWICK & SOLWAY PCN,U25680,ASPATRIA MEDICAL GROUP,,,,,,7349
202512,QHM,01H00,KESWICK & SOLWAY PCN,U25680,CALDBECK SURGERY,,,,,,4233
202512,QHM,01H00,KESWICK & SOLWAY PCN,U25680,CASTLEHEAD MEDICAL CENTRE,,,,,,8347
202512,QHM,01H00,KESWICK & SOLWAY PCN,U25680,DALSTON MEDICAL GROUP,,,,,,5192
202512,QHM,01H00,KESWICK & SOLWAY PCN,U25680,SILLOTH GROUP MEDICAL PRACTICE,,,,,,4438
202512,QHM,01H00,KESWICK & SOLWAY PCN,U25680,THE CROFT SURGERY,,,,,,3543
202512,QHM,01H00,KESWICK & SOLWAY PCN,U25680,WIGTON GROUP MEDICAL PRACTICE,,,,,,9172
202512,QHM,01H00,WORKINGTON PCN,U67303,JAMES STREET GROUP PRACT,,,,,,33404
202512,QHM,13T00,BIRTLEY AND CENTRAL GATESHEAD PCN,U76028,BIRTLEY MEDICAL GROUP,,,,,,15296
202512,QHM,13T00,BIRTLEY AND CENTRAL GATESHEAD PCN,U76028,OXFORD TCE & RAWLING RD MEDICAL GROUP,,,,,,17967
202512,QHM,13T00,BIRTLEY AND CENTRAL GATESHEAD PCN,U76028,SECOND STREET SURGERY,,,,,,4424
202512,QHM,13T00,BIRTLEY AND CENTRAL GATESHEAD PCN,U76028,THE BRIDGES MEDICAL PRACTICE,,,,,,8474
202512,QHM,13T00,GATESHEAD CENTRAL SOUTH PCN,U91254,BEACON VIEW MEDICAL CENTRE,,,,,,5801
202512,QHM,13T00,GATESHEAD CENTRAL SOUTH PCN,U91254,BENSHAM FAMILY PRACTICE,,,,,,3757
202512,QHM,13T00,GATESHEAD CENTRAL SOUTH PCN,U91254,BEWICK ROAD SURGERY,,,,,,8683
202512,QHM,13T00,GATESHEAD CENTRAL SOUTH PCN,U91254,CENTRAL GATESHEAD MEDICAL GROUP,,,,,,10575
202512,QHM,13T00,GATESHEAD CENTRAL SOUTH PCN,U91254,FELL COTTAGE SURGERY,,,,,,8781
202512,QHM,13T00,GATESHEAD CENTRAL SOUTH PCN,U91254,FELL TOWER MEDICAL CENTRE,,,,,,7432
202512,QHM,13T00,GATESHEAD CENTRAL SOUTH PCN,U91254,MILLENNIUM FAMILY PRACTICE,,,,,,3752
202512,QHM,13T00,GATESHEAD CENTRAL SOUTH PCN,U91254,WREKENTON MEDICAL GROUP,,,,,,12270
202512,QHM,13T00,GATESHEAD EAST PCN,U13720,CROWHALL MEDICAL CENTRE,,,,,,6504
202512,QHM,13T00,GATESHEAD EAST PCN,U13720,LONGRIGG MEDICAL CENTRE,,,,,,10005
202512,QHM,13T00,GATESHEAD EAST PCN,U13720,PELAW MEDICAL PRACTICE,,,,,,5648
202512,QHM,13T00,GATESHEAD EAST PCN,U13720,ST. ALBANS MEDICAL GROUP,,,,,,7152
202512,QHM,13T00,GATESHEAD INNER WEST PCN,U33691,CHAINBRIDGE MEDICAL PARTNERSHIP,,,,,,11529
202512,QHM,13T00,GATESHEAD INNER WEST PCN,U33691,GLENPARK & TEAMS MEDICAL SERVICES,,,,,,14596
202512,QHM,13T00,GATESHEAD INNER WEST PCN,U33691,SUNNISIDE SURGERY,,,,,,3912
202512,QHM,13T00,GATESHEAD INNER WEST PCN,U33691,WHICKHAM COTTAGE MEDICAL CENTRE,,,,,,15661
202512,QHM,13T00,GATESHEAD OUTER WEST PCN,U41930,CHOPWELL PRIMARY HEALTHCARE CENTRE,,,,,,2578
202512,QHM,13T00,GATESHEAD OUTER WEST PCN,U41930,CRAWCROOK MEDICAL CENTRE,,,,,,20149
202512,QHM,13T00,GATESHEAD OUTER WEST PCN,U41930,HOLLYHURST MEDICAL CENTRE,,,,,,5063
202512,QHM,13T00,GATESHEAD OUTER WEST PCN,U41930,OLDWELL SURGERY,,,,,,4725
202512,QHM,13T00,JESMOND - LOWER GOSFORTH PCN,U34146,JESMOND HEALTH PARTNERSHIP,,,,,,27294
202512,QHM,13T00,JESMOND - LOWER GOSFORTH PCN,U34146,ROSEWORTH SURGERY,,,,,,5788
202512,QHM,13T00,JESMOND - LOWER GOSFORTH PCN,U34146,THE GROVE MEDICAL GROUP,,,,,,13200
202512,QHM,13T00,NEWCASTLE CENTRAL HEALTH PCN,U43524,SAVILLE MEDICAL GROUP,,,,,,42701
202512,QHM,13T00,NEWCASTLE EAST PCN,U17849,BENFIELD PARK MEDICAL GROUP,,,,,,10396
202512,QHM,13T00,NEWCASTLE EAST PCN,U17849,BIDDLESTONE HEALTH GROUP,,,,,,10694
202512,QHM,13T00,NEWCASTLE EAST PCN,U17849,HEATON ROAD SURGERY,,,,,,6907
202512,QHM,13T00,NEWCASTLE EAST PCN,U17849,NEWCASTLE MEDICAL CENTRE,,,,,,22241
202512,QHM,13T00,NEWCASTLE EAST PCN,U17849,ST.ANTHONY'S HEALTH CENTRE,,,,,,6616
202512,QHM,13T00,NEWCASTLE EAST PCN,U17849,THORNFIELD MEDICAL GROUP,,,,,,20477
202512,QHM,13T00,NEWCASTLE EAST PCN,U17849,WALKER MEDICAL GROUP,,,,,,10836
202512,QHM,13T00,NEWCASTLE INNER WEST PCN,U45898,BETTS AVENUE MEDICAL GROUP,,,,,,10640
202512,QHM,13T00,NEWCASTLE INNER WEST PCN,U45898,DILSTON MEDICAL CENTRE,,,,,,9839
202512,QHM,13T00,NEWCASTLE INNER WEST PCN,U45898,ELSWICK FAMILY PRACTICE,,,,,,8574
202512,QHM,13T00,NEWCASTLE INNER WEST PCN,U45898,FENHAM HALL SURGERY,,,,,,10957
202512,QHM,13T00,NEWCASTLE INNER WEST PCN,U45898,PROSPECT MEDICAL CENTRE,,,,,,14196
202512,QHM,13T00,NEWCASTLE OUTER WEST PCN,U87170,DENTON PARK MEDICAL GROUP,,,,,,7501
202512,QHM,13T00,NEWCASTLE OUTER WEST PCN,U87170,DENTON TURRET MEDICAL CENTRE,,,,,,9025
202512,QHM,13T00,NEWCASTLE OUTER WEST PCN,U87170,NEWBURN SURGERY,,,,,,6256
202512,QHM,13T00,NEWCASTLE OUTER WEST PCN,U87170,PARKWAY MEDICAL GROUP,,,,,,8465
202512,QHM,13T00,NEWCASTLE OUTER WEST PCN,U87170,THROCKLEY PRIMARY CARE CENTRE,,,,,,7660
202512,QHM,13T00,NEWCASTLE OUTER WEST PCN,U87170,WESTERHOPE MEDICAL GROUP,,,,,,13680
202512,QHM,13T00,NORTH GOSFORTH PCN,U70624,BRUNTON PARK,,,,,,8036
202512,QHM,13T00,NORTH GOSFORTH PCN,U70624,PARK MEDICAL GROUP,,,,,,13381
202512,QHM,13T00,NORTH GOSFORTH PCN,U70624,REGENT MEDICAL CENTRE,,,,,,7834
202512,QHM,13T00,WEST END FAMILY HEALTH PCN,U44695,CRUDDAS PARK SURGERY,,,,,,11857
202512,QHM,13T00,WEST END FAMILY HEALTH PCN,U44695,HOLMSIDE MEDICAL GROUP,,,,,,10006
202512,QHM,13T00,WEST END FAMILY HEALTH PCN,U44695,WEST ROAD MEDICAL CENTRE,,,,,,12493
202512,QHM,16C00,BILLINGHAM & NORTON PCN,U94460,DR RASOOL,,,,,,2218
202512,QHM,16C00,BILLINGHAM & NORTON PCN,U94460,KINGSWAY MEDICAL CENTRE,,,,,,10044
202512,QHM,16C00,BILLINGHAM & NORTON PCN,U94460,MARSH HOUSE MEDICAL PRACTICE,,,,,,8507
202512,QHM,16C00,BILLINGHAM & NORTON PCN,U94460,MELROSE SURGERY,,,,,,2376
202512,QHM,16C00,BILLINGHAM & NORTON PCN,U94460,NORTON MEDICAL CENTRE,,,,,,16084
202512,QHM,16C00,BILLINGHAM & NORTON PCN,U94460,QUEENSTREE PRACTICE,,,,,,4109
202512,QHM,16C00,BILLINGHAM & NORTON PCN,U94460,THE ROSEBERRY PRACTICE,,,,,,7744
202512,QHM,16C00,BYTES PCN,U63844,EAGLESCLIFFE MEDICAL PRACTICE,,,,,,13111
202512,QHM,16C00,BYTES PCN,U63844,PARK LANE SURGERY,,,,,,5538
202512,QHM,16C00,BYTES PCN,U63844,THORNABY & BARWICK MEDICAL GROUP,,,,,,20951
202512,QHM,16C00,BYTES PCN,U63844,YARM MEDICAL PRACTICE,,,,,,14275
202512,QHM,16C00,CENTRAL MIDDLESBROUGH PCN,U55830,MARTONSIDE MEDICAL CENTRE,,,,,,7821
202512,QHM,16C00,CENTRAL MIDDLESBROUGH PCN,U55830,PARK SURGERY,,,,,,12544
202512,QHM,16C00,CENTRAL MIDDLESBROUGH PCN,U55830,PROSPECT SURGERY,,,,,,6924
202512,QHM,16C00,CENTRAL MIDDLESBROUGH PCN,U55830,THE DISCOVERY PRACTICE,,,,,,8070
202512,QHM,16C00,CENTRAL MIDDLESBROUGH PCN,U55830,THE ENDEAVOUR PRACTICE,,,,,,8277
202512,QHM,16C00,CENTRAL MIDDLESBROUGH PCN,U55830,THE ERIMUS PRACTICE,,,,,,6289
202512,QHM,16C00,CENTRAL MIDDLESBROUGH PCN,U55830,THORNTREE SURGERY,,,,,,2812
202512,QHM,16C00,DARLINGTON PCN,U45102,BLACKETTS MEDICAL PRACTICE,,,,,,11610
202512,QHM,16C00,DARLINGTON PCN,U45102,CARMEL MEDICAL PRACTICE,Chloral hydrate (0401010B0),1,977.0124,60,60,11763
202512,QHM,16C00,DARLINGTON PCN,U45102,CLIFTON COURT MEDICAL PRACTICE,,,,,,12280
202512,QHM,16C00,DARLINGTON PCN,U45102,DENMARK STREET SURGERY,,,,,,14833
202512,QHM,16C00,DARLINGTON PCN,U45102,MIDDLETON AND DINSDALE MEDICAL PRACTICE,,,,,,5928
202512,QHM,16C00,DARLINGTON PCN,U45102,MOORLANDS SURGERY,,,,,,13198
202512,QHM,16C00,DARLINGTON PCN,U45102,NEASHAM ROAD SURGERY,,,,,,13382
202512,QHM,16C00,DARLINGTON PCN,U45102,ORCHARD COURT SURGERY,,,,,,8673
202512,QHM,16C00,DARLINGTON PCN,U45102,PARKGATE SURGERY,,,,,,4884
202512,QHM,16C00,DARLINGTON PCN,U45102,ROCKLIFFE COURT SURGERY,,,,,,6294
202512,QHM,16C00,DARLINGTON PCN,U45102,WHINFIELD MEDICAL PRACTICE,,,,,,12187
202512,QHM,16C00,DUMMY,-,THE RIDGEWAY HEALTH CENTRE,,,,,,2
202512,QHM,16C00,EAST CLEVELAND PCN,U07842,BROTTON SURGERY,,,,,,7763
202512,QHM,16C00,EAST CLEVELAND PCN,U07842,HILLSIDE PRACTICE,,,,,,9351
202512,QHM,16C00,EAST CLEVELAND PCN,U07842,SPRINGWOOD SURGERY,,,,,,7575
202512,QHM,16C00,EAST CLEVELAND PCN,U07842,THE GARTH,,,,,,11670
202512,QHM,16C00,EAST CLEVELAND PCN,U07842,WOODSIDE SURGERY,,,,,,5822
202512,QHM,16C00,ESTON PCN,U85257,CAMBRIDGE MEDICAL GROUP,,,,,,7264
202512,QHM,16C00,ESTON PCN,U85257,NORMANBY MEDICAL CENTRE,Chloral hydrate (0401010B0),2,977.0248,60,60,26523
202512,QHM,16C00,ESTON PCN,U85257,SOUTH GRANGE MEDICAL GROUP PRACTICE,,,,,,15724
202512,QHM,16C00,ESTON PCN,U85257,THE ESTON SURGERY ( D 01-Oct-25 ),,,,,,2
202512,QHM,16C00,GREATER MIDDLESBROUGH PCN,U02671,ACKLAM MEDICAL CENTRE,Chloral hydrate (0401010B0),3,2442.5372,150,150,11398
202512,QHM,16C00,GREATER MIDDLESBROUGH PCN,U02671,COULBY MEDICAL PRACTICE,,,,,,9213
202512,QHM,16C00,GREATER MIDDLESBROUGH PCN,U02671,CROSSFELL HEALTH CENTRE,,,,,,8845
202512,QHM,16C00,GREATER MIDDLESBROUGH PCN,U02671,HIRSEL MEDICAL CENTRE,,,,,,3739
202512,QHM,16C00,GREATER MIDDLESBROUGH PCN,U02671,KINGS MEDICAL CENTRE,,,,,,6387
202512,QHM,16C00,GREATER MIDDLESBROUGH PCN,U02671,NEWLANDS MEDICAL CENTRE,,,,,,9651
202512,QHM,16C00,GREATER MIDDLESBROUGH PCN,U02671,PARKWAY MEDICAL CENTRE,,,,,,9672
202512,QHM,16C00,GREATER MIDDLESBROUGH PCN,U02671,WESTBOURNE MEDICAL CENTRE,,,,,,5665
202512,QHM,16C00,HARTLEPOOL HEALTH PCN,U40502,MCKENZIE GROUP PRACTICE,,,,,,6177
202512,QHM,16C00,HARTLEPOOL HEALTH PCN,U40502,MCKENZIE HOUSE SURGERY,Chloral hydrate (0401010B0),1,911.9824,56,56,19375
202512,QHM,16C00,HARTLEPOOL HEALTH PCN,U40502,THE HEADLAND MEDICAL CENTRE,,,,,,5346
202512,QHM,16C00,HARTLEPOOL PCN,U70212,GLADSTONE HOUSE SURGERY,,,,,,5609
202512,QHM,16C00,HARTLEPOOL PCN,U70212,HART MEDICAL PRACTICE,,,,,,9402
202512,QHM,16C00,HARTLEPOOL PCN,U70212,THE PATEL PRACTICE,,,,,,4122
202512,QHM,16C00,HARTLEPOOL PCN,U70212,WEST QUAY MEDICAL PRACTICE,,,,,,6293
202512,QHM,16C00,HARTLEPOOL PCN,U70212,WEST VIEW MILLENIUM SURGERY A,,,,,,7472
202512,QHM,16C00,HOLGATE PCN,U85008,BOROUGH ROAD & NUNTHORPE MEDICAL GROUP,,,,,,16938
202512,QHM,16C00,HOLGATE PCN,U85008,LINTHORPE SURGERY,,,,,,20771
202512,QHM,16C00,HOLGATE PCN,U85008,VILLAGE MEDICAL CENTRE,,,,,,7982
202512,QHM,16C00,NORTH STOCKTON PCN,U07032,ALMA MEDICAL CENTRE,Chloral hydrate (0401010B0),1,732.7624,45,45,10794
202512,QHM,16C00,NORTH STOCKTON PCN,U07032,QUEENS PARK MEDICAL CENTRE,,,,,,18653
202512,QHM,16C00,NORTH STOCKTON PCN,U07032,TENNANT STREET MEDICAL PRACTICE,,,,,,14592
202512,QHM,16C00,ONE LIFE HARTLEPOOL PCN,U27349,BANKHOUSE SURGERY,,,,,,10486
202512,QHM,16C00,ONE LIFE HARTLEPOOL PCN,U27349,CHADWICK PRACTICE,,,,,,11984
202512,QHM,16C00,ONE LIFE HARTLEPOOL PCN,U27349,HAVELOCK GRANGE PRACTICE,,,,,,13613
202512,QHM,16C00,REDCAR COASTAL PCN,U23714,BENTLEY MEDICAL PRACTICE,Chloral hydrate (0401010B0),2,945.2848,60,60,10172
202512,QHM,16C00,REDCAR COASTAL PCN,U23714,HUNTCLIFF SURGERY,Chloral hydrate (0401010B0),2,570.0448,35,35,9898
202512,QHM,16C00,REDCAR COASTAL PCN,U23714,THE COATHAM ROAD SURGERY,Chloral hydrate (0401010B0),1,488.5124,30,30,6275
202512,QHM,16C00,REDCAR COASTAL PCN,U23714,THE GREEN HOUSE SURGERY,,,,,,10021
202512,QHM,16C00,REDCAR COASTAL PCN,U23714,THE RAVENSCAR SURGERY,Chloral hydrate (0401010B0),1,325.7824,20,20,3459
202512,QHM,16C00,REDCAR COASTAL PCN,U23714,THE SALTSCAR SURGERY,,,,,,8478
202512,QHM,16C00,REDCAR COASTAL PCN,U23714,ZETLAND MEDICAL PRACTICE,,,,,,7131
202512,QHM,16C00,STOCKTON PCN,U89141,ELM TREE SURGERY,,,,,,17861
202512,QHM,16C00,STOCKTON PCN,U89141,RIVERSIDE MEDICAL PRACTICE,,,,,,10839
202512,QHM,16C00,STOCKTON PCN,U89141,THE DENSHAM SURGERY,,,,,,3746
202512,QHM,16C00,STOCKTON PCN,U89141,THE DOVECOT SURGERY,,,,,,4084
202512,QHM,16C00,STOCKTON PCN,U89141,WOODBRIDGE PRACTICE,Chloral hydrate (0401010B0),1,732.7624,45,45,18282
202512,QHM,16C00,STOCKTON PCN,U89141,WOODLANDS FAMILY MEDICAL CENTRE,,,,,,12231
202512,QHM,84H00,BISHOP AUCKLAND PCN,U85067,AUCKLAND MEDICAL GROUP,,,,,,16079
202512,QHM,84H00,BISHOP AUCKLAND PCN,U85067,BISHOPGATE MEDICAL CENTRE,,,,,,13633
202512,QHM,84H00,BISHOP AUCKLAND PCN,U85067,STATION VIEW MEDICAL CENTRE,,,,,,9702
202512,QHM,84H00,CHESTER LE STREET PCN,U77096,BRIDGE END SURGERY,,,,,,7598
202512,QHM,84H00,CHESTER LE STREET PCN,U77096,CESTRIA HEALTH CENTRE,,,,,,12602
202512,QHM,84H00,CHESTER LE STREET PCN,U77096,GREAT LUMLEY SURGERY,,,,,,5279
202512,QHM,84H00,CHESTER LE STREET PCN,U77096,MIDDLE CHARE MEDICAL GROUP,,,,,,9302
202512,QHM,84H00,CHESTER LE STREET PCN,U77096,PELTON & FELLROSE MEDICAL GROUP,,,,,,10309
202512,QHM,84H00,CHESTER LE STREET PCN,U77096,SACRISTON MEDICAL CENTRE,,,,,,10726
202512,QHM,84H00,CHESTER LE STREET PCN,U77096,VILLAGES MEDICAL GROUP,,,,,,4091
202512,QHM,84H00,CLAYPATH & UNIVERSITY MEDICAL GROUP PCN,U38486,CLAYPATH & UNIVERSITY MEDICAL GROUP,,,,,,34282
202512,QHM,84H00,DERWENTSIDE PCN,U70497,ANNFIELD PLAIN SURGERY,,,,,,3578
202512,QHM,84H00,DERWENTSIDE PCN,U70497,BROWNEY HOUSE SURGERY,,,,,,2707
202512,QHM,84H00,DERWENTSIDE PCN,U70497,CEDARS MEDICAL GROUP,,,,,,6224
202512,QHM,84H00,DERWENTSIDE PCN,U70497,CONSETT MEDICAL CENTRE,Chloral hydrate (0401010B0),1,244.2624,15,15,16605
202512,QHM,84H00,DERWENTSIDE PCN,U70497,DRS LAMBERT & NG,,,,,,5286
202512,QHM,84H00,DERWENTSIDE PCN,U70497,LANCHESTER MEDICAL CENTRE,,,,,,4106
202512,QHM,84H00,DERWENTSIDE PCN,U70497,LEADGATE SURGERY,,,,,,5765
202512,QHM,84H00,DERWENTSIDE PCN,U70497,OAKFIELDS HEALTH GROUP,,,,,,7660
202512,QHM,84H00,DERWENTSIDE PCN,U70497,QUEENS ROAD SURGERY,,,,,,16605
202512,QHM,84H00,DERWENTSIDE PCN,U70497,STANLEY MEDICAL GROUP,,,,,,12554
202512,QHM,84H00,DERWENTSIDE PCN,U70497,TANFIELD VIEW MEDICAL GROUP,Chloral hydrate (0401010B0),2,977.0248,60,60,10786
202512,QHM,84H00,DERWENTSIDE PCN,U70497,THE HAVEN SURGERY,,,,,,1769
202512,QHM,84H00,DURHAM COAST PCN,U26864,BEVAN MEDICAL GROUP,,,,,,8719
202512,QHM,84H00,DURHAM COAST PCN,U26864,EAST DURHAM MEDICAL GROUP,,,,,,18181
202512,QHM,84H00,DURHAM COAST PCN,U26864,SOUTHDENE MEDICAL CENTRE,,,,,,3419
202512,QHM,84H00,DURHAM COAST PCN,U26864,WINGATE MEDICAL PRACTICE INTRAHEALTH,,,,,,3575
202512,QHM,84H00,DURHAM EAST PCN,U53962,BELMONT & SHERBURN MEDICAL GROUP,Chloral hydrate (0401010B0),1,244.2624,15,15,6343
202512,QHM,84H00,DURHAM EAST PCN,U53962,BOWBURN MEDICAL CENTRE,,,,,,4627
202512,QHM,84H00,DURHAM EAST PCN,U53962,CHEVELEY PARK MEDICAL CTR,,,,,,5111
202512,QHM,84H00,DURHAM EAST PCN,U53962,COXHOE MEDICAL PRACTICE,,,,,,7672
202512,QHM,84H00,DURHAM EAST PCN,U53962,WEST RAINTON SURGERY,,,,,,5503
202512,QHM,84H00,DURHAM WEST PCN,U01989,CHASTLETON MEDICAL GROUP,,,,,,10252
202512,QHM,84H00,DURHAM WEST PCN,U01989,DUNELM MEDICAL PRACTICE,,,,,,14476
202512,QHM,84H00,DURHAM WEST PCN,U01989,THE MEDICAL GROUP,,,,,,26671
202512,QHM,84H00,EASINGTON CENTRAL PCN,U14615,BLACKHALL AND PETERLEE PRACTICE,,,,,,10276
202512,QHM,84H00,EASINGTON CENTRAL PCN,U14615,THE HORDEN GROUP PRACTICE,,,,,,8334
202512,QHM,84H00,EASINGTON CENTRAL PCN,U14615,WILLIAM BROWN CENTRE,Chloral hydrate (0401010B0),2,488.5248,30,30,15529
202512,QHM,84H00,NORTH EASINGTON PCN,U81825,BYRON MEDICAL PRACTICE,Chloral hydrate (0401010B0),1,162.9424,10,10,8308
202512,QHM,84H00,NORTH EASINGTON PCN,U81825,MARLBOROUGH SURGERY,,,,,,11485
202512,QHM,84H00,NORTH EASINGTON PCN,U81825,MURTON MEDICAL CENTRE,,,,,,7335
202512,QHM,84H00,NORTH EASINGTON PCN,U81825,SILVERDALE FAMILY PRACTICE,,,,,,6596
202512,QHM,84H00,NORTH EASINGTON PCN,U81825,THE NEW SEAHAM MEDICAL GROUP,,,,,,4711
202512,QHM,84H00,SEDGEFIELD 1 PCN,U37593,BEWICK CRESCENT SURGERY,,,,,,12947
202512,QHM,84H00,SEDGEFIELD 1 PCN,U37593,HALLGARTH SURGERY,,,,,,5396
202512,QHM,84H00,SEDGEFIELD 1 PCN,U37593,JUBILEE MEDICAL GROUP,,,,,,12967
202512,QHM,84H00,SEDGEFIELD 1 PCN,U37593,PEASE WAY MEDICAL CENTRE,,,,,,11923
202512,QHM,84H00,SEDGEFIELD NORTH PCN,U12365,BISHOPS CLOSE MEDICAL PRACTICE,,,,,,8581
202512,QHM,84H00,SEDGEFIELD NORTH PCN,U12365,FERRYHILL AND CHILTON MEDICAL PRACTICE,,,,,,14917
202512,QHM,84H00,SEDGEFIELD NORTH PCN,U12365,SKERNE MEDICAL GROUP,,,,,,17044
202512,QHM,84H00,SEDGEFIELD NORTH PCN,U12365,ST ANDREW'S MEDICAL PRACTICE,,,,,,15878
202512,QHM,84H00,SEDGEFIELD NORTH PCN,U12365,WEST CORNFORTH MEDICAL CENTRE,,,,,,2794
202512,QHM,84H00,TEESDALE PCN,U31619,BARNARD CASTLE SURGERY,,,,,,10987
202512,QHM,84H00,TEESDALE PCN,U31619,EVENWOOD MEDICAL PRACTICE,,,,,,2306
202512,QHM,84H00,TEESDALE PCN,U31619,GAINFORD SURGERY,,,,,,3709
202512,QHM,84H00,TEESDALE PCN,U31619,OLD FORGE SURGERY,,,,,,2706
202512,QHM,84H00,TEESDALE PCN,U31619,PINFOLD MEDICAL PRACTICE,,,,,,2861
202512,QHM,84H00,TEESDALE PCN,U31619,WOODVIEW MEDICAL PRACTICE,,,,,,2640
202512,QHM,84H00,WEAR VALLEY PCN,U96202,NORTH HOUSE SURGERY,,,,,,13537
202512,QHM,84H00,WEAR VALLEY PCN,U96202,THE WEARDALE PRACTICE,,,,,,7149
202512,QHM,84H00,WEAR VALLEY PCN,U96202,WILLINGTON MEDICAL GROUP,,,,,,9184
202512,QHM,99C00,CRAMLINGTON SEATON VALLEY PCN,U24977,WOODLANDS PARK HEALTH CTR,,,,,,6815
202512,QHM,99C00,NORTH SHIELDS PCN,U91110,COLLINGWOOD HEALTH GROUP,,,,,,24402
202512,QHM,99C00,NORTH SHIELDS PCN,U91110,PRIORY MEDICAL GROUP,,,,,,15449
202512,QHM,99C00,NORTH SHIELDS PCN,U91110,REDBURN PARK MEDICAL CENTRE,,,,,,6280
202512,QHM,99C00,NORTH TYNESIDE NORTH WEST PCN,U95193,LANE END SURGERY,,,,,,9414
202512,QHM,99C00,NORTH TYNESIDE NORTH WEST PCN,U95193,MALLARD MEDICAL PRACTICE,,,,,,5542
202512,QHM,99C00,NORTH TYNESIDE NORTH WEST PCN,U95193,STEPHENSON PARK HEALTH GROUP,,,,,,17701
202512,QHM,99C00,NORTH TYNESIDE NORTH WEST PCN,U95193,SWARLAND AVENUE SURGERY,,,,,,6720
202512,QHM,99C00,NORTH TYNESIDE NORTH WEST PCN,U95193,WELLSPRING MEDICAL PRACT.,,,,,,6556
202512,QHM,99C00,NORTH TYNESIDE NORTH WEST PCN,U95193,WEST FARM SURGERY,,,,,,6006
202512,QHM,99C00,NORTH TYNESIDE NORTH WEST PCN,U95193,WIDEOPEN MEDICAL CENTRE,,,,,,7438
202512,QHM,99C00,NORTHUMBRIA PCN,U09980,NPC NORTH TYNESIDE - SPRING TERRACE,,,,,,21420
202512,QHM,99C00,WALLSEND PCN,U10386,BEWICKE MEDICAL CENTRE,,,,,,9351
202512,QHM,99C00,WALLSEND PCN,U10386,HADRIAN HEALTH CENTRE,,,,,,21204
202512,QHM,99C00,WALLSEND PCN,U10386,THE VILLAGE GREEN SURGERY,,,,,,12881
202512,QHM,99C00,WHITLEY BAY PCN,U02739,BEAUMONT PARK SURGERY,,,,,,6266
202512,QHM,99C00,WHITLEY BAY PCN,U02739,BRIDGE AND MONKSEATON MEDICAL PRACTICE,,,,,,13327
202512,QHM,99C00,WHITLEY BAY PCN,U02739,MARINE AVENUE MEDICAL CTR,,,,,,9117
202512,QHM,99C00,WHITLEY BAY PCN,U02739,NORTHUMBERLAND PARK MEDICAL GROUP,,,,,,9634
202512,QHM,99C00,WHITLEY BAY PCN,U02739,WHITLEY BAY HEALTH CENTRE,,,,,,13903
202601,QHM,00L00,BLYTH PCN,U25489,MARINE MEDICAL GROUP,,,,,,14092
202601,QHM,00L00,BLYTH PCN,U25489,RAILWAY MEDICAL GROUP,,,,,,26837
202601,QHM,00L00,CRAMLINGTON SEATON VALLEY PCN,U24977,FORUM FAMILY PRACTICE,,,,,,9309
202601,QHM,00L00,CRAMLINGTON SEATON VALLEY PCN,U24977,NETHERFIELD HOUSE,,,,,,5993
202601,QHM,00L00,CRAMLINGTON SEATON VALLEY PCN,U24977,VILLAGE MEDICAL GROUP,,,,,,11863
202601,QHM,00L00,DUMMY,-,RIVERSDALE SURGERY,,,,,,5954
202601,QHM,00L00,DUMMY,-,THE ADDERLANE SURGERY,,,,,,2197
202601,QHM,00L00,NORTHUMBRIA PCN,U09980,NPC AMBLE & BROOMHILL,,,,,,12355
202601,QHM,00L00,NORTHUMBRIA PCN,U09980,NPC CENTRAL NORTHUMBERLAND,,,,,,49281
202601,QHM,00L00,NORTHUMBRIA PCN,U09980,NPC CRAMLINGTON,,,,,,5530
202601,QHM,00L00,NORTHUMBRIA PCN,U09980,NPC ELSDON AVENUE,,,,,,4359
202601,QHM,00L00,NORTHUMBRIA PCN,U09980,NPC FELTON & WIDDRINGTON,,,,,,4776
202601,QHM,00L00,NORTHUMBRIA PCN,U09980,NPC HAYDON BRIDGE & ALLENDALE,,,,,,5256
202601,QHM,00L00,NORTHUMBRIA PCN,U09980,NPC PONTELAND,Chloral hydrate (0401010B0),1,344.9024,10,10,10899
202601,QHM,00L00,NORTHUMBRIA PCN,U09980,NPC ROTHBURY,,,,,,6254
202601,QHM,00L00,WANSBECK PCN,U11112,BEDLINGTONSHIRE MED.GROUP,,,,,,12923
202601,QHM,00L00,WANSBECK PCN,U11112,GUIDEPOST MEDICAL GROUP,,,,,,8128
202601,QHM,00L00,WANSBECK PCN,U11112,SEATON PARK MEDICAL GROUP,,,,,,20033
202601,QHM,00L00,WANSBECK PCN,U11112,THE GABLES MEDICAL GROUP,,,,,,6296
202601,QHM,00L00,WELL UP NORTH PCN,U25545,ALNWICK MEDICAL GROUP,,,,,,18899
202601,QHM,00L00,WELL UP NORTH PCN,U25545,BELFORD MEDICAL PRACTICE,,,,,,4506
202601,QHM,00L00,WELL UP NORTH PCN,U25545,GAS HOUSE LANE SURGERY,Chloral hydrate (0401010B0),1,244.2624,15,15,7281
202601,QHM,00L00,WELL UP NORTH PCN,U25545,GREYSTOKE SURGERY,,,,,,11083
202601,QHM,00L00,WELL UP NORTH PCN,U25545,UNION BRAE & NORHAM PRAC,,,,,,7077
202601,QHM,00L00,WELL UP NORTH PCN,U25545,WELL CLOSE MEDICAL GROUP,,,,,,9187
202601,QHM,00L00,WELL UP NORTH PCN,U25545,WOOLER HEALTH,,,,,,4907
202601,QHM,00L00,WEST NORTHUMBERLAND PCN,U05512,BELLINGHAM PRACTICE,,,,,,3447
202601,QHM,00L00,WEST NORTHUMBERLAND PCN,U05512,BRANCH END SURGERY,,,,,,5419
202601,QHM,00L00,WEST NORTHUMBERLAND PCN,U05512,BURN BRAE MEDICAL GROUP,,,,,,10432
202601,QHM,00L00,WEST NORTHUMBERLAND PCN,U05512,CORBRIDGE HEALTH CENTRE,,,,,,7327
202601,QHM,00L00,WEST NORTHUMBERLAND PCN,U05512,HALTWHISTLE MEDICAL GROUP,,,,,,5622
202601,QHM,00L00,WEST NORTHUMBERLAND PCN,U05512,HUMSHAUGH & WARK MED GRP,,,,,,3313
202601,QHM,00L00,WEST NORTHUMBERLAND PCN,U05512,PRUDHOE MEDICAL GROUP,,,,,,6779
202601,QHM,00L00,WEST NORTHUMBERLAND PCN,U05512,SCOTS GAP MEDICAL GROUP,,,,,,2177
202601,QHM,00L00,WEST NORTHUMBERLAND PCN,U05512,THE SELE MEDICAL PRACTICE,,,,,,5896
202601,QHM,00L00,WEST NORTHUMBERLAND PCN,U05512,WHITE MEDICAL GROUP,,,,,,8707
202601,QHM,00N00,SOUTH TYNESIDE EAST PCN,U20256,FARNHAM MEDICAL CTR.,,,,,,16588
202601,QHM,00N00,SOUTH TYNESIDE EAST PCN,U20256,ST GEORGE & RIVERSIDE MEDICAL PRACTICE,,,,,,7384
202601,QHM,00N00,SOUTH TYNESIDE EAST PCN,U20256,TALBOT MEDICAL CENTRE,,,,,,7747
202601,QHM,00N00,SOUTH TYNESIDE EAST PCN,U20256,TRINITY MEDICAL CENTRE,,,,,,6319
202601,QHM,00N00,SOUTH TYNESIDE EAST PCN,U20256,WENLOCK ROAD SURGERY,,,,,,4444
202601,QHM,00N00,SOUTH TYNESIDE EAST PCN,U20256,WEST VIEW SURGERY,,,,,,2819
202601,QHM,00N00,SOUTH TYNESIDE SOUTH PCN,U89118,CENTRAL SURGERY,,,,,,19335
202601,QHM,00N00,SOUTH TYNESIDE SOUTH PCN,U89118,COLLIERY COURT MEDICAL GROUP,,,,,,8367
202601,QHM,00N00,SOUTH TYNESIDE SOUTH PCN,U89118,DR THORNILEY-WALKER & PARTNERS,,,,,,5884
202601,QHM,00N00,SOUTH TYNESIDE SOUTH PCN,U89118,IMEARY MEDICAL GROUP,,,,,,4478
202601,QHM,00N00,SOUTH TYNESIDE SOUTH PCN,U89118,MARSDEN MEDICAL GROUP,,,,,,22626
202601,QHM,00N00,SOUTH TYNESIDE SOUTH PCN,U89118,WHITBURN SURGERY,,,,,,5319
202601,QHM,00N00,SOUTH TYNESIDE WEST PCN,U37826,ALBERT ROAD SURGERY,,,,,,3612
202601,QHM,00N00,SOUTH TYNESIDE WEST PCN,U37826,EAST WING PRACTICE,,,,,,4166
202601,QHM,00N00,SOUTH TYNESIDE WEST PCN,U37826,ELLISON VIEW SURGERY,,,,,,6052
202601,QHM,00N00,SOUTH TYNESIDE WEST PCN,U37826,MAYFIELD MEDICAL GROUP,,,,,,8985
202601,QHM,00N00,SOUTH TYNESIDE WEST PCN,U37826,RAVENSWORTH SURGERY,,,,,,5999
202601,QHM,00N00,SOUTH TYNESIDE WEST PCN,U37826,THE G.P.SUITE,,,,,,4286
202601,QHM,00N00,SOUTH TYNESIDE WEST PCN,U37826,THE GLEN MEDICAL GROUP,,,,,,11157
202601,QHM,00N00,SOUTH TYNESIDE WEST PCN,U37826,VICTORIA MEDICAL CENTRE,,,,,,3644
202601,QHM,00P00,COALFIELDS PCN,U69720,GRANGEWOOD SURGERY,,,,,,7529
202601,QHM,00P00,COALFIELDS PCN,U69720,HERRINGTON MEDICAL CENTRE,,,,,,9813
202601,QHM,00P00,COALFIELDS PCN,U69720,HETTON GROUP PRACTICE,,,,,,11902
202601,QHM,00P00,COALFIELDS PCN,U69720,"HOUGHTON MEDICAL GROUP,",,,,,,8421
202601,QHM,00P00,COALFIELDS PCN,U69720,KEPIER MEDICAL PRACTICE,,,,,,8519
202601,QHM,00P00,COALFIELDS PCN,U69720,WESTBOURNE MEDICAL GROUP,,,,,,6610
202601,QHM,00P00,DUMMY,-,PALLION PRIMARY CARE SERVICES,,,,,,38
202601,QHM,00P00,SUNDERLAND CENTRAL PCN,U05458,HAPPY HOUSE SURGERY,,,,,,8077
202601,QHM,00P00,SUNDERLAND CENTRAL PCN,U05458,NEW SILKSWORTH MEDICAL PRACTICE,,,,,,9204
202601,QHM,00P00,SUNDERLAND CENTRAL PCN,U05458,SPRINGWELL MEDICAL GROUP,,,,,,6379
202601,QHM,00P00,SUNDERLAND CENTRAL PCN,U05458,SUNDERLAND GP ALLIANCE SOUTH HYLTON SURG,,,,,,4527
202601,QHM,00P00,SUNDERLAND CENTRAL PCN,U05458,VILLAGE SURGERY PARTNERSHIP,,,,,,4849
202601,QHM,00P00,SUNDERLAND EAST PCN,U52297,ASHBURN MEDICAL CENTRE,,,,,,5195
202601,QHM,00P00,SUNDERLAND EAST PCN,U52297,DEERNESS PARK MEDICAL GROUP,,,,,,13640
202601,QHM,00P00,SUNDERLAND EAST PCN,U52297,PARK LANE PRACTICE,,,,,,4098
202601,QHM,00P00,SUNDERLAND EAST PCN,U52297,RIVERVIEW SURGERY,,,,,,6867
202601,QHM,00P00,SUNDERLAND EAST PCN,U52297,SOUTHLANDS MEDICAL GROUP,,,,,,10805
202601,QHM,00P00,SUNDERLAND EAST PCN,U52297,THE NEW CITY MEDICAL GROUP,,,,,,5601
202601,QHM,00P00,SUNDERLAND EAST PCN,U52297,VILLETTE SURGERY,,,,,,5854
202601,QHM,00P00,SUNDERLAND NORTH PCN,U43314,BRIDGE VIEW MEDICAL GROUP,,,,,,14736
202601,QHM,00P00,SUNDERLAND NORTH PCN,U43314,CASTLETOWN MEDICAL CENTRE,,,,,,2281
202601,QHM,00P00,SUNDERLAND NORTH PCN,U43314,"FULWELL MEDICAL CENTRE,",,,,,,9177
202601,QHM,00P00,SUNDERLAND NORTH PCN,U43314,MONKWEARMOUTH HEALTH CENTRE,,,,,,4540
202601,QHM,00P00,SUNDERLAND NORTH PCN,U43314,RED HOUSE MEDICAL CENTRE,,,,,,5427
202601,QHM,00P00,SUNDERLAND NORTH PCN,U43314,ST BEDE MEDICAL CENTRE,,,,,,9266
202601,QHM,00P00,SUNDERLAND WEST 1 PCN,U14646,CHESTER SURGERY,,,,,,3077
202601,QHM,00P00,SUNDERLAND WEST 1 PCN,U14646,FORGE MEDICAL PRACTICE,,,,,,8547
202601,QHM,00P00,SUNDERLAND WEST 1 PCN,U14646,HYLTON MEDICAL GROUP,,,,,,7433
202601,QHM,00P00,SUNDERLAND WEST 1 PCN,U14646,MILLFIELD MEDICAL GROUP,,,,,,14340
202601,QHM,00P00,SUNDERLAND WEST 1 PCN,U14646,PALLION FAMILY PRACTICE,,,,,,10001
202601,QHM,00P00,SUNDERLAND WEST 1 PCN,U14646,THE BROADWAY MEDICAL PRACTICE,,,,,,7971
202601,QHM,00P00,SUNDERLAND WEST 1 PCN,U14646,WEARSIDE MEDICAL PRACTICE - PALLION,,,,,,7964
202601,QHM,00P00,WASHINGTON PCN,U61868,CONCORD MEDICAL PRACTICE,,,,,,5197
202601,QHM,00P00,WASHINGTON PCN,U61868,GALLERIES MEDICAL PRACTICE,,,,,,11656
202601,QHM,00P00,WASHINGTON PCN,U61868,I J HEALTHCARE,,,,,,3564
202601,QHM,00P00,WASHINGTON PCN,U61868,NEW WASHINGTON MEDICAL GROUP,,,,,,7176
202601,QHM,00P00,WASHINGTON PCN,U61868,RICKLETON MEDICAL CENTRE,,,,,,2945
202601,QHM,00P00,WASHINGTON PCN,U61868,SUNDERLAND GP ALLIANCE MEDICAL PRACTICE,,,,,,9897
202601,QHM,00P00,WASHINGTON PCN,U61868,THE STEPHENSON MEDICAL PRACTICE,,,,,,12126
202601,QHM,01H00,CARLISLE HEALTHCARE PCN,U92223,BRAMPTON MEDICAL PRACTICE,,,,,,16734
202601,QHM,01H00,CARLISLE HEALTHCARE PCN,U92223,CARLISLE HEALTHCARE,,,,,,40902
202601,QHM,01H00,CARLISLE HEALTHCARE PCN,U92223,LONGTOWN MEDICAL CENTRE,,,,,,3849
202601,QHM,01H00,CARLISLE HEALTHCARE PCN,U92223,SPENCER ST SURGERY,,,,,,13692
202601,QHM,01H00,CARLISLE PCN,U66688,CARLISLE CENTRAL PRACTICE,,,,,,13365
202601,QHM,01H00,CARLISLE PCN,U66688,EDEN MEDICAL GROUP,,,,,,15155
202601,QHM,01H00,CARLISLE PCN,U66688,WARWICK SQUARE GROUP PRACTICE,,,,,,7957
202601,QHM,01H00,COCKERMOUTH & MARYPORT PCN,U76572,CASTLEGATE AND DERWENT SURGERY,,,,,,17924
202601,QHM,01H00,COCKERMOUTH & MARYPORT PCN,U76572,MARYPORT HEALTH SERVICES,,,,,,13880
202601,QHM,01H00,COPELAND HAVEN PCN,U94879,DISTINGTON SURGERY,,,,,,6526
202601,QHM,01H00,COPELAND HAVEN PCN,U94879,MANSION HOUSE SURGERY,,,,,,7648
202601,QHM,01H00,COPELAND HAVEN PCN,U94879,WESTCROFT HOUSE SURGERY,,,,,,6351
202601,QHM,01H00,COPELAND PCN,U48302,FELLVIEW HEALTHCARE,,,,,,23028
202601,QHM,01H00,COPELAND PCN,U48302,LOWTHER MEDICAL CENTRE,,,,,,13733
202601,QHM,01H00,COPELAND PCN,U48302,SEASCALE HEALTH CENTRE,,,,,,5946
202601,QHM,01H00,EDEN (CUMBRIA) PCN,U08085,ALSTON MEDICAL PRACTICE,,,,,,2203
202601,QHM,01H00,EDEN (CUMBRIA) PCN,U08085,APPLEBY MEDICAL PRACTICE,,,,,,5156
202601,QHM,01H00,EDEN (CUMBRIA) PCN,U08085,BIRBECK MEDICAL GROUP,,,,,,14338
202601,QHM,01H00,EDEN (CUMBRIA) PCN,U08085,COURT THORN SURGERY,,,,,,3737
202601,QHM,01H00,EDEN (CUMBRIA) PCN,U08085,GLENRIDDING HEALTH CENTRE,,,,,,1008
202601,QHM,01H00,EDEN (CUMBRIA) PCN,U08085,KIRKOSWALD SURGERY,,,,,,2813
202601,QHM,01H00,EDEN (CUMBRIA) PCN,U08085,SHAP MEDICAL PRACTICE,,,,,,3317
202601,QHM,01H00,EDEN (CUMBRIA) PCN,U08085,TEMPLE SOWERBY MEDICAL PRACTICE,,,,,,4624
202601,QHM,01H00,EDEN (CUMBRIA) PCN,U08085,THE LAKES MEDICAL PRACTICE,,,,,,11669
202601,QHM,01H00,EDEN (CUMBRIA) PCN,U08085,UPPER EDEN MEDICAL PRACTICE,,,,,,6440
202601,QHM,01H00,KESWICK & SOLWAY PCN,U25680,ASPATRIA MEDICAL GROUP,,,,,,7360
202601,QHM,01H00,KESWICK & SOLWAY PCN,U25680,CALDBECK SURGERY,,,,,,4209
202601,QHM,01H00,KESWICK & SOLWAY PCN,U25680,CASTLEHEAD MEDICAL CENTRE,,,,,,8325
202601,QHM,01H00,KESWICK & SOLWAY PCN,U25680,DALSTON MEDICAL GROUP,,,,,,5193
202601,QHM,01H00,KESWICK & SOLWAY PCN,U25680,SILLOTH GROUP MEDICAL PRACTICE,,,,,,4441
202601,QHM,01H00,KESWICK & SOLWAY PCN,U25680,THE CROFT SURGERY,,,,,,3530
202601,QHM,01H00,KESWICK & SOLWAY PCN,U25680,WIGTON GROUP MEDICAL PRACTICE,,,,,,9226
202601,QHM,01H00,WORKINGTON PCN,U67303,JAMES STREET GROUP PRACT,,,,,,33356
202601,QHM,13T00,BIRTLEY AND CENTRAL GATESHEAD PCN,U76028,BIRTLEY MEDICAL GROUP,,,,,,15269
202601,QHM,13T00,BIRTLEY AND CENTRAL GATESHEAD PCN,U76028,OXFORD TCE & RAWLING RD MEDICAL GROUP,,,,,,18013
202601,QHM,13T00,BIRTLEY AND CENTRAL GATESHEAD PCN,U76028,SECOND STREET SURGERY,,,,,,4394
202601,QHM,13T00,BIRTLEY AND CENTRAL GATESHEAD PCN,U76028,THE BRIDGES MEDICAL PRACTICE,,,,,,8422
202601,QHM,13T00,GATESHEAD CENTRAL SOUTH PCN,U91254,BEACON VIEW MEDICAL CENTRE,,,,,,5800
202601,QHM,13T00,GATESHEAD CENTRAL SOUTH PCN,U91254,BENSHAM FAMILY PRACTICE,,,,,,3740
202601,QHM,13T00,GATESHEAD CENTRAL SOUTH PCN,U91254,BEWICK ROAD SURGERY,,,,,,8703
202601,QHM,13T00,GATESHEAD CENTRAL SOUTH PCN,U91254,CENTRAL GATESHEAD MEDICAL GROUP,,,,,,10508
202601,QHM,13T00,GATESHEAD CENTRAL SOUTH PCN,U91254,FELL COTTAGE SURGERY,,,,,,8808
202601,QHM,13T00,GATESHEAD CENTRAL SOUTH PCN,U91254,FELL TOWER MEDICAL CENTRE,,,,,,7414
202601,QHM,13T00,GATESHEAD CENTRAL SOUTH PCN,U91254,MILLENNIUM FAMILY PRACTICE,,,,,,3730
202601,QHM,13T00,GATESHEAD CENTRAL SOUTH PCN,U91254,WREKENTON MEDICAL GROUP,,,,,,12294
202601,QHM,13T00,GATESHEAD EAST PCN,U13720,CROWHALL MEDICAL CENTRE,,,,,,6522
202601,QHM,13T00,GATESHEAD EAST PCN,U13720,LONGRIGG MEDICAL CENTRE,,,,,,9984
202601,QHM,13T00,GATESHEAD EAST PCN,U13720,PELAW MEDICAL PRACTICE,,,,,,5682
202601,QHM,13T00,GATESHEAD EAST PCN,U13720,ST. ALBANS MEDICAL GROUP,,,,,,7127
202601,QHM,13T00,GATESHEAD INNER WEST PCN,U33691,CHAINBRIDGE MEDICAL PARTNERSHIP,,,,,,11527
202601,QHM,13T00,GATESHEAD INNER WEST PCN,U33691,GLENPARK & TEAMS MEDICAL SERVICES,,,,,,14595
202601,QHM,13T00,GATESHEAD INNER WEST PCN,U33691,SUNNISIDE SURGERY,,,,,,3929
202601,QHM,13T00,GATESHEAD INNER WEST PCN,U33691,WHICKHAM COTTAGE MEDICAL CENTRE,,,,,,15647
202601,QHM,13T00,GATESHEAD OUTER WEST PCN,U41930,CHOPWELL PRIMARY HEALTHCARE CENTRE,,,,,,2575
202601,QHM,13T00,GATESHEAD OUTER WEST PCN,U41930,CRAWCROOK MEDICAL CENTRE,,,,,,20070
202601,QHM,13T00,GATESHEAD OUTER WEST PCN,U41930,HOLLYHURST MEDICAL CENTRE,,,,,,5070
202601,QHM,13T00,GATESHEAD OUTER WEST PCN,U41930,OLDWELL SURGERY,,,,,,4720
202601,QHM,13T00,JESMOND - LOWER GOSFORTH PCN,U34146,JESMOND HEALTH PARTNERSHIP,,,,,,27306
202601,QHM,13T00,JESMOND - LOWER GOSFORTH PCN,U34146,ROSEWORTH SURGERY,,,,,,5741
202601,QHM,13T00,JESMOND - LOWER GOSFORTH PCN,U34146,THE GROVE MEDICAL GROUP,,,,,,13165
202601,QHM,13T00,NEWCASTLE CENTRAL HEALTH PCN,U43524,SAVILLE MEDICAL GROUP,,,,,,42321
202601,QHM,13T00,NEWCASTLE EAST PCN,U17849,BENFIELD PARK MEDICAL GROUP,,,,,,10376
202601,QHM,13T00,NEWCASTLE EAST PCN,U17849,BIDDLESTONE HEALTH GROUP,,,,,,10726
202601,QHM,13T00,NEWCASTLE EAST PCN,U17849,HEATON ROAD SURGERY,,,,,,6933
202601,QHM,13T00,NEWCASTLE EAST PCN,U17849,NEWCASTLE MEDICAL CENTRE,,,,,,22108
202601,QHM,13T00,NEWCASTLE EAST PCN,U17849,ST.ANTHONY'S HEALTH CENTRE,,,,,,6638
202601,QHM,13T00,NEWCASTLE EAST PCN,U17849,THORNFIELD MEDICAL GROUP,,,,,,20411
202601,QHM,13T00,NEWCASTLE EAST PCN,U17849,WALKER MEDICAL GROUP,,,,,,10797
202601,QHM,13T00,NEWCASTLE INNER WEST PCN,U45898,BETTS AVENUE MEDICAL GROUP,,,,,,10622
202601,QHM,13T00,NEWCASTLE INNER WEST PCN,U45898,DILSTON MEDICAL CENTRE,,,,,,9767
202601,QHM,13T00,NEWCASTLE INNER WEST PCN,U45898,ELSWICK FAMILY PRACTICE,,,,,,8536
202601,QHM,13T00,NEWCASTLE INNER WEST PCN,U45898,FENHAM HALL SURGERY,,,,,,10831
202601,QHM,13T00,NEWCASTLE INNER WEST PCN,U45898,PROSPECT MEDICAL CENTRE,,,,,,14125
202601,QHM,13T00,NEWCASTLE OUTER WEST PCN,U87170,DENTON PARK MEDICAL GROUP,,,,,,7513
202601,QHM,13T00,NEWCASTLE OUTER WEST PCN,U87170,DENTON TURRET MEDICAL CENTRE,,,,,,9009
202601,QHM,13T00,NEWCASTLE OUTER WEST PCN,U87170,NEWBURN SURGERY,,,,,,6267
202601,QHM,13T00,NEWCASTLE OUTER WEST PCN,U87170,PARKWAY MEDICAL GROUP,,,,,,8485
202601,QHM,13T00,NEWCASTLE OUTER WEST PCN,U87170,THROCKLEY PRIMARY CARE CENTRE,,,,,,7672
202601,QHM,13T00,NEWCASTLE OUTER WEST PCN,U87170,WESTERHOPE MEDICAL GROUP,,,,,,13670
202601,QHM,13T00,NORTH GOSFORTH PCN,U70624,BRUNTON PARK,Chloral hydrate (0401010B0),1,488.5124,30,30,7976
202601,QHM,13T00,NORTH GOSFORTH PCN,U70624,PARK MEDICAL GROUP,,,,,,13345
202601,QHM,13T00,NORTH GOSFORTH PCN,U70624,REGENT MEDICAL CENTRE,,,,,,7911
202601,QHM,13T00,WEST END FAMILY HEALTH PCN,U44695,CRUDDAS PARK SURGERY,,,,,,11771
202601,QHM,13T00,WEST END FAMILY HEALTH PCN,U44695,HOLMSIDE MEDICAL GROUP,,,,,,10008
202601,QHM,13T00,WEST END FAMILY HEALTH PCN,U44695,WEST ROAD MEDICAL CENTRE,,,,,,12492
202601,QHM,16C00,BILLINGHAM & NORTON PCN,U94460,DR RASOOL,,,,,,2221
202601,QHM,16C00,BILLINGHAM & NORTON PCN,U94460,KINGSWAY MEDICAL CENTRE,,,,,,10043
202601,QHM,16C00,BILLINGHAM & NORTON PCN,U94460,MARSH HOUSE MEDICAL PRACTICE,,,,,,8502
202601,QHM,16C00,BILLINGHAM & NORTON PCN,U94460,MELROSE SURGERY,,,,,,2394
202601,QHM,16C00,BILLINGHAM & NORTON PCN,U94460,NORTON MEDICAL CENTRE,,,,,,16071
202601,QHM,16C00,BILLINGHAM & NORTON PCN,U94460,QUEENSTREE PRACTICE,,,,,,4105
202601,QHM,16C00,BILLINGHAM & NORTON PCN,U94460,THE ROSEBERRY PRACTICE,,,,,,7725
202601,QHM,16C00,BYTES PCN,U63844,EAGLESCLIFFE MEDICAL PRACTICE,,,,,,13118
202601,QHM,16C00,BYTES PCN,U63844,PARK LANE SURGERY,,,,,,5542
202601,QHM,16C00,BYTES PCN,U63844,THORNABY & BARWICK MEDICAL GROUP,,,,,,20913
202601,QHM,16C00,BYTES PCN,U63844,YARM MEDICAL PRACTICE,,,,,,14248
202601,QHM,16C00,CENTRAL MIDDLESBROUGH PCN,U55830,MARTONSIDE MEDICAL CENTRE,,,,,,7794
202601,QHM,16C00,CENTRAL MIDDLESBROUGH PCN,U55830,PARK SURGERY,,,,,,12646
202601,QHM,16C00,CENTRAL MIDDLESBROUGH PCN,U55830,PROSPECT SURGERY,,,,,,6929
202601,QHM,16C00,CENTRAL MIDDLESBROUGH PCN,U55830,THE DISCOVERY PRACTICE,,,,,,7981
202601,QHM,16C00,CENTRAL MIDDLESBROUGH PCN,U55830,THE ENDEAVOUR PRACTICE,,,,,,8176
202601,QHM,16C00,CENTRAL MIDDLESBROUGH PCN,U55830,THE ERIMUS PRACTICE,Chloral hydrate (0401010B0),3,1954.3272,120,120,6174
202601,QHM,16C00,CENTRAL MIDDLESBROUGH PCN,U55830,THORNTREE SURGERY,,,,,,2820
202601,QHM,16C00,DARLINGTON PCN,U45102,BLACKETTS MEDICAL PRACTICE,,,,,,11569
202601,QHM,16C00,DARLINGTON PCN,U45102,CARMEL MEDICAL PRACTICE,Chloral hydrate (0401010B0),1,244.2624,4.299,4.299,11794
202601,QHM,16C00,DARLINGTON PCN,U45102,CLIFTON COURT MEDICAL PRACTICE,,,,,,12269
202601,QHM,16C00,DARLINGTON PCN,U45102,DENMARK STREET SURGERY,,,,,,14829
202601,QHM,16C00,DARLINGTON PCN,U45102,MIDDLETON AND DINSDALE MEDICAL PRACTICE,,,,,,5948
202601,QHM,16C00,DARLINGTON PCN,U45102,MOORLANDS SURGERY,,,,,,13177
202601,QHM,16C00,DARLINGTON PCN,U45102,NEASHAM ROAD SURGERY,,,,,,13356
202601,QHM,16C00,DARLINGTON PCN,U45102,ORCHARD COURT SURGERY,,,,,,8689
202601,QHM,16C00,DARLINGTON PCN,U45102,PARKGATE SURGERY,,,,,,4857
202601,QHM,16C00,DARLINGTON PCN,U45102,ROCKLIFFE COURT SURGERY,,,,,,6280
202601,QHM,16C00,DARLINGTON PCN,U45102,WHINFIELD MEDICAL PRACTICE,,,,,,12195
202601,QHM,16C00,DUMMY,-,THE RIDGEWAY HEALTH CENTRE,,,,,,2
202601,QHM,16C00,EAST CLEVELAND PCN,U07842,BROTTON SURGERY,,,,,,7783
202601,QHM,16C00,EAST CLEVELAND PCN,U07842,HILLSIDE PRACTICE,,,,,,9339
202601,QHM,16C00,EAST CLEVELAND PCN,U07842,SPRINGWOOD SURGERY,,,,,,7603
202601,QHM,16C00,EAST CLEVELAND PCN,U07842,THE GARTH,,,,,,11678
202601,QHM,16C00,EAST CLEVELAND PCN,U07842,WOODSIDE SURGERY,,,,,,5815
202601,QHM,16C00,ESTON PCN,U85257,CAMBRIDGE MEDICAL GROUP,,,,,,7249
202601,QHM,16C00,ESTON PCN,U85257,NORMANBY MEDICAL CENTRE,Chloral hydrate (0401010B0),2,1139.9548,70,70,26475
202601,QHM,16C00,ESTON PCN,U85257,SOUTH GRANGE MEDICAL GROUP PRACTICE,,,,,,15760
202601,QHM,16C00,ESTON PCN,U85257,THE ESTON SURGERY ( D 01-Oct-25 ),,,,,,2
202601,QHM,16C00,GREATER MIDDLESBROUGH PCN,U02671,ACKLAM MEDICAL CENTRE,Chloral hydrate (0401010B0),2,1465.5248,90,90,11381
202601,QHM,16C00,GREATER MIDDLESBROUGH PCN,U02671,COULBY MEDICAL PRACTICE,,,,,,9222
202601,QHM,16C00,GREATER MIDDLESBROUGH PCN,U02671,CROSSFELL HEALTH CENTRE,Chloral hydrate (0401010B0),1,244.2624,15,15,8857
202601,QHM,16C00,GREATER MIDDLESBROUGH PCN,U02671,HIRSEL MEDICAL CENTRE,,,,,,3712
202601,QHM,16C00,GREATER MIDDLESBROUGH PCN,U02671,KINGS MEDICAL CENTRE,,,,,,6370
202601,QHM,16C00,GREATER MIDDLESBROUGH PCN,U02671,NEWLANDS MEDICAL CENTRE,,,,,,9637
202601,QHM,16C00,GREATER MIDDLESBROUGH PCN,U02671,PARKWAY MEDICAL CENTRE,,,,,,9703
202601,QHM,16C00,GREATER MIDDLESBROUGH PCN,U02671,WESTBOURNE MEDICAL CENTRE,,,,,,5638
202601,QHM,16C00,HARTLEPOOL HEALTH PCN,U40502,MCKENZIE GROUP PRACTICE,,,,,,6167
202601,QHM,16C00,HARTLEPOOL HEALTH PCN,U40502,MCKENZIE HOUSE SURGERY,Chloral hydrate (0401010B0),1,911.9824,56,56,19400
202601,QHM,16C00,HARTLEPOOL HEALTH PCN,U40502,THE HEADLAND MEDICAL CENTRE,,,,,,5335
202601,QHM,16C00,HARTLEPOOL PCN,U70212,GLADSTONE HOUSE SURGERY,,,,,,5597
202601,QHM,16C00,HARTLEPOOL PCN,U70212,HART MEDICAL PRACTICE,,,,,,9395
202601,QHM,16C00,HARTLEPOOL PCN,U70212,THE PATEL PRACTICE,,,,,,4136
202601,QHM,16C00,HARTLEPOOL PCN,U70212,WEST QUAY MEDICAL PRACTICE,,,,,,6279
202601,QHM,16C00,HARTLEPOOL PCN,U70212,WEST VIEW MILLENIUM SURGERY A,,,,,,7478
202601,QHM,16C00,HOLGATE PCN,U85008,BOROUGH ROAD & NUNTHORPE MEDICAL GROUP,,,,,,16982
202601,QHM,16C00,HOLGATE PCN,U85008,LINTHORPE SURGERY,,,,,,20690
202601,QHM,16C00,HOLGATE PCN,U85008,VILLAGE MEDICAL CENTRE,,,,,,7966
202601,QHM,16C00,NORTH STOCKTON PCN,U07032,ALMA MEDICAL CENTRE,Chloral hydrate (0401010B0),2,1465.5248,90,90,10717
202601,QHM,16C00,NORTH STOCKTON PCN,U07032,QUEENS PARK MEDICAL CENTRE,,,,,,18665
202601,QHM,16C00,NORTH STOCKTON PCN,U07032,TENNANT STREET MEDICAL PRACTICE,,,,,,14567
202601,QHM,16C00,ONE LIFE HARTLEPOOL PCN,U27349,BANKHOUSE SURGERY,,,,,,10456
202601,QHM,16C00,ONE LIFE HARTLEPOOL PCN,U27349,CHADWICK PRACTICE,,,,,,12013
202601,QHM,16C00,ONE LIFE HARTLEPOOL PCN,U27349,HAVELOCK GRANGE PRACTICE,,,,,,13608
202601,QHM,16C00,REDCAR COASTAL PCN,U23714,BENTLEY MEDICAL PRACTICE,,,,,,10149
202601,QHM,16C00,REDCAR COASTAL PCN,U23714,HUNTCLIFF SURGERY,Chloral hydrate (0401010B0),4,1140.0896,70,70,9894
202601,QHM,16C00,REDCAR COASTAL PCN,U23714,THE COATHAM ROAD SURGERY,Chloral hydrate (0401010B0),2,977.0248,60,60,6274
202601,QHM,16C00,REDCAR COASTAL PCN,U23714,THE GREEN HOUSE SURGERY,,,,,,10070
202601,QHM,16C00,REDCAR COASTAL PCN,U23714,THE RAVENSCAR SURGERY,Chloral hydrate (0401010B0),1,325.7824,20,20,3453
202601,QHM,16C00,REDCAR COASTAL PCN,U23714,THE SALTSCAR SURGERY,,,,,,8460
202601,QHM,16C00,REDCAR COASTAL PCN,U23714,ZETLAND MEDICAL PRACTICE,,,,,,7136
202601,QHM,16C00,STOCKTON PCN,U89141,ELM TREE SURGERY,,,,,,18210
202601,QHM,16C00,STOCKTON PCN,U89141,RIVERSIDE MEDICAL PRACTICE,,,,,,10921
202601,QHM,16C00,STOCKTON PCN,U89141,THE DENSHAM SURGERY,,,,,,3753
202601,QHM,16C00,STOCKTON PCN,U89141,THE DOVECOT SURGERY,,,,,,4081
202601,QHM,16C00,STOCKTON PCN,U89141,WOODBRIDGE PRACTICE,,,,,,18251
202601,QHM,16C00,STOCKTON PCN,U89141,WOODLANDS FAMILY MEDICAL CENTRE,,,,,,12190
202601,QHM,84H00,BISHOP AUCKLAND PCN,U85067,AUCKLAND MEDICAL GROUP,,,,,,16080
202601,QHM,84H00,BISHOP AUCKLAND PCN,U85067,BISHOPGATE MEDICAL CENTRE,,,,,,13630
202601,QHM,84H00,BISHOP AUCKLAND PCN,U85067,STATION VIEW MEDICAL CENTRE,,,,,,9717
202601,QHM,84H00,CHESTER LE STREET PCN,U77096,BRIDGE END SURGERY,,,,,,7575
202601,QHM,84H00,CHESTER LE STREET PCN,U77096,CESTRIA HEALTH CENTRE,,,,,,12592
202601,QHM,84H00,CHESTER LE STREET PCN,U77096,GREAT LUMLEY SURGERY,,,,,,5280
202601,QHM,84H00,CHESTER LE STREET PCN,U77096,MIDDLE CHARE MEDICAL GROUP,,,,,,9306
202601,QHM,84H00,CHESTER LE STREET PCN,U77096,PELTON & FELLROSE MEDICAL GROUP,,,,,,10320
202601,QHM,84H00,CHESTER LE STREET PCN,U77096,SACRISTON MEDICAL CENTRE,,,,,,10688
202601,QHM,84H00,CHESTER LE STREET PCN,U77096,VILLAGES MEDICAL GROUP,,,,,,4091
202601,QHM,84H00,CLAYPATH & UNIVERSITY MEDICAL GROUP PCN,U38486,CLAYPATH & UNIVERSITY MEDICAL GROUP,,,,,,34055
202601,QHM,84H00,DERWENTSIDE PCN,U70497,ANNFIELD PLAIN SURGERY,,,,,,3579
202601,QHM,84H00,DERWENTSIDE PCN,U70497,BROWNEY HOUSE SURGERY,,,,,,2710
202601,QHM,84H00,DERWENTSIDE PCN,U70497,CEDARS MEDICAL GROUP,,,,,,6246
202601,QHM,84H00,DERWENTSIDE PCN,U70497,CONSETT MEDICAL CENTRE,Chloral hydrate (0401010B0),2,488.5248,30,30,16544
202601,QHM,84H00,DERWENTSIDE PCN,U70497,DRS LAMBERT & NG,,,,,,5278
202601,QHM,84H00,DERWENTSIDE PCN,U70497,LANCHESTER MEDICAL CENTRE,,,,,,4084
202601,QHM,84H00,DERWENTSIDE PCN,U70497,LEADGATE SURGERY,,,,,,5764
202601,QHM,84H00,DERWENTSIDE PCN,U70497,OAKFIELDS HEALTH GROUP,,,,,,7649
202601,QHM,84H00,DERWENTSIDE PCN,U70497,QUEENS ROAD SURGERY,,,,,,16653
202601,QHM,84H00,DERWENTSIDE PCN,U70497,STANLEY MEDICAL GROUP,,,,,,12553
202601,QHM,84H00,DERWENTSIDE PCN,U70497,TANFIELD VIEW MEDICAL GROUP,Chloral hydrate (0401010B0),2,977.0248,60,60,10794
202601,QHM,84H00,DERWENTSIDE PCN,U70497,THE HAVEN SURGERY,,,,,,1766
202601,QHM,84H00,DURHAM COAST PCN,U26864,BEVAN MEDICAL GROUP,,,,,,8746
202601,QHM,84H00,DURHAM COAST PCN,U26864,EAST DURHAM MEDICAL GROUP,,,,,,18153
202601,QHM,84H00,DURHAM COAST PCN,U26864,SOUTHDENE MEDICAL CENTRE,,,,,,3405
202601,QHM,84H00,DURHAM COAST PCN,U26864,WINGATE MEDICAL PRACTICE INTRAHEALTH,,,,,,3577
202601,QHM,84H00,DURHAM EAST PCN,U53962,BELMONT & SHERBURN MEDICAL GROUP,Chloral hydrate (0401010B0),1,244.2624,15,15,6358
202601,QHM,84H00,DURHAM EAST PCN,U53962,BOWBURN MEDICAL CENTRE,,,,,,4608
202601,QHM,84H00,DURHAM EAST PCN,U53962,CHEVELEY PARK MEDICAL CTR,,,,,,5097
202601,QHM,84H00,DURHAM EAST PCN,U53962,COXHOE MEDICAL PRACTICE,,,,,,7676
202601,QHM,84H00,DURHAM EAST PCN,U53962,WEST RAINTON SURGERY,,,,,,5508
202601,QHM,84H00,DURHAM WEST PCN,U01989,CHASTLETON MEDICAL GROUP,,,,,,10240
202601,QHM,84H00,DURHAM WEST PCN,U01989,DUNELM MEDICAL PRACTICE,,,,,,14442
202601,QHM,84H00,DURHAM WEST PCN,U01989,THE MEDICAL GROUP,,,,,,26669
202601,QHM,84H00,EASINGTON CENTRAL PCN,U14615,BLACKHALL AND PETERLEE PRACTICE,,,,,,10281
202601,QHM,84H00,EASINGTON CENTRAL PCN,U14615,THE HORDEN GROUP PRACTICE,,,,,,8347
202601,QHM,84H00,EASINGTON CENTRAL PCN,U14615,WILLIAM BROWN CENTRE,Chloral hydrate (0401010B0),2,488.5248,30,30,15504
202601,QHM,84H00,NORTH EASINGTON PCN,U81825,BYRON MEDICAL PRACTICE,Chloral hydrate (0401010B0),1,162.9424,10,10,8310
202601,QHM,84H00,NORTH EASINGTON PCN,U81825,MARLBOROUGH SURGERY,,,,,,11497
202601,QHM,84H00,NORTH EASINGTON PCN,U81825,MURTON MEDICAL CENTRE,,,,,,7327
202601,QHM,84H00,NORTH EASINGTON PCN,U81825,SILVERDALE FAMILY PRACTICE,,,,,,6598
202601,QHM,84H00,NORTH EASINGTON PCN,U81825,THE NEW SEAHAM MEDICAL GROUP,,,,,,4705
202601,QHM,84H00,SEDGEFIELD 1 PCN,U37593,BEWICK CRESCENT SURGERY,,,,,,12916
202601,QHM,84H00,SEDGEFIELD 1 PCN,U37593,HALLGARTH SURGERY,,,,,,5397
202601,QHM,84H00,SEDGEFIELD 1 PCN,U37593,JUBILEE MEDICAL GROUP,,,,,,12999
202601,QHM,84H00,SEDGEFIELD 1 PCN,U37593,PEASE WAY MEDICAL CENTRE,,,,,,11923
202601,QHM,84H00,SEDGEFIELD NORTH PCN,U12365,BISHOPS CLOSE MEDICAL PRACTICE,,,,,,8580
202601,QHM,84H00,SEDGEFIELD NORTH PCN,U12365,FERRYHILL AND CHILTON MEDICAL PRACTICE,,,,,,14925
202601,QHM,84H00,SEDGEFIELD NORTH PCN,U12365,SKERNE MEDICAL GROUP,Chloral hydrate (0401010B0),2,1954.0248,120,120,17080
202601,QHM,84H00,SEDGEFIELD NORTH PCN,U12365,ST ANDREW'S MEDICAL PRACTICE,,,,,,15890
202601,QHM,84H00,SEDGEFIELD NORTH PCN,U12365,WEST CORNFORTH MEDICAL CENTRE,,,,,,2800
202601,QHM,84H00,TEESDALE PCN,U31619,BARNARD CASTLE SURGERY,,,,,,11002
202601,QHM,84H00,TEESDALE PCN,U31619,EVENWOOD MEDICAL PRACTICE,,,,,,2318
202601,QHM,84H00,TEESDALE PCN,U31619,GAINFORD SURGERY,,,,,,3708
202601,QHM,84H00,TEESDALE PCN,U31619,OLD FORGE SURGERY,,,,,,2705
202601,QHM,84H00,TEESDALE PCN,U31619,PINFOLD MEDICAL PRACTICE,,,,,,2858
202601,QHM,84H00,TEESDALE PCN,U31619,WOODVIEW MEDICAL PRACTICE,,,,,,2627
202601,QHM,84H00,WEAR VALLEY PCN,U96202,NORTH HOUSE SURGERY,,,,,,13544
202601,QHM,84H00,WEAR VALLEY PCN,U96202,THE WEARDALE PRACTICE,,,,,,7156
202601,QHM,84H00,WEAR VALLEY PCN,U96202,WILLINGTON MEDICAL GROUP,,,,,,9176
202601,QHM,99C00,CRAMLINGTON SEATON VALLEY PCN,U24977,WOODLANDS PARK HEALTH CTR,,,,,,6879
202601,QHM,99C00,NORTH SHIELDS PCN,U91110,COLLINGWOOD HEALTH GROUP,,,,,,24407
202601,QHM,99C00,NORTH SHIELDS PCN,U91110,PRIORY MEDICAL GROUP,,,,,,15447
202601,QHM,99C00,NORTH SHIELDS PCN,U91110,REDBURN PARK MEDICAL CENTRE,,,,,,6293
202601,QHM,99C00,NORTH TYNESIDE NORTH WEST PCN,U95193,LANE END SURGERY,,,,,,9411
202601,QHM,99C00,NORTH TYNESIDE NORTH WEST PCN,U95193,MALLARD MEDICAL PRACTICE,Chloral hydrate (0401010B0),1,488.5124,30,30,5576
202601,QHM,99C00,NORTH TYNESIDE NORTH WEST PCN,U95193,STEPHENSON PARK HEALTH GROUP,,,,,,17698
202601,QHM,99C00,NORTH TYNESIDE NORTH WEST PCN,U95193,SWARLAND AVENUE SURGERY,,,,,,6723
202601,QHM,99C00,NORTH TYNESIDE NORTH WEST PCN,U95193,WELLSPRING MEDICAL PRACT.,,,,,,6565
202601,QHM,99C00,NORTH TYNESIDE NORTH WEST PCN,U95193,WEST FARM SURGERY,,,,,,5998
202601,QHM,99C00,NORTH TYNESIDE NORTH WEST PCN,U95193,WIDEOPEN MEDICAL CENTRE,,,,,,7406
202601,QHM,99C00,NORTHUMBRIA PCN,U09980,NPC NORTH TYNESIDE - SPRING TERRACE,,,,,,21409
202601,QHM,99C00,WALLSEND PCN,U10386,BEWICKE MEDICAL CENTRE,,,,,,9373
202601,QHM,99C00,WALLSEND PCN,U10386,HADRIAN HEALTH CENTRE,,,,,,21204
202601,QHM,99C00,WALLSEND PCN,U10386,THE VILLAGE GREEN SURGERY,,,,,,12876
202601,QHM,99C00,WHITLEY BAY PCN,U02739,BEAUMONT PARK SURGERY,,,,,,6252
202601,QHM,99C00,WHITLEY BAY PCN,U02739,BRIDGE AND MONKSEATON MEDICAL PRACTICE,,,,,,13323
202601,QHM,99C00,WHITLEY BAY PCN,U02739,MARINE AVENUE MEDICAL CTR,,,,,,9177
202601,QHM,99C00,WHITLEY BAY PCN,U02739,NORTHUMBERLAND PARK MEDICAL GROUP,,,,,,9631
202601,QHM,99C00,WHITLEY BAY PCN,U02739,WHITLEY BAY HEALTH CENTRE,,,,,,13853
202602,QHM,00L00,BLYTH PCN,U25489,MARINE MEDICAL GROUP,,,,,,14126
202602,QHM,00L00,BLYTH PCN,U25489,RAILWAY MEDICAL GROUP,,,,,,26812
202602,QHM,00L00,CRAMLINGTON SEATON VALLEY PCN,U24977,FORUM FAMILY PRACTICE,,,,,,9317
202602,QHM,00L00,CRAMLINGTON SEATON VALLEY PCN,U24977,NETHERFIELD HOUSE,,,,,,5988
202602,QHM,00L00,CRAMLINGTON SEATON VALLEY PCN,U24977,VILLAGE MEDICAL GROUP,,,,,,11904
202602,QHM,00L00,DUMMY,-,RIVERSDALE SURGERY,,,,,,5961
202602,QHM,00L00,DUMMY,-,THE ADDERLANE SURGERY,,,,,,2203
202602,QHM,00L00,NORTHUMBRIA PCN,U09980,NPC AMBLE & BROOMHILL,,,,,,12361
202602,QHM,00L00,NORTHUMBRIA PCN,U09980,NPC CENTRAL NORTHUMBERLAND,,,,,,49252
202602,QHM,00L00,NORTHUMBRIA PCN,U09980,NPC CRAMLINGTON,,,,,,5540
202602,QHM,00L00,NORTHUMBRIA PCN,U09980,NPC ELSDON AVENUE,,,,,,4362
202602,QHM,00L00,NORTHUMBRIA PCN,U09980,NPC FELTON & WIDDRINGTON,,,,,,4775
202602,QHM,00L00,NORTHUMBRIA PCN,U09980,NPC HAYDON BRIDGE & ALLENDALE,,,,,,5249
202602,QHM,00L00,NORTHUMBRIA PCN,U09980,NPC PONTELAND,,,,,,10934
202602,QHM,00L00,NORTHUMBRIA PCN,U09980,NPC ROTHBURY,,,,,,6261
202602,QHM,00L00,WANSBECK PCN,U11112,BEDLINGTONSHIRE MED.GROUP,,,,,,12924
202602,QHM,00L00,WANSBECK PCN,U11112,GUIDEPOST MEDICAL GROUP,,,,,,8123
202602,QHM,00L00,WANSBECK PCN,U11112,SEATON PARK MEDICAL GROUP,,,,,,20056
202602,QHM,00L00,WANSBECK PCN,U11112,THE GABLES MEDICAL GROUP,,,,,,6314
202602,QHM,00L00,WELL UP NORTH PCN,U25545,ALNWICK MEDICAL GROUP,,,,,,18899
202602,QHM,00L00,WELL UP NORTH PCN,U25545,BELFORD MEDICAL PRACTICE,,,,,,4502
202602,QHM,00L00,WELL UP NORTH PCN,U25545,GAS HOUSE LANE SURGERY,Chloral hydrate (0401010B0),1,244.2624,15,15,7285
202602,QHM,00L00,WELL UP NORTH PCN,U25545,GREYSTOKE SURGERY,,,,,,11112
202602,QHM,00L00,WELL UP NORTH PCN,U25545,UNION BRAE & NORHAM PRAC,,,,,,7059
202602,QHM,00L00,WELL UP NORTH PCN,U25545,WELL CLOSE MEDICAL GROUP,,,,,,9213
202602,QHM,00L00,WELL UP NORTH PCN,U25545,WOOLER HEALTH,,,,,,4923
202602,QHM,00L00,WEST NORTHUMBERLAND PCN,U05512,BELLINGHAM PRACTICE,,,,,,3445
202602,QHM,00L00,WEST NORTHUMBERLAND PCN,U05512,BRANCH END SURGERY,,,,,,5415
202602,QHM,00L00,WEST NORTHUMBERLAND PCN,U05512,BURN BRAE MEDICAL GROUP,,,,,,10422
202602,QHM,00L00,WEST NORTHUMBERLAND PCN,U05512,CORBRIDGE HEALTH CENTRE,,,,,,7333
202602,QHM,00L00,WEST NORTHUMBERLAND PCN,U05512,HALTWHISTLE MEDICAL GROUP,,,,,,5623
202602,QHM,00L00,WEST NORTHUMBERLAND PCN,U05512,HUMSHAUGH & WARK MED GRP,,,,,,3317
202602,QHM,00L00,WEST NORTHUMBERLAND PCN,U05512,PRUDHOE MEDICAL GROUP,,,,,,6783
202602,QHM,00L00,WEST NORTHUMBERLAND PCN,U05512,SCOTS GAP MEDICAL GROUP,,,,,,2184
202602,QHM,00L00,WEST NORTHUMBERLAND PCN,U05512,THE SELE MEDICAL PRACTICE,,,,,,5902
202602,QHM,00L00,WEST NORTHUMBERLAND PCN,U05512,WHITE MEDICAL GROUP,,,,,,8724
202602,QHM,00N00,SOUTH TYNESIDE EAST PCN,U20256,FARNHAM MEDICAL CTR.,,,,,,16551
202602,QHM,00N00,SOUTH TYNESIDE EAST PCN,U20256,ST GEORGE & RIVERSIDE MEDICAL PRACTICE,,,,,,7364
202602,QHM,00N00,SOUTH TYNESIDE EAST PCN,U20256,TALBOT MEDICAL CENTRE,,,,,,7733
202602,QHM,00N00,SOUTH TYNESIDE EAST PCN,U20256,TRINITY MEDICAL CENTRE,,,,,,6305
202602,QHM,00N00,SOUTH TYNESIDE EAST PCN,U20256,WENLOCK ROAD SURGERY,,,,,,4452
202602,QHM,00N00,SOUTH TYNESIDE EAST PCN,U20256,WEST VIEW SURGERY,,,,,,2812
202602,QHM,00N00,SOUTH TYNESIDE SOUTH PCN,U89118,CENTRAL SURGERY,,,,,,19363
202602,QHM,00N00,SOUTH TYNESIDE SOUTH PCN,U89118,COLLIERY COURT MEDICAL GROUP,,,,,,8367
202602,QHM,00N00,SOUTH TYNESIDE SOUTH PCN,U89118,DR THORNILEY-WALKER & PARTNERS,,,,,,5869
202602,QHM,00N00,SOUTH TYNESIDE SOUTH PCN,U89118,IMEARY MEDICAL GROUP,,,,,,4484
202602,QHM,00N00,SOUTH TYNESIDE SOUTH PCN,U89118,MARSDEN MEDICAL GROUP,,,,,,22604
202602,QHM,00N00,SOUTH TYNESIDE SOUTH PCN,U89118,WHITBURN SURGERY,,,,,,5299
202602,QHM,00N00,SOUTH TYNESIDE WEST PCN,U37826,ALBERT ROAD SURGERY,,,,,,3633
202602,QHM,00N00,SOUTH TYNESIDE WEST PCN,U37826,EAST WING PRACTICE,,,,,,4154
202602,QHM,00N00,SOUTH TYNESIDE WEST PCN,U37826,ELLISON VIEW SURGERY,,,,,,6044
202602,QHM,00N00,SOUTH TYNESIDE WEST PCN,U37826,MAYFIELD MEDICAL GROUP,,,,,,8981
202602,QHM,00N00,SOUTH TYNESIDE WEST PCN,U37826,RAVENSWORTH SURGERY,,,,,,6014
202602,QHM,00N00,SOUTH TYNESIDE WEST PCN,U37826,THE G.P.SUITE,,,,,,4283
202602,QHM,00N00,SOUTH TYNESIDE WEST PCN,U37826,THE GLEN MEDICAL GROUP,,,,,,11161
202602,QHM,00N00,SOUTH TYNESIDE WEST PCN,U37826,VICTORIA MEDICAL CENTRE,,,,,,3637
202602,QHM,00P00,COALFIELDS PCN,U69720,GRANGEWOOD SURGERY,,,,,,7529
202602,QHM,00P00,COALFIELDS PCN,U69720,HERRINGTON MEDICAL CENTRE,,,,,,9849
202602,QHM,00P00,COALFIELDS PCN,U69720,HETTON GROUP PRACTICE,,,,,,11896
202602,QHM,00P00,COALFIELDS PCN,U69720,"HOUGHTON MEDICAL GROUP,",,,,,,8415
202602,QHM,00P00,COALFIELDS PCN,U69720,KEPIER MEDICAL PRACTICE,,,,,,8519
202602,QHM,00P00,COALFIELDS PCN,U69720,WESTBOURNE MEDICAL GROUP,,,,,,6609
202602,QHM,00P00,DUMMY,-,PALLION PRIMARY CARE SERVICES,,,,,,34
202602,QHM,00P00,SUNDERLAND CENTRAL PCN,U05458,HAPPY HOUSE SURGERY,,,,,,8095
202602,QHM,00P00,SUNDERLAND CENTRAL PCN,U05458,NEW SILKSWORTH MEDICAL PRACTICE,,,,,,9188
202602,QHM,00P00,SUNDERLAND CENTRAL PCN,U05458,SPRINGWELL MEDICAL GROUP,,,,,,6368
202602,QHM,00P00,SUNDERLAND CENTRAL PCN,U05458,SUNDERLAND GP ALLIANCE SOUTH HYLTON SURG,,,,,,4533
202602,QHM,00P00,SUNDERLAND CENTRAL PCN,U05458,VILLAGE SURGERY PARTNERSHIP,,,,,,4858
202602,QHM,00P00,SUNDERLAND EAST PCN,U52297,ASHBURN MEDICAL CENTRE,,,,,,5173
202602,QHM,00P00,SUNDERLAND EAST PCN,U52297,DEERNESS PARK MEDICAL GROUP,,,,,,13653
202602,QHM,00P00,SUNDERLAND EAST PCN,U52297,PARK LANE PRACTICE,,,,,,4112
202602,QHM,00P00,SUNDERLAND EAST PCN,U52297,RIVERVIEW SURGERY,,,,,,6788
202602,QHM,00P00,SUNDERLAND EAST PCN,U52297,SOUTHLANDS MEDICAL GROUP,,,,,,10843
202602,QHM,00P00,SUNDERLAND EAST PCN,U52297,THE NEW CITY MEDICAL GROUP,,,,,,5594
202602,QHM,00P00,SUNDERLAND EAST PCN,U52297,VILLETTE SURGERY,,,,,,5860
202602,QHM,00P00,SUNDERLAND NORTH PCN,U43314,BRIDGE VIEW MEDICAL GROUP,,,,,,14693
202602,QHM,00P00,SUNDERLAND NORTH PCN,U43314,CASTLETOWN MEDICAL CENTRE,,,,,,2308
202602,QHM,00P00,SUNDERLAND NORTH PCN,U43314,"FULWELL MEDICAL CENTRE,",,,,,,9169
202602,QHM,00P00,SUNDERLAND NORTH PCN,U43314,MONKWEARMOUTH HEALTH CENTRE,,,,,,4484
202602,QHM,00P00,SUNDERLAND NORTH PCN,U43314,RED HOUSE MEDICAL CENTRE,,,,,,5418
202602,QHM,00P00,SUNDERLAND NORTH PCN,U43314,ST BEDE MEDICAL CENTRE,,,,,,9291
202602,QHM,00P00,SUNDERLAND WEST 1 PCN,U14646,CHESTER SURGERY,,,,,,3106
202602,QHM,00P00,SUNDERLAND WEST 1 PCN,U14646,FORGE MEDICAL PRACTICE,,,,,,8522
202602,QHM,00P00,SUNDERLAND WEST 1 PCN,U14646,HYLTON MEDICAL GROUP,,,,,,7396
202602,QHM,00P00,SUNDERLAND WEST 1 PCN,U14646,MILLFIELD MEDICAL GROUP,,,,,,14279
202602,QHM,00P00,SUNDERLAND WEST 1 PCN,U14646,PALLION FAMILY PRACTICE,,,,,,10012
202602,QHM,00P00,SUNDERLAND WEST 1 PCN,U14646,THE BROADWAY MEDICAL PRACTICE,,,,,,7988
202602,QHM,00P00,SUNDERLAND WEST 1 PCN,U14646,WEARSIDE MEDICAL PRACTICE - PALLION,,,,,,7942
202602,QHM,00P00,WASHINGTON PCN,U61868,CONCORD MEDICAL PRACTICE,,,,,,5209
202602,QHM,00P00,WASHINGTON PCN,U61868,GALLERIES MEDICAL PRACTICE,,,,,,11676
202602,QHM,00P00,WASHINGTON PCN,U61868,I J HEALTHCARE,,,,,,3560
202602,QHM,00P00,WASHINGTON PCN,U61868,NEW WASHINGTON MEDICAL GROUP,,,,,,7162
202602,QHM,00P00,WASHINGTON PCN,U61868,RICKLETON MEDICAL CENTRE,,,,,,2955
202602,QHM,00P00,WASHINGTON PCN,U61868,SUNDERLAND GP ALLIANCE MEDICAL PRACTICE,,,,,,9861
202602,QHM,00P00,WASHINGTON PCN,U61868,THE STEPHENSON MEDICAL PRACTICE,,,,,,12117
202602,QHM,01H00,CARLISLE HEALTHCARE PCN,U92223,BRAMPTON MEDICAL PRACTICE,,,,,,16719
202602,QHM,01H00,CARLISLE HEALTHCARE PCN,U92223,CARLISLE HEALTHCARE,,,,,,40925
202602,QHM,01H00,CARLISLE HEALTHCARE PCN,U92223,LONGTOWN MEDICAL CENTRE,,,,,,3851
202602,QHM,01H00,CARLISLE HEALTHCARE PCN,U92223,SPENCER ST SURGERY,,,,,,13694
202602,QHM,01H00,CARLISLE PCN,U66688,CARLISLE CENTRAL PRACTICE,,,,,,13303
202602,QHM,01H00,CARLISLE PCN,U66688,EDEN MEDICAL GROUP,,,,,,15129
202602,QHM,01H00,CARLISLE PCN,U66688,WARWICK SQUARE GROUP PRACTICE,,,,,,7929
202602,QHM,01H00,COCKERMOUTH & MARYPORT PCN,U76572,CASTLEGATE AND DERWENT SURGERY,,,,,,17856
202602,QHM,01H00,COCKERMOUTH & MARYPORT PCN,U76572,MARYPORT HEALTH SERVICES,,,,,,13883
202602,QHM,01H00,COPELAND HAVEN PCN,U94879,DISTINGTON SURGERY,,,,,,6582
202602,QHM,01H00,COPELAND HAVEN PCN,U94879,MANSION HOUSE SURGERY,,,,,,7676
202602,QHM,01H00,COPELAND HAVEN PCN,U94879,WESTCROFT HOUSE SURGERY,,,,,,6363
202602,QHM,01H00,COPELAND PCN,U48302,FELLVIEW HEALTHCARE,,,,,,22998
202602,QHM,01H00,COPELAND PCN,U48302,LOWTHER MEDICAL CENTRE,,,,,,13743
202602,QHM,01H00,COPELAND PCN,U48302,SEASCALE HEALTH CENTRE,,,,,,5942
202602,QHM,01H00,EDEN (CUMBRIA) PCN,U08085,ALSTON MEDICAL PRACTICE,,,,,,2204
202602,QHM,01H00,EDEN (CUMBRIA) PCN,U08085,APPLEBY MEDICAL PRACTICE,,,,,,5163
202602,QHM,01H00,EDEN (CUMBRIA) PCN,U08085,BIRBECK MEDICAL GROUP,,,,,,14323
202602,QHM,01H00,EDEN (CUMBRIA) PCN,U08085,COURT THORN SURGERY,,,,,,3733
202602,QHM,01H00,EDEN (CUMBRIA) PCN,U08085,GLENRIDDING HEALTH CENTRE,,,,,,1009
202602,QHM,01H00,EDEN (CUMBRIA) PCN,U08085,KIRKOSWALD SURGERY,,,,,,2822
202602,QHM,01H00,EDEN (CUMBRIA) PCN,U08085,SHAP MEDICAL PRACTICE,,,,,,3312
202602,QHM,01H00,EDEN (CUMBRIA) PCN,U08085,TEMPLE SOWERBY MEDICAL PRACTICE,,,,,,4625
202602,QHM,01H00,EDEN (CUMBRIA) PCN,U08085,THE LAKES MEDICAL PRACTICE,,,,,,11688
202602,QHM,01H00,EDEN (CUMBRIA) PCN,U08085,UPPER EDEN MEDICAL PRACTICE,,,,,,6430
202602,QHM,01H00,KESWICK & SOLWAY PCN,U25680,ASPATRIA MEDICAL GROUP,,,,,,7380
202602,QHM,01H00,KESWICK & SOLWAY PCN,U25680,CALDBECK SURGERY,,,,,,4199
202602,QHM,01H00,KESWICK & SOLWAY PCN,U25680,CASTLEHEAD MEDICAL CENTRE,,,,,,8319
202602,QHM,01H00,KESWICK & SOLWAY PCN,U25680,DALSTON MEDICAL GROUP,,,,,,5198
202602,QHM,01H00,KESWICK & SOLWAY PCN,U25680,SILLOTH GROUP MEDICAL PRACTICE,,,,,,4445
202602,QHM,01H00,KESWICK & SOLWAY PCN,U25680,THE CROFT SURGERY,,,,,,3518
202602,QHM,01H00,KESWICK & SOLWAY PCN,U25680,WIGTON GROUP MEDICAL PRACTICE,,,,,,9250
202602,QHM,01H00,WORKINGTON PCN,U67303,JAMES STREET GROUP PRACT,,,,,,33359
202602,QHM,13T00,BIRTLEY AND CENTRAL GATESHEAD PCN,U76028,BIRTLEY MEDICAL GROUP,,,,,,15267
202602,QHM,13T00,BIRTLEY AND CENTRAL GATESHEAD PCN,U76028,OXFORD TCE & RAWLING RD MEDICAL GROUP,,,,,,17979
202602,QHM,13T00,BIRTLEY AND CENTRAL GATESHEAD PCN,U76028,SECOND STREET SURGERY,,,,,,4283
202602,QHM,13T00,BIRTLEY AND CENTRAL GATESHEAD PCN,U76028,THE BRIDGES MEDICAL PRACTICE,,,,,,8379
202602,QHM,13T00,GATESHEAD CENTRAL SOUTH PCN,U91254,BEACON VIEW MEDICAL CENTRE,,,,,,5818
202602,QHM,13T00,GATESHEAD CENTRAL SOUTH PCN,U91254,BENSHAM FAMILY PRACTICE,,,,,,3711
202602,QHM,13T00,GATESHEAD CENTRAL SOUTH PCN,U91254,BEWICK ROAD SURGERY,,,,,,8678
202602,QHM,13T00,GATESHEAD CENTRAL SOUTH PCN,U91254,CENTRAL GATESHEAD MEDICAL GROUP,,,,,,10491
202602,QHM,13T00,GATESHEAD CENTRAL SOUTH PCN,U91254,FELL COTTAGE SURGERY,,,,,,8812
202602,QHM,13T00,GATESHEAD CENTRAL SOUTH PCN,U91254,FELL TOWER MEDICAL CENTRE,,,,,,7396
202602,QHM,13T00,GATESHEAD CENTRAL SOUTH PCN,U91254,MILLENNIUM FAMILY PRACTICE,,,,,,3709
202602,QHM,13T00,GATESHEAD CENTRAL SOUTH PCN,U91254,WREKENTON MEDICAL GROUP,,,,,,12303
202602,QHM,13T00,GATESHEAD EAST PCN,U13720,CROWHALL MEDICAL CENTRE,,,,,,6510
202602,QHM,13T00,GATESHEAD EAST PCN,U13720,LONGRIGG MEDICAL CENTRE,,,,,,9945
202602,QHM,13T00,GATESHEAD EAST PCN,U13720,PELAW MEDICAL PRACTICE,,,,,,5694
202602,QHM,13T00,GATESHEAD EAST PCN,U13720,ST. ALBANS MEDICAL GROUP,,,,,,7091
202602,QHM,13T00,GATESHEAD INNER WEST PCN,U33691,CHAINBRIDGE MEDICAL PARTNERSHIP,,,,,,11533
202602,QHM,13T00,GATESHEAD INNER WEST PCN,U33691,GLENPARK & TEAMS MEDICAL SERVICES,,,,,,14574
202602,QHM,13T00,GATESHEAD INNER WEST PCN,U33691,SUNNISIDE SURGERY,,,,,,3933
202602,QHM,13T00,GATESHEAD INNER WEST PCN,U33691,WHICKHAM COTTAGE MEDICAL CENTRE,,,,,,15629
202602,QHM,13T00,GATESHEAD OUTER WEST PCN,U41930,CHOPWELL PRIMARY HEALTHCARE CENTRE,,,,,,2567
202602,QHM,13T00,GATESHEAD OUTER WEST PCN,U41930,CRAWCROOK MEDICAL CENTRE,,,,,,20023
202602,QHM,13T00,GATESHEAD OUTER WEST PCN,U41930,HOLLYHURST MEDICAL CENTRE,,,,,,5084
202602,QHM,13T00,GATESHEAD OUTER WEST PCN,U41930,OLDWELL SURGERY,,,,,,4728
202602,QHM,13T00,JESMOND - LOWER GOSFORTH PCN,U34146,JESMOND HEALTH PARTNERSHIP,,,,,,27313
202602,QHM,13T00,JESMOND - LOWER GOSFORTH PCN,U34146,ROSEWORTH SURGERY,,,,,,5733
202602,QHM,13T00,JESMOND - LOWER GOSFORTH PCN,U34146,THE GROVE MEDICAL GROUP,,,,,,13133
202602,QHM,13T00,NEWCASTLE CENTRAL HEALTH PCN,U43524,SAVILLE MEDICAL GROUP,,,,,,42202
202602,QHM,13T00,NEWCASTLE EAST PCN,U17849,BENFIELD PARK MEDICAL GROUP,,,,,,10385
202602,QHM,13T00,NEWCASTLE EAST PCN,U17849,BIDDLESTONE HEALTH GROUP,,,,,,10741
202602,QHM,13T00,NEWCASTLE EAST PCN,U17849,HEATON ROAD SURGERY,,,,,,6941
202602,QHM,13T00,NEWCASTLE EAST PCN,U17849,NEWCASTLE MEDICAL CENTRE,,,,,,22084
202602,QHM,13T00,NEWCASTLE EAST PCN,U17849,ST.ANTHONY'S HEALTH CENTRE,,,,,,6604
202602,QHM,13T00,NEWCASTLE EAST PCN,U17849,THORNFIELD MEDICAL GROUP,,,,,,20142
202602,QHM,13T00,NEWCASTLE EAST PCN,U17849,WALKER MEDICAL GROUP,,,,,,10786
202602,QHM,13T00,NEWCASTLE INNER WEST PCN,U45898,BETTS AVENUE MEDICAL GROUP,,,,,,10553
202602,QHM,13T00,NEWCASTLE INNER WEST PCN,U45898,DILSTON MEDICAL CENTRE,,,,,,9655
202602,QHM,13T00,NEWCASTLE INNER WEST PCN,U45898,ELSWICK FAMILY PRACTICE,,,,,,8513
202602,QHM,13T00,NEWCASTLE INNER WEST PCN,U45898,FENHAM HALL SURGERY,,,,,,10901
202602,QHM,13T00,NEWCASTLE INNER WEST PCN,U45898,PROSPECT MEDICAL CENTRE,,,,,,14063
202602,QHM,13T00,NEWCASTLE OUTER WEST PCN,U87170,DENTON PARK MEDICAL GROUP,,,,,,7532
202602,QHM,13T00,NEWCASTLE OUTER WEST PCN,U87170,DENTON TURRET MEDICAL CENTRE,,,,,,8991
202602,QHM,13T00,NEWCASTLE OUTER WEST PCN,U87170,NEWBURN SURGERY,,,,,,6276
202602,QHM,13T00,NEWCASTLE OUTER WEST PCN,U87170,PARKWAY MEDICAL GROUP,,,,,,8495
202602,QHM,13T00,NEWCASTLE OUTER WEST PCN,U87170,THROCKLEY PRIMARY CARE CENTRE,,,,,,7689
202602,QHM,13T00,NEWCASTLE OUTER WEST PCN,U87170,WESTERHOPE MEDICAL GROUP,,,,,,13684
202602,QHM,13T00,NORTH GOSFORTH PCN,U70624,BRUNTON PARK,Chloral hydrate (0401010B0),1,488.5124,30,30,7971
202602,QHM,13T00,NORTH GOSFORTH PCN,U70624,PARK MEDICAL GROUP,,,,,,13262
202602,QHM,13T00,NORTH GOSFORTH PCN,U70624,REGENT MEDICAL CENTRE,,,,,,7964
202602,QHM,13T00,WEST END FAMILY HEALTH PCN,U44695,CRUDDAS PARK SURGERY,,,,,,11753
202602,QHM,13T00,WEST END FAMILY HEALTH PCN,U44695,HOLMSIDE MEDICAL GROUP,,,,,,9994
202602,QHM,13T00,WEST END FAMILY HEALTH PCN,U44695,WEST ROAD MEDICAL CENTRE,,,,,,12382
202602,QHM,16C00,BILLINGHAM & NORTON PCN,U94460,DR RASOOL,,,,,,2239
202602,QHM,16C00,BILLINGHAM & NORTON PCN,U94460,KINGSWAY MEDICAL CENTRE,,,,,,10070
202602,QHM,16C00,BILLINGHAM & NORTON PCN,U94460,MARSH HOUSE MEDICAL PRACTICE,,,,,,8513
202602,QHM,16C00,BILLINGHAM & NORTON PCN,U94460,MELROSE SURGERY,,,,,,2402
202602,QHM,16C00,BILLINGHAM & NORTON PCN,U94460,NORTON MEDICAL CENTRE,,,,,,16036
202602,QHM,16C00,BILLINGHAM & NORTON PCN,U94460,QUEENSTREE PRACTICE,,,,,,4107
202602,QHM,16C00,BILLINGHAM & NORTON PCN,U94460,THE ROSEBERRY PRACTICE,,,,,,7698
202602,QHM,16C00,BYTES PCN,U63844,EAGLESCLIFFE MEDICAL PRACTICE,,,,,,13159
202602,QHM,16C00,BYTES PCN,U63844,PARK LANE SURGERY,,,,,,5558
202602,QHM,16C00,BYTES PCN,U63844,THORNABY & BARWICK MEDICAL GROUP,,,,,,20870
202602,QHM,16C00,BYTES PCN,U63844,YARM MEDICAL PRACTICE,,,,,,14223
202602,QHM,16C00,CENTRAL MIDDLESBROUGH PCN,U55830,MARTONSIDE MEDICAL CENTRE,,,,,,7825
202602,QHM,16C00,CENTRAL MIDDLESBROUGH PCN,U55830,PARK SURGERY,,,,,,12665
202602,QHM,16C00,CENTRAL MIDDLESBROUGH PCN,U55830,PROSPECT SURGERY,,,,,,6847
202602,QHM,16C00,CENTRAL MIDDLESBROUGH PCN,U55830,THE DISCOVERY PRACTICE,,,,,,7957
202602,QHM,16C00,CENTRAL MIDDLESBROUGH PCN,U55830,THE ENDEAVOUR PRACTICE,,,,,,8119
202602,QHM,16C00,CENTRAL MIDDLESBROUGH PCN,U55830,THE ERIMUS PRACTICE,,,,,,6093
202602,QHM,16C00,CENTRAL MIDDLESBROUGH PCN,U55830,THORNTREE SURGERY,,,,,,2833
202602,QHM,16C00,DARLINGTON PCN,U45102,BLACKETTS MEDICAL PRACTICE,,,,,,11591
202602,QHM,16C00,DARLINGTON PCN,U45102,CARMEL MEDICAL PRACTICE,Chloral hydrate (0401010B0),1,977.0124,60,60,11818
202602,QHM,16C00,DARLINGTON PCN,U45102,CLIFTON COURT MEDICAL PRACTICE,,,,,,12251
202602,QHM,16C00,DARLINGTON PCN,U45102,DENMARK STREET SURGERY,,,,,,14761
202602,QHM,16C00,DARLINGTON PCN,U45102,MIDDLETON AND DINSDALE MEDICAL PRACTICE,,,,,,5927
202602,QHM,16C00,DARLINGTON PCN,U45102,MOORLANDS SURGERY,,,,,,13161
202602,QHM,16C00,DARLINGTON PCN,U45102,NEASHAM ROAD SURGERY,,,,,,13314
202602,QHM,16C00,DARLINGTON PCN,U45102,ORCHARD COURT SURGERY,,,,,,8679
202602,QHM,16C00,DARLINGTON PCN,U45102,PARKGATE SURGERY,,,,,,4842
202602,QHM,16C00,DARLINGTON PCN,U45102,ROCKLIFFE COURT SURGERY,,,,,,6290
202602,QHM,16C00,DARLINGTON PCN,U45102,WHINFIELD MEDICAL PRACTICE,,,,,,12226
202602,QHM,16C00,DUMMY,-,THE RIDGEWAY HEALTH CENTRE,,,,,,1
202602,QHM,16C00,EAST CLEVELAND PCN,U07842,BROTTON SURGERY,,,,,,7801
202602,QHM,16C00,EAST CLEVELAND PCN,U07842,HILLSIDE PRACTICE,,,,,,9344
202602,QHM,16C00,EAST CLEVELAND PCN,U07842,SPRINGWOOD SURGERY,,,,,,7592
202602,QHM,16C00,EAST CLEVELAND PCN,U07842,THE GARTH,,,,,,11652
202602,QHM,16C00,EAST CLEVELAND PCN,U07842,WOODSIDE SURGERY,,,,,,5806
202602,QHM,16C00,ESTON PCN,U85257,CAMBRIDGE MEDICAL GROUP,,,,,,7257
202602,QHM,16C00,ESTON PCN,U85257,NORMANBY MEDICAL CENTRE,,,,,,26482
202602,QHM,16C00,ESTON PCN,U85257,SOUTH GRANGE MEDICAL GROUP PRACTICE,,,,,,15795
202602,QHM,16C00,GREATER MIDDLESBROUGH PCN,U02671,ACKLAM MEDICAL CENTRE,Chloral hydrate (0401010B0),2,1465.5248,90,90,11417
202602,QHM,16C00,GREATER MIDDLESBROUGH PCN,U02671,COULBY MEDICAL PRACTICE,,,,,,9200
202602,QHM,16C00,GREATER MIDDLESBROUGH PCN,U02671,CROSSFELL HEALTH CENTRE,Chloral hydrate (0401010B0),1,244.2624,15,15,8828
202602,QHM,16C00,GREATER MIDDLESBROUGH PCN,U02671,HIRSEL MEDICAL CENTRE,,,,,,3703
202602,QHM,16C00,GREATER MIDDLESBROUGH PCN,U02671,KINGS MEDICAL CENTRE,,,,,,6348
202602,QHM,16C00,GREATER MIDDLESBROUGH PCN,U02671,NEWLANDS MEDICAL CENTRE,,,,,,9547
202602,QHM,16C00,GREATER MIDDLESBROUGH PCN,U02671,PARKWAY MEDICAL CENTRE,,,,,,9733
202602,QHM,16C00,GREATER MIDDLESBROUGH PCN,U02671,WESTBOURNE MEDICAL CENTRE,,,,,,5642
202602,QHM,16C00,HARTLEPOOL HEALTH PCN,U40502,MCKENZIE GROUP PRACTICE,,,,,,6156
202602,QHM,16C00,HARTLEPOOL HEALTH PCN,U40502,MCKENZIE HOUSE SURGERY,Chloral hydrate (0401010B0),1,911.9824,56,56,19463
202602,QHM,16C00,HARTLEPOOL HEALTH PCN,U40502,THE HEADLAND MEDICAL CENTRE,,,,,,5334
202602,QHM,16C00,HARTLEPOOL PCN,U70212,GLADSTONE HOUSE SURGERY,,,,,,5598
202602,QHM,16C00,HARTLEPOOL PCN,U70212,HART MEDICAL PRACTICE,,,,,,9390
202602,QHM,16C00,HARTLEPOOL PCN,U70212,THE PATEL PRACTICE,,,,,,4146
202602,QHM,16C00,HARTLEPOOL PCN,U70212,WEST QUAY MEDICAL PRACTICE,,,,,,6269
202602,QHM,16C00,HARTLEPOOL PCN,U70212,WEST VIEW MILLENIUM SURGERY A,,,,,,7472
202602,QHM,16C00,HOLGATE PCN,U85008,BOROUGH ROAD & NUNTHORPE MEDICAL GROUP,,,,,,17040
202602,QHM,16C00,HOLGATE PCN,U85008,LINTHORPE SURGERY,,,,,,20558
202602,QHM,16C00,HOLGATE PCN,U85008,VILLAGE MEDICAL CENTRE,,,,,,7923
202602,QHM,16C00,NORTH STOCKTON PCN,U07032,ALMA MEDICAL CENTRE,Chloral hydrate (0401010B0),1,732.7624,45,45,10610
202602,QHM,16C00,NORTH STOCKTON PCN,U07032,QUEENS PARK MEDICAL CENTRE,,,,,,18655
202602,QHM,16C00,NORTH STOCKTON PCN,U07032,TENNANT STREET MEDICAL PRACTICE,,,,,,14558
202602,QHM,16C00,ONE LIFE HARTLEPOOL PCN,U27349,BANKHOUSE SURGERY,,,,,,10436
202602,QHM,16C00,ONE LIFE HARTLEPOOL PCN,U27349,CHADWICK PRACTICE,,,,,,12010
202602,QHM,16C00,ONE LIFE HARTLEPOOL PCN,U27349,HAVELOCK GRANGE PRACTICE,,,,,,13604
202602,QHM,16C00,REDCAR COASTAL PCN,U23714,BENTLEY MEDICAL PRACTICE,Chloral hydrate (0401010B0),1,488.5124,30,30,10112
202602,QHM,16C00,REDCAR COASTAL PCN,U23714,HUNTCLIFF SURGERY,Chloral hydrate (0401010B0),2,570.0448,35,35,9897
202602,QHM,16C00,REDCAR COASTAL PCN,U23714,THE COATHAM ROAD SURGERY,Chloral hydrate (0401010B0),1,488.5124,30,30,6267
202602,QHM,16C00,REDCAR COASTAL PCN,U23714,THE GREEN HOUSE SURGERY,,,,,,10111
202602,QHM,16C00,REDCAR COASTAL PCN,U23714,THE RAVENSCAR SURGERY,Chloral hydrate (0401010B0),2,570.0448,35,35,3453
202602,QHM,16C00,REDCAR COASTAL PCN,U23714,THE SALTSCAR SURGERY,,,,,,8448
202602,QHM,16C00,REDCAR COASTAL PCN,U23714,ZETLAND MEDICAL PRACTICE,,,,,,7142
202602,QHM,16C00,STOCKTON PCN,U89141,ELM TREE SURGERY,,,,,,18443
202602,QHM,16C00,STOCKTON PCN,U89141,RIVERSIDE MEDICAL PRACTICE,,,,,,10907
202602,QHM,16C00,STOCKTON PCN,U89141,THE DENSHAM SURGERY,,,,,,3743
202602,QHM,16C00,STOCKTON PCN,U89141,THE DOVECOT SURGERY,,,,,,4084
202602,QHM,16C00,STOCKTON PCN,U89141,WOODBRIDGE PRACTICE,Chloral hydrate (0401010B0),1,488.5124,30,30,18232
202602,QHM,16C00,STOCKTON PCN,U89141,WOODLANDS FAMILY MEDICAL CENTRE,,,,,,12171
202602,QHM,84H00,BISHOP AUCKLAND PCN,U85067,AUCKLAND MEDICAL GROUP,,,,,,16086
202602,QHM,84H00,BISHOP AUCKLAND PCN,U85067,BISHOPGATE MEDICAL CENTRE,,,,,,13627
202602,QHM,84H00,BISHOP AUCKLAND PCN,U85067,STATION VIEW MEDICAL CENTRE,,,,,,9700
202602,QHM,84H00,CHESTER LE STREET PCN,U77096,BRIDGE END SURGERY,,,,,,7571
202602,QHM,84H00,CHESTER LE STREET PCN,U77096,CESTRIA HEALTH CENTRE,,,,,,12586
202602,QHM,84H00,CHESTER LE STREET PCN,U77096,GREAT LUMLEY SURGERY,,,,,,5288
202602,QHM,84H00,CHESTER LE STREET PCN,U77096,MIDDLE CHARE MEDICAL GROUP,,,,,,9298
202602,QHM,84H00,CHESTER LE STREET PCN,U77096,PELTON & FELLROSE MEDICAL GROUP,,,,,,10320
202602,QHM,84H00,CHESTER LE STREET PCN,U77096,SACRISTON MEDICAL CENTRE,,,,,,10700
202602,QHM,84H00,CHESTER LE STREET PCN,U77096,VILLAGES MEDICAL GROUP,,,,,,4091
202602,QHM,84H00,CLAYPATH & UNIVERSITY MEDICAL GROUP PCN,U38486,CLAYPATH & UNIVERSITY MEDICAL GROUP,,,,,,33950
202602,QHM,84H00,DERWENTSIDE PCN,U70497,ANNFIELD PLAIN SURGERY,,,,,,3578
202602,QHM,84H00,DERWENTSIDE PCN,U70497,BROWNEY HOUSE SURGERY,,,,,,2708
202602,QHM,84H00,DERWENTSIDE PCN,U70497,CEDARS MEDICAL GROUP,,,,,,6256
202602,QHM,84H00,DERWENTSIDE PCN,U70497,CONSETT MEDICAL CENTRE,Chloral hydrate (0401010B0),1,244.2624,15,15,16541
202602,QHM,84H00,DERWENTSIDE PCN,U70497,DRS LAMBERT & NG,,,,,,5282
202602,QHM,84H00,DERWENTSIDE PCN,U70497,LANCHESTER MEDICAL CENTRE,,,,,,4064
202602,QHM,84H00,DERWENTSIDE PCN,U70497,LEADGATE SURGERY,,,,,,5758
202602,QHM,84H00,DERWENTSIDE PCN,U70497,OAKFIELDS HEALTH GROUP,,,,,,7642
202602,QHM,84H00,DERWENTSIDE PCN,U70497,QUEENS ROAD SURGERY,,,,,,16675
202602,QHM,84H00,DERWENTSIDE PCN,U70497,STANLEY MEDICAL GROUP,,,,,,12558
202602,QHM,84H00,DERWENTSIDE PCN,U70497,TANFIELD VIEW MEDICAL GROUP,Chloral hydrate (0401010B0),1,488.5124,30,30,10806
202602,QHM,84H00,DERWENTSIDE PCN,U70497,THE HAVEN SURGERY,,,,,,1771
202602,QHM,84H00,DURHAM COAST PCN,U26864,BEVAN MEDICAL GROUP,,,,,,8769
202602,QHM,84H00,DURHAM COAST PCN,U26864,EAST DURHAM MEDICAL GROUP,,,,,,18148
202602,QHM,84H00,DURHAM COAST PCN,U26864,SOUTHDENE MEDICAL CENTRE,,,,,,3404
202602,QHM,84H00,DURHAM COAST PCN,U26864,WINGATE MEDICAL PRACTICE INTRAHEALTH,,,,,,3576
202602,QHM,84H00,DURHAM EAST PCN,U53962,BELMONT & SHERBURN MEDICAL GROUP,Chloral hydrate (0401010B0),1,244.2624,15,15,6370
202602,QHM,84H00,DURHAM EAST PCN,U53962,BOWBURN MEDICAL CENTRE,,,,,,4605
202602,QHM,84H00,DURHAM EAST PCN,U53962,CHEVELEY PARK MEDICAL CTR,,,,,,5102
202602,QHM,84H00,DURHAM EAST PCN,U53962,COXHOE MEDICAL PRACTICE,,,,,,7670
202602,QHM,84H00,DURHAM EAST PCN,U53962,WEST RAINTON SURGERY,,,,,,5507
202602,QHM,84H00,DURHAM WEST PCN,U01989,CHASTLETON MEDICAL GROUP,,,,,,10227
202602,QHM,84H00,DURHAM WEST PCN,U01989,DUNELM MEDICAL PRACTICE,,,,,,14395
202602,QHM,84H00,DURHAM WEST PCN,U01989,THE MEDICAL GROUP,,,,,,26653
202602,QHM,84H00,EASINGTON CENTRAL PCN,U14615,BLACKHALL AND PETERLEE PRACTICE,,,,,,10258
202602,QHM,84H00,EASINGTON CENTRAL PCN,U14615,THE HORDEN GROUP PRACTICE,,,,,,8363
202602,QHM,84H00,EASINGTON CENTRAL PCN,U14615,WILLIAM BROWN CENTRE,Chloral hydrate (0401010B0),1,244.2624,15,15,15506
202602,QHM,84H00,NORTH EASINGTON PCN,U81825,BYRON MEDICAL PRACTICE,,,,,,8308
202602,QHM,84H00,NORTH EASINGTON PCN,U81825,MARLBOROUGH SURGERY,,,,,,11513
202602,QHM,84H00,NORTH EASINGTON PCN,U81825,MURTON MEDICAL CENTRE,,,,,,7336
202602,QHM,84H00,NORTH EASINGTON PCN,U81825,SILVERDALE FAMILY PRACTICE,,,,,,6606
202602,QHM,84H00,NORTH EASINGTON PCN,U81825,THE NEW SEAHAM MEDICAL GROUP,,,,,,4689
202602,QHM,84H00,SEDGEFIELD 1 PCN,U37593,BEWICK CRESCENT SURGERY,,,,,,12899
202602,QHM,84H00,SEDGEFIELD 1 PCN,U37593,HALLGARTH SURGERY,,,,,,5388
202602,QHM,84H00,SEDGEFIELD 1 PCN,U37593,JUBILEE MEDICAL GROUP,,,,,,13060
202602,QHM,84H00,SEDGEFIELD 1 PCN,U37593,PEASE WAY MEDICAL CENTRE,,,,,,11861
202602,QHM,84H00,SEDGEFIELD NORTH PCN,U12365,BISHOPS CLOSE MEDICAL PRACTICE,,,,,,8568
202602,QHM,84H00,SEDGEFIELD NORTH PCN,U12365,FERRYHILL AND CHILTON MEDICAL PRACTICE,,,,,,14920
202602,QHM,84H00,SEDGEFIELD NORTH PCN,U12365,SKERNE MEDICAL GROUP,,,,,,17097
202602,QHM,84H00,SEDGEFIELD NORTH PCN,U12365,ST ANDREW'S MEDICAL PRACTICE,,,,,,15909
202602,QHM,84H00,SEDGEFIELD NORTH PCN,U12365,WEST CORNFORTH MEDICAL CENTRE,,,,,,2820
202602,QHM,84H00,TEESDALE PCN,U31619,BARNARD CASTLE SURGERY,,,,,,11025
202602,QHM,84H00,TEESDALE PCN,U31619,EVENWOOD MEDICAL PRACTICE,,,,,,2324
202602,QHM,84H00,TEESDALE PCN,U31619,GAINFORD SURGERY,,,,,,3709
202602,QHM,84H00,TEESDALE PCN,U31619,OLD FORGE SURGERY,,,,,,2700
202602,QHM,84H00,TEESDALE PCN,U31619,PINFOLD MEDICAL PRACTICE,,,,,,2851
202602,QHM,84H00,TEESDALE PCN,U31619,WOODVIEW MEDICAL PRACTICE,,,,,,2641
202602,QHM,84H00,WEAR VALLEY PCN,U96202,NORTH HOUSE SURGERY,,,,,,13531
202602,QHM,84H00,WEAR VALLEY PCN,U96202,THE WEARDALE PRACTICE,,,,,,7166
202602,QHM,84H00,WEAR VALLEY PCN,U96202,WILLINGTON MEDICAL GROUP,,,,,,9175
202602,QHM,99C00,CRAMLINGTON SEATON VALLEY PCN,U24977,WOODLANDS PARK HEALTH CTR,,,,,,6891
202602,QHM,99C00,NORTH SHIELDS PCN,U91110,COLLINGWOOD HEALTH GROUP,,,,,,24399
202602,QHM,99C00,NORTH SHIELDS PCN,U91110,PRIORY MEDICAL GROUP,,,,,,15446
202602,QHM,99C00,NORTH SHIELDS PCN,U91110,REDBURN PARK MEDICAL CENTRE,,,,,,6304
202602,QHM,99C00,NORTH TYNESIDE NORTH WEST PCN,U95193,LANE END SURGERY,,,,,,9396
202602,QHM,99C00,NORTH TYNESIDE NORTH WEST PCN,U95193,MALLARD MEDICAL PRACTICE,Chloral hydrate (0401010B0),1,488.5124,30,30,5593
202602,QHM,99C00,NORTH TYNESIDE NORTH WEST PCN,U95193,STEPHENSON PARK HEALTH GROUP,,,,,,17675
202602,QHM,99C00,NORTH TYNESIDE NORTH WEST PCN,U95193,SWARLAND AVENUE SURGERY,,,,,,6694
202602,QHM,99C00,NORTH TYNESIDE NORTH WEST PCN,U95193,WELLSPRING MEDICAL PRACT.,,,,,,6561
202602,QHM,99C00,NORTH TYNESIDE NORTH WEST PCN,U95193,WEST FARM SURGERY,,,,,,5961
202602,QHM,99C00,NORTH TYNESIDE NORTH WEST PCN,U95193,WIDEOPEN MEDICAL CENTRE,,,,,,7396
202602,QHM,99C00,NORTHUMBRIA PCN,U09980,NPC NORTH TYNESIDE - SPRING TERRACE,,,,,,21417
202602,QHM,99C00,WALLSEND PCN,U10386,BEWICKE MEDICAL CENTRE,,,,,,9344
202602,QHM,99C00,WALLSEND PCN,U10386,HADRIAN HEALTH CENTRE,,,,,,21255
202602,QHM,99C00,WALLSEND PCN,U10386,THE VILLAGE GREEN SURGERY,,,,,,12856
202602,QHM,99C00,WHITLEY BAY PCN,U02739,BEAUMONT PARK SURGERY,,,,,,6232
202602,QHM,99C00,WHITLEY BAY PCN,U02739,BRIDGE AND MONKSEATON MEDICAL PRACTICE,,,,,,13307
202602,QHM,99C00,WHITLEY BAY PCN,U02739,MARINE AVENUE MEDICAL CTR,,,,,,9214
202602,QHM,99C00,WHITLEY BAY PCN,U02739,NORTHUMBERLAND PARK MEDICAL GROUP,,,,,,9644
202602,QHM,99C00,WHITLEY BAY PCN,U02739,WHITLEY BAY HEALTH CENTRE,,,,,,13805
202603,QHM,00L00,BLYTH PCN,U25489,MARINE MEDICAL GROUP,,,,,,14151
202603,QHM,00L00,BLYTH PCN,U25489,RAILWAY MEDICAL GROUP,,,,,,26846
202603,QHM,00L00,CRAMLINGTON SEATON VALLEY PCN,U24977,FORUM FAMILY PRACTICE,,,,,,9362
202603,QHM,00L00,CRAMLINGTON SEATON VALLEY PCN,U24977,NETHERFIELD HOUSE,,,,,,5991
202603,QHM,00L00,CRAMLINGTON SEATON VALLEY PCN,U24977,VILLAGE MEDICAL GROUP,,,,,,11946
202603,QHM,00L00,DUMMY,-,RIVERSDALE SURGERY,,,,,,5952
202603,QHM,00L00,DUMMY,-,THE ADDERLANE SURGERY,,,,,,2216
202603,QHM,00L00,NORTHUMBRIA PCN,U09980,NPC AMBLE & BROOMHILL,,,,,,12385
202603,QHM,00L00,NORTHUMBRIA PCN,U09980,NPC CENTRAL NORTHUMBERLAND,,,,,,49183
202603,QHM,00L00,NORTHUMBRIA PCN,U09980,NPC CRAMLINGTON,,,,,,5533
202603,QHM,00L00,NORTHUMBRIA PCN,U09980,NPC ELSDON AVENUE,,,,,,4373
202603,QHM,00L00,NORTHUMBRIA PCN,U09980,NPC FELTON & WIDDRINGTON,,,,,,4776
202603,QHM,00L00,NORTHUMBRIA PCN,U09980,NPC HAYDON BRIDGE & ALLENDALE,,,,,,5241
202603,QHM,00L00,NORTHUMBRIA PCN,U09980,NPC PONTELAND,Chloral hydrate (0401010B0),1,344.9024,10,10,10939
202603,QHM,00L00,NORTHUMBRIA PCN,U09980,NPC ROTHBURY,,,,,,6292
202603,QHM,00L00,WANSBECK PCN,U11112,BEDLINGTONSHIRE MED.GROUP,,,,,,12925
202603,QHM,00L00,WANSBECK PCN,U11112,GUIDEPOST MEDICAL GROUP,,,,,,8126
202603,QHM,00L00,WANSBECK PCN,U11112,SEATON PARK MEDICAL GROUP,,,,,,20063
202603,QHM,00L00,WANSBECK PCN,U11112,THE GABLES MEDICAL GROUP,,,,,,6299
202603,QHM,00L00,WELL UP NORTH PCN,U25545,ALNWICK MEDICAL GROUP,,,,,,18899
202603,QHM,00L00,WELL UP NORTH PCN,U25545,BELFORD MEDICAL PRACTICE,,,,,,4512
202603,QHM,00L00,WELL UP NORTH PCN,U25545,GAS HOUSE LANE SURGERY,,,,,,7282
202603,QHM,00L00,WELL UP NORTH PCN,U25545,GREYSTOKE SURGERY,,,,,,11181
202603,QHM,00L00,WELL UP NORTH PCN,U25545,UNION BRAE & NORHAM PRAC,,,,,,7065
202603,QHM,00L00,WELL UP NORTH PCN,U25545,WELL CLOSE MEDICAL GROUP,,,,,,9206
202603,QHM,00L00,WELL UP NORTH PCN,U25545,WOOLER HEALTH,,,,,,4931
202603,QHM,00L00,WEST NORTHUMBERLAND PCN,U05512,BELLINGHAM PRACTICE,,,,,,3435
202603,QHM,00L00,WEST NORTHUMBERLAND PCN,U05512,BRANCH END SURGERY,,,,,,5415
202603,QHM,00L00,WEST NORTHUMBERLAND PCN,U05512,BURN BRAE MEDICAL GROUP,,,,,,10406
202603,QHM,00L00,WEST NORTHUMBERLAND PCN,U05512,CORBRIDGE HEALTH CENTRE,,,,,,7349
202603,QHM,00L00,WEST NORTHUMBERLAND PCN,U05512,HALTWHISTLE MEDICAL GROUP,,,,,,5612
202603,QHM,00L00,WEST NORTHUMBERLAND PCN,U05512,HUMSHAUGH & WARK MED GRP,,,,,,3311
202603,QHM,00L00,WEST NORTHUMBERLAND PCN,U05512,PRUDHOE MEDICAL GROUP,,,,,,6774
202603,QHM,00L00,WEST NORTHUMBERLAND PCN,U05512,SCOTS GAP MEDICAL GROUP,,,,,,2194
202603,QHM,00L00,WEST NORTHUMBERLAND PCN,U05512,THE SELE MEDICAL PRACTICE,,,,,,5912
202603,QHM,00L00,WEST NORTHUMBERLAND PCN,U05512,WHITE MEDICAL GROUP,,,,,,8716
202603,QHM,00N00,SOUTH TYNESIDE EAST PCN,U20256,FARNHAM MEDICAL CTR.,,,,,,16508
202603,QHM,00N00,SOUTH TYNESIDE EAST PCN,U20256,ST GEORGE & RIVERSIDE MEDICAL PRACTICE,,,,,,7371
202603,QHM,00N00,SOUTH TYNESIDE EAST PCN,U20256,TALBOT MEDICAL CENTRE,,,,,,7735
202603,QHM,00N00,SOUTH TYNESIDE EAST PCN,U20256,TRINITY MEDICAL CENTRE,,,,,,6308
202603,QHM,00N00,SOUTH TYNESIDE EAST PCN,U20256,WENLOCK ROAD SURGERY,,,,,,4460
202603,QHM,00N00,SOUTH TYNESIDE EAST PCN,U20256,WEST VIEW SURGERY,,,,,,2805
202603,QHM,00N00,SOUTH TYNESIDE SOUTH PCN,U89118,CENTRAL SURGERY,,,,,,19393
202603,QHM,00N00,SOUTH TYNESIDE SOUTH PCN,U89118,COLLIERY COURT MEDICAL GROUP,,,,,,8370
202603,QHM,00N00,SOUTH TYNESIDE SOUTH PCN,U89118,DR THORNILEY-WALKER & PARTNERS,,,,,,5853
202603,QHM,00N00,SOUTH TYNESIDE SOUTH PCN,U89118,IMEARY MEDICAL GROUP,,,,,,4484
202603,QHM,00N00,SOUTH TYNESIDE SOUTH PCN,U89118,MARSDEN MEDICAL GROUP,,,,,,22615
202603,QHM,00N00,SOUTH TYNESIDE SOUTH PCN,U89118,WHITBURN SURGERY,,,,,,5292
202603,QHM,00N00,SOUTH TYNESIDE WEST PCN,U37826,ALBERT ROAD SURGERY,,,,,,3652
202603,QHM,00N00,SOUTH TYNESIDE WEST PCN,U37826,EAST WING PRACTICE,,,,,,4136
202603,QHM,00N00,SOUTH TYNESIDE WEST PCN,U37826,ELLISON VIEW SURGERY,,,,,,6039
202603,QHM,00N00,SOUTH TYNESIDE WEST PCN,U37826,MAYFIELD MEDICAL GROUP,,,,,,8962
202603,QHM,00N00,SOUTH TYNESIDE WEST PCN,U37826,RAVENSWORTH SURGERY,,,,,,6013
202603,QHM,00N00,SOUTH TYNESIDE WEST PCN,U37826,THE G.P.SUITE,,,,,,4271
202603,QHM,00N00,SOUTH TYNESIDE WEST PCN,U37826,THE GLEN MEDICAL GROUP,,,,,,11155
202603,QHM,00N00,SOUTH TYNESIDE WEST PCN,U37826,VICTORIA MEDICAL CENTRE,,,,,,3665
202603,QHM,00P00,COALFIELDS PCN,U69720,GRANGEWOOD SURGERY,,,,,,7546
202603,QHM,00P00,COALFIELDS PCN,U69720,HERRINGTON MEDICAL CENTRE,,,,,,9891
202603,QHM,00P00,COALFIELDS PCN,U69720,HETTON GROUP PRACTICE,,,,,,11894
202603,QHM,00P00,COALFIELDS PCN,U69720,"HOUGHTON MEDICAL GROUP,",,,,,,8401
202603,QHM,00P00,COALFIELDS PCN,U69720,KEPIER MEDICAL PRACTICE,,,,,,8526
202603,QHM,00P00,COALFIELDS PCN,U69720,WESTBOURNE MEDICAL GROUP,,,,,,6595
202603,QHM,00P00,DUMMY,-,PALLION PRIMARY CARE SERVICES,,,,,,34
202603,QHM,00P00,SUNDERLAND CENTRAL PCN,U05458,HAPPY HOUSE SURGERY,,,,,,8089
202603,QHM,00P00,SUNDERLAND CENTRAL PCN,U05458,NEW SILKSWORTH MEDICAL PRACTICE,,,,,,9198
202603,QHM,00P00,SUNDERLAND CENTRAL PCN,U05458,SPRINGWELL MEDICAL GROUP,,,,,,6343
202603,QHM,00P00,SUNDERLAND CENTRAL PCN,U05458,SUNDERLAND GP ALLIANCE SOUTH HYLTON SURG,,,,,,4536
202603,QHM,00P00,SUNDERLAND CENTRAL PCN,U05458,VILLAGE SURGERY PARTNERSHIP,,,,,,4877
202603,QHM,00P00,SUNDERLAND EAST PCN,U52297,ASHBURN MEDICAL CENTRE,,,,,,5157
202603,QHM,00P00,SUNDERLAND EAST PCN,U52297,DEERNESS PARK MEDICAL GROUP,,,,,,13649
202603,QHM,00P00,SUNDERLAND EAST PCN,U52297,PARK LANE PRACTICE,,,,,,4100
202603,QHM,00P00,SUNDERLAND EAST PCN,U52297,RIVERVIEW SURGERY,,,,,,6763
202603,QHM,00P00,SUNDERLAND EAST PCN,U52297,SOUTHLANDS MEDICAL GROUP,,,,,,10900
202603,QHM,00P00,SUNDERLAND EAST PCN,U52297,THE NEW CITY MEDICAL GROUP,,,,,,5571
202603,QHM,00P00,SUNDERLAND EAST PCN,U52297,VILLETTE SURGERY,,,,,,5853
202603,QHM,00P00,SUNDERLAND NORTH PCN,U43314,BRIDGE VIEW MEDICAL GROUP,,,,,,14671
202603,QHM,00P00,SUNDERLAND NORTH PCN,U43314,CASTLETOWN MEDICAL CENTRE,,,,,,2339
202603,QHM,00P00,SUNDERLAND NORTH PCN,U43314,"FULWELL MEDICAL CENTRE,",,,,,,9172
202603,QHM,00P00,SUNDERLAND NORTH PCN,U43314,MONKWEARMOUTH HEALTH CENTRE,,,,,,4487
202603,QHM,00P00,SUNDERLAND NORTH PCN,U43314,RED HOUSE MEDICAL CENTRE,,,,,,5424
202603,QHM,00P00,SUNDERLAND NORTH PCN,U43314,ST BEDE MEDICAL CENTRE,,,,,,9254
202603,QHM,00P00,SUNDERLAND WEST 1 PCN,U14646,CHESTER SURGERY,,,,,,3096
202603,QHM,00P00,SUNDERLAND WEST 1 PCN,U14646,FORGE MEDICAL PRACTICE,,,,,,8506
202603,QHM,00P00,SUNDERLAND WEST 1 PCN,U14646,HYLTON MEDICAL GROUP,,,,,,7457
202603,QHM,00P00,SUNDERLAND WEST 1 PCN,U14646,MILLFIELD MEDICAL GROUP,,,,,,14248
202603,QHM,00P00,SUNDERLAND WEST 1 PCN,U14646,PALLION FAMILY PRACTICE,,,,,,10007
202603,QHM,00P00,SUNDERLAND WEST 1 PCN,U14646,THE BROADWAY MEDICAL PRACTICE,,,,,,8018
202603,QHM,00P00,SUNDERLAND WEST 1 PCN,U14646,WEARSIDE MEDICAL PRACTICE - PALLION,,,,,,7938
202603,QHM,00P00,WASHINGTON PCN,U61868,CONCORD MEDICAL PRACTICE,,,,,,5226
202603,QHM,00P00,WASHINGTON PCN,U61868,GALLERIES MEDICAL PRACTICE,,,,,,11696
202603,QHM,00P00,WASHINGTON PCN,U61868,I J HEALTHCARE,,,,,,3552
202603,QHM,00P00,WASHINGTON PCN,U61868,NEW WASHINGTON MEDICAL GROUP,,,,,,7149
202603,QHM,00P00,WASHINGTON PCN,U61868,RICKLETON MEDICAL CENTRE,,,,,,2962
202603,QHM,00P00,WASHINGTON PCN,U61868,SUNDERLAND GP ALLIANCE MEDICAL PRACTICE,,,,,,9839
202603,QHM,00P00,WASHINGTON PCN,U61868,THE STEPHENSON MEDICAL PRACTICE,,,,,,12096
202603,QHM,01H00,CARLISLE HEALTHCARE PCN,U92223,BRAMPTON MEDICAL PRACTICE,,,,,,16709
202603,QHM,01H00,CARLISLE HEALTHCARE PCN,U92223,CARLISLE HEALTHCARE,,,,,,41016
202603,QHM,01H00,CARLISLE HEALTHCARE PCN,U92223,LONGTOWN MEDICAL CENTRE,,,,,,3859
202603,QHM,01H00,CARLISLE HEALTHCARE PCN,U92223,SPENCER ST SURGERY,,,,,,13723
202603,QHM,01H00,CARLISLE PCN,U66688,CARLISLE CENTRAL PRACTICE,,,,,,13260
202603,QHM,01H00,CARLISLE PCN,U66688,EDEN MEDICAL GROUP,,,,,,15081
202603,QHM,01H00,CARLISLE PCN,U66688,WARWICK SQUARE GROUP PRACTICE,,,,,,7945
202603,QHM,01H00,COCKERMOUTH & MARYPORT PCN,U76572,CASTLEGATE AND DERWENT SURGERY,,,,,,17789
202603,QHM,01H00,COCKERMOUTH & MARYPORT PCN,U76572,MARYPORT HEALTH SERVICES,,,,,,13905
202603,QHM,01H00,COPELAND HAVEN PCN,U94879,DISTINGTON SURGERY,,,,,,6606
202603,QHM,01H00,COPELAND HAVEN PCN,U94879,MANSION HOUSE SURGERY,,,,,,7663
202603,QHM,01H00,COPELAND HAVEN PCN,U94879,WESTCROFT HOUSE SURGERY,,,,,,6369
202603,QHM,01H00,COPELAND PCN,U48302,FELLVIEW HEALTHCARE,,,,,,22983
202603,QHM,01H00,COPELAND PCN,U48302,LOWTHER MEDICAL CENTRE,,,,,,13747
202603,QHM,01H00,COPELAND PCN,U48302,SEASCALE HEALTH CENTRE,,,,,,5942
202603,QHM,01H00,EDEN (CUMBRIA) PCN,U08085,ALSTON MEDICAL PRACTICE,,,,,,2208
202603,QHM,01H00,EDEN (CUMBRIA) PCN,U08085,APPLEBY MEDICAL PRACTICE,,,,,,5139
202603,QHM,01H00,EDEN (CUMBRIA) PCN,U08085,BIRBECK MEDICAL GROUP,,,,,,14314
202603,QHM,01H00,EDEN (CUMBRIA) PCN,U08085,COURT THORN SURGERY,,,,,,3768
202603,QHM,01H00,EDEN (CUMBRIA) PCN,U08085,GLENRIDDING HEALTH CENTRE,,,,,,1014
202603,QHM,01H00,EDEN (CUMBRIA) PCN,U08085,KIRKOSWALD SURGERY,,,,,,2814
202603,QHM,01H00,EDEN (CUMBRIA) PCN,U08085,SHAP MEDICAL PRACTICE,,,,,,3312
202603,QHM,01H00,EDEN (CUMBRIA) PCN,U08085,TEMPLE SOWERBY MEDICAL PRACTICE,,,,,,4631
202603,QHM,01H00,EDEN (CUMBRIA) PCN,U08085,THE LAKES MEDICAL PRACTICE,,,,,,11691
202603,QHM,01H00,EDEN (CUMBRIA) PCN,U08085,UPPER EDEN MEDICAL PRACTICE,,,,,,6436
202603,QHM,01H00,KESWICK & SOLWAY PCN,U25680,ASPATRIA MEDICAL GROUP,,,,,,7378
202603,QHM,01H00,KESWICK & SOLWAY PCN,U25680,CALDBECK SURGERY,,,,,,4191
202603,QHM,01H00,KESWICK & SOLWAY PCN,U25680,CASTLEHEAD MEDICAL CENTRE,,,,,,8352
202603,QHM,01H00,KESWICK & SOLWAY PCN,U25680,DALSTON MEDICAL GROUP,,,,,,5201
202603,QHM,01H00,KESWICK & SOLWAY PCN,U25680,SILLOTH GROUP MEDICAL PRACTICE,,,,,,4437
202603,QHM,01H00,KESWICK & SOLWAY PCN,U25680,THE CROFT SURGERY,,,,,,3533
202603,QHM,01H00,KESWICK & SOLWAY PCN,U25680,WIGTON GROUP MEDICAL PRACTICE,,,,,,9243
202603,QHM,01H00,WORKINGTON PCN,U67303,JAMES STREET GROUP PRACT,,,,,,33368
202603,QHM,13T00,BIRTLEY AND CENTRAL GATESHEAD PCN,U76028,BIRTLEY MEDICAL GROUP,,,,,,15242
202603,QHM,13T00,BIRTLEY AND CENTRAL GATESHEAD PCN,U76028,OXFORD TCE & RAWLING RD MEDICAL GROUP,,,,,,17980
202603,QHM,13T00,BIRTLEY AND CENTRAL GATESHEAD PCN,U76028,SECOND STREET SURGERY,,,,,,4261
202603,QHM,13T00,BIRTLEY AND CENTRAL GATESHEAD PCN,U76028,THE BRIDGES MEDICAL PRACTICE,,,,,,8383
202603,QHM,13T00,GATESHEAD CENTRAL SOUTH PCN,U91254,BEACON VIEW MEDICAL CENTRE,,,,,,5824
202603,QHM,13T00,GATESHEAD CENTRAL SOUTH PCN,U91254,BENSHAM FAMILY PRACTICE,,,,,,3695
202603,QHM,13T00,GATESHEAD CENTRAL SOUTH PCN,U91254,BEWICK ROAD SURGERY,,,,,,8677
202603,QHM,13T00,GATESHEAD CENTRAL SOUTH PCN,U91254,CENTRAL GATESHEAD MEDICAL GROUP,,,,,,10458
202603,QHM,13T00,GATESHEAD CENTRAL SOUTH PCN,U91254,FELL COTTAGE SURGERY,,,,,,8827
202603,QHM,13T00,GATESHEAD CENTRAL SOUTH PCN,U91254,FELL TOWER MEDICAL CENTRE,,,,,,7366
202603,QHM,13T00,GATESHEAD CENTRAL SOUTH PCN,U91254,MILLENNIUM FAMILY PRACTICE,,,,,,3717
202603,QHM,13T00,GATESHEAD CENTRAL SOUTH PCN,U91254,WREKENTON MEDICAL GROUP,,,,,,12310
202603,QHM,13T00,GATESHEAD EAST PCN,U13720,CROWHALL MEDICAL CENTRE,,,,,,6507
202603,QHM,13T00,GATESHEAD EAST PCN,U13720,LONGRIGG MEDICAL CENTRE,,,,,,9906
202603,QHM,13T00,GATESHEAD EAST PCN,U13720,PELAW MEDICAL PRACTICE,,,,,,5721
202603,QHM,13T00,GATESHEAD EAST PCN,U13720,ST. ALBANS MEDICAL GROUP,,,,,,7058
202603,QHM,13T00,GATESHEAD INNER WEST PCN,U33691,CHAINBRIDGE MEDICAL PARTNERSHIP,,,,,,11528
202603,QHM,13T00,GATESHEAD INNER WEST PCN,U33691,GLENPARK & TEAMS MEDICAL SERVICES,,,,,,14554
202603,QHM,13T00,GATESHEAD INNER WEST PCN,U33691,SUNNISIDE SURGERY,,,,,,3946
202603,QHM,13T00,GATESHEAD INNER WEST PCN,U33691,WHICKHAM COTTAGE MEDICAL CENTRE,,,,,,15627
202603,QHM,13T00,GATESHEAD OUTER WEST PCN,U41930,CHOPWELL PRIMARY HEALTHCARE CENTRE,,,,,,2561
202603,QHM,13T00,GATESHEAD OUTER WEST PCN,U41930,CRAWCROOK MEDICAL CENTRE,,,,,,19991
202603,QHM,13T00,GATESHEAD OUTER WEST PCN,U41930,HOLLYHURST MEDICAL CENTRE,,,,,,5099
202603,QHM,13T00,GATESHEAD OUTER WEST PCN,U41930,OLDWELL SURGERY,,,,,,4738
202603,QHM,13T00,JESMOND - LOWER GOSFORTH PCN,U34146,JESMOND HEALTH PARTNERSHIP,,,,,,27292
202603,QHM,13T00,JESMOND - LOWER GOSFORTH PCN,U34146,ROSEWORTH SURGERY,,,,,,5722
202603,QHM,13T00,JESMOND - LOWER GOSFORTH PCN,U34146,THE GROVE MEDICAL GROUP,,,,,,13095
202603,QHM,13T00,NEWCASTLE CENTRAL HEALTH PCN,U43524,SAVILLE MEDICAL GROUP,,,,,,42021
202603,QHM,13T00,NEWCASTLE EAST PCN,U17849,BENFIELD PARK MEDICAL GROUP,,,,,,10424
202603,QHM,13T00,NEWCASTLE EAST PCN,U17849,BIDDLESTONE HEALTH GROUP,,,,,,10732
202603,QHM,13T00,NEWCASTLE EAST PCN,U17849,HEATON ROAD SURGERY,,,,,,6907
202603,QHM,13T00,NEWCASTLE EAST PCN,U17849,NEWCASTLE MEDICAL CENTRE,,,,,,21793
202603,QHM,13T00,NEWCASTLE EAST PCN,U17849,ST.ANTHONY'S HEALTH CENTRE,,,,,,6599
202603,QHM,13T00,NEWCASTLE EAST PCN,U17849,THORNFIELD MEDICAL GROUP,,,,,,20167
202603,QHM,13T00,NEWCASTLE EAST PCN,U17849,WALKER MEDICAL GROUP,,,,,,10758
202603,QHM,13T00,NEWCASTLE INNER WEST PCN,U45898,BETTS AVENUE MEDICAL GROUP,,,,,,10484
202603,QHM,13T00,NEWCASTLE INNER WEST PCN,U45898,DILSTON MEDICAL CENTRE,,,,,,9615
202603,QHM,13T00,NEWCASTLE INNER WEST PCN,U45898,ELSWICK FAMILY PRACTICE,,,,,,8487
202603,QHM,13T00,NEWCASTLE INNER WEST PCN,U45898,FENHAM HALL SURGERY,,,,,,10861
202603,QHM,13T00,NEWCASTLE INNER WEST PCN,U45898,PROSPECT MEDICAL CENTRE,,,,,,13989
202603,QHM,13T00,NEWCASTLE OUTER WEST PCN,U87170,DENTON PARK MEDICAL GROUP,,,,,,7521
202603,QHM,13T00,NEWCASTLE OUTER WEST PCN,U87170,DENTON TURRET MEDICAL CENTRE,,,,,,8986
202603,QHM,13T00,NEWCASTLE OUTER WEST PCN,U87170,NEWBURN SURGERY,,,,,,6301
202603,QHM,13T00,NEWCASTLE OUTER WEST PCN,U87170,PARKWAY MEDICAL GROUP,,,,,,8516
202603,QHM,13T00,NEWCASTLE OUTER WEST PCN,U87170,THROCKLEY PRIMARY CARE CENTRE,,,,,,7725
202603,QHM,13T00,NEWCASTLE OUTER WEST PCN,U87170,WESTERHOPE MEDICAL GROUP,,,,,,13689
202603,QHM,13T00,NORTH GOSFORTH PCN,U70624,BRUNTON PARK,Chloral hydrate (0401010B0),1,488.5124,30,30,7996
202603,QHM,13T00,NORTH GOSFORTH PCN,U70624,PARK MEDICAL GROUP,,,,,,13167
202603,QHM,13T00,NORTH GOSFORTH PCN,U70624,REGENT MEDICAL CENTRE,,,,,,8011
202603,QHM,13T00,WEST END FAMILY HEALTH PCN,U44695,CRUDDAS PARK SURGERY,,,,,,11818
202603,QHM,13T00,WEST END FAMILY HEALTH PCN,U44695,HOLMSIDE MEDICAL GROUP,,,,,,9982
202603,QHM,13T00,WEST END FAMILY HEALTH PCN,U44695,WEST ROAD MEDICAL CENTRE,,,,,,12358
202603,QHM,16C00,BILLINGHAM & NORTON PCN,U94460,DR RASOOL,,,,,,2252
202603,QHM,16C00,BILLINGHAM & NORTON PCN,U94460,KINGSWAY MEDICAL CENTRE,,,,,,10093
202603,QHM,16C00,BILLINGHAM & NORTON PCN,U94460,MARSH HOUSE MEDICAL PRACTICE,,,,,,8509
202603,QHM,16C00,BILLINGHAM & NORTON PCN,U94460,MELROSE SURGERY,,,,,,2429
202603,QHM,16C00,BILLINGHAM & NORTON PCN,U94460,NORTON MEDICAL CENTRE,,,,,,15997
202603,QHM,16C00,BILLINGHAM & NORTON PCN,U94460,QUEENSTREE PRACTICE,,,,,,4099
202603,QHM,16C00,BILLINGHAM & NORTON PCN,U94460,THE ROSEBERRY PRACTICE,,,,,,7676
202603,QHM,16C00,BYTES PCN,U63844,EAGLESCLIFFE MEDICAL PRACTICE,,,,,,13181
202603,QHM,16C00,BYTES PCN,U63844,PARK LANE SURGERY,,,,,,5557
202603,QHM,16C00,BYTES PCN,U63844,THORNABY & BARWICK MEDICAL GROUP,,,,,,20837
202603,QHM,16C00,BYTES PCN,U63844,YARM MEDICAL PRACTICE,,,,,,14231
202603,QHM,16C00,CENTRAL MIDDLESBROUGH PCN,U55830,MARTONSIDE MEDICAL CENTRE,,,,,,7824
202603,QHM,16C00,CENTRAL MIDDLESBROUGH PCN,U55830,PARK SURGERY,,,,,,12691
202603,QHM,16C00,CENTRAL MIDDLESBROUGH PCN,U55830,PROSPECT SURGERY,,,,,,6728
202603,QHM,16C00,CENTRAL MIDDLESBROUGH PCN,U55830,THE DISCOVERY PRACTICE,,,,,,7788
202603,QHM,16C00,CENTRAL MIDDLESBROUGH PCN,U55830,THE ENDEAVOUR PRACTICE,,,,,,7928
202603,QHM,16C00,CENTRAL MIDDLESBROUGH PCN,U55830,THE ERIMUS PRACTICE,,,,,,6018
202603,QHM,16C00,CENTRAL MIDDLESBROUGH PCN,U55830,THORNTREE SURGERY,,,,,,2870
202603,QHM,16C00,DARLINGTON PCN,U45102,BLACKETTS MEDICAL PRACTICE,,,,,,11647
202603,QHM,16C00,DARLINGTON PCN,U45102,CARMEL MEDICAL PRACTICE,Chloral hydrate (0401010B0),1,977.0124,60,60,11835
202603,QHM,16C00,DARLINGTON PCN,U45102,CLIFTON COURT MEDICAL PRACTICE,,,,,,12269
202603,QHM,16C00,DARLINGTON PCN,U45102,DENMARK STREET SURGERY,,,,,,14745
202603,QHM,16C00,DARLINGTON PCN,U45102,MIDDLETON AND DINSDALE MEDICAL PRACTICE,,,,,,5918
202603,QHM,16C00,DARLINGTON PCN,U45102,MOORLANDS SURGERY,,,,,,13156
202603,QHM,16C00,DARLINGTON PCN,U45102,NEASHAM ROAD SURGERY,,,,,,13307
202603,QHM,16C00,DARLINGTON PCN,U45102,ORCHARD COURT SURGERY,,,,,,8690
202603,QHM,16C00,DARLINGTON PCN,U45102,PARKGATE SURGERY,,,,,,4828
202603,QHM,16C00,DARLINGTON PCN,U45102,ROCKLIFFE COURT SURGERY,,,,,,6303
202603,QHM,16C00,DARLINGTON PCN,U45102,WHINFIELD MEDICAL PRACTICE,,,,,,12238
202603,QHM,16C00,DUMMY,-,THE RIDGEWAY HEALTH CENTRE,,,,,,1
202603,QHM,16C00,EAST CLEVELAND PCN,U07842,BROTTON SURGERY,,,,,,7845
202603,QHM,16C00,EAST CLEVELAND PCN,U07842,HILLSIDE PRACTICE,,,,,,9343
202603,QHM,16C00,EAST CLEVELAND PCN,U07842,SPRINGWOOD SURGERY,,,,,,7570
202603,QHM,16C00,EAST CLEVELAND PCN,U07842,THE GARTH,,,,,,11671
202603,QHM,16C00,EAST CLEVELAND PCN,U07842,WOODSIDE SURGERY,,,,,,5792
202603,QHM,16C00,ESTON PCN,U85257,CAMBRIDGE MEDICAL GROUP,,,,,,7255
202603,QHM,16C00,ESTON PCN,U85257,NORMANBY MEDICAL CENTRE,Chloral hydrate (0401010B0),3,1465.8272,90,90,26466
202603,QHM,16C00,ESTON PCN,U85257,SOUTH GRANGE MEDICAL GROUP PRACTICE,,,,,,15855
202603,QHM,16C00,GREATER MIDDLESBROUGH PCN,U02671,ACKLAM MEDICAL CENTRE,Chloral hydrate (0401010B0),2,1465.5248,90,90,11439
202603,QHM,16C00,GREATER MIDDLESBROUGH PCN,U02671,COULBY MEDICAL PRACTICE,,,,,,9201
202603,QHM,16C00,GREATER MIDDLESBROUGH PCN,U02671,CROSSFELL HEALTH CENTRE,Chloral hydrate (0401010B0),1,244.2624,15,15,8846
202603,QHM,16C00,GREATER MIDDLESBROUGH PCN,U02671,HIRSEL MEDICAL CENTRE,,,,,,3683
202603,QHM,16C00,GREATER MIDDLESBROUGH PCN,U02671,KINGS MEDICAL CENTRE,,,,,,6334
202603,QHM,16C00,GREATER MIDDLESBROUGH PCN,U02671,NEWLANDS MEDICAL CENTRE,,,,,,9452
202603,QHM,16C00,GREATER MIDDLESBROUGH PCN,U02671,PARKWAY MEDICAL CENTRE,,,,,,9762
202603,QHM,16C00,GREATER MIDDLESBROUGH PCN,U02671,WESTBOURNE MEDICAL CENTRE,,,,,,5621
202603,QHM,16C00,HARTLEPOOL HEALTH PCN,U40502,MCKENZIE GROUP PRACTICE,,,,,,6167
202603,QHM,16C00,HARTLEPOOL HEALTH PCN,U40502,MCKENZIE HOUSE SURGERY,Chloral hydrate (0401010B0),1,977.0124,60,60,19487
202603,QHM,16C00,HARTLEPOOL HEALTH PCN,U40502,THE HEADLAND MEDICAL CENTRE,,,,,,5329
202603,QHM,16C00,HARTLEPOOL PCN,U70212,GLADSTONE HOUSE SURGERY,,,,,,5600
202603,QHM,16C00,HARTLEPOOL PCN,U70212,HART MEDICAL PRACTICE,,,,,,9379
202603,QHM,16C00,HARTLEPOOL PCN,U70212,THE PATEL PRACTICE,,,,,,4146
202603,QHM,16C00,HARTLEPOOL PCN,U70212,WEST QUAY MEDICAL PRACTICE,,,,,,6249
202603,QHM,16C00,HARTLEPOOL PCN,U70212,WEST VIEW MILLENIUM SURGERY A,,,,,,7477
202603,QHM,16C00,HOLGATE PCN,U85008,BOROUGH ROAD & NUNTHORPE MEDICAL GROUP,,,,,,17090
202603,QHM,16C00,HOLGATE PCN,U85008,LINTHORPE SURGERY,,,,,,20449
202603,QHM,16C00,HOLGATE PCN,U85008,VILLAGE MEDICAL CENTRE,,,,,,7899
202603,QHM,16C00,NORTH STOCKTON PCN,U07032,ALMA MEDICAL CENTRE,Chloral hydrate (0401010B0),1,732.7624,45,45,10525
202603,QHM,16C00,NORTH STOCKTON PCN,U07032,QUEENS PARK MEDICAL CENTRE,,,,,,18659
202603,QHM,16C00,NORTH STOCKTON PCN,U07032,TENNANT STREET MEDICAL PRACTICE,,,,,,14585
202603,QHM,16C00,ONE LIFE HARTLEPOOL PCN,U27349,BANKHOUSE SURGERY,,,,,,10433
202603,QHM,16C00,ONE LIFE HARTLEPOOL PCN,U27349,CHADWICK PRACTICE,,,,,,12040
202603,QHM,16C00,ONE LIFE HARTLEPOOL PCN,U27349,HAVELOCK GRANGE PRACTICE,,,,,,13591
202603,QHM,16C00,REDCAR COASTAL PCN,U23714,BENTLEY MEDICAL PRACTICE,,,,,,10073
202603,QHM,16C00,REDCAR COASTAL PCN,U23714,HUNTCLIFF SURGERY,Chloral hydrate (0401010B0),2,570.0448,35,35,9885
202603,QHM,16C00,REDCAR COASTAL PCN,U23714,THE COATHAM ROAD SURGERY,Chloral hydrate (0401010B0),1,488.5124,30,30,6268
202603,QHM,16C00,REDCAR COASTAL PCN,U23714,THE GREEN HOUSE SURGERY,,,,,,10164
202603,QHM,16C00,REDCAR COASTAL PCN,U23714,THE RAVENSCAR SURGERY,Chloral hydrate (0401010B0),2,651.5648,40,40,3477
202603,QHM,16C00,REDCAR COASTAL PCN,U23714,THE SALTSCAR SURGERY,,,,,,8421
202603,QHM,16C00,REDCAR COASTAL PCN,U23714,ZETLAND MEDICAL PRACTICE,,,,,,7145
202603,QHM,16C00,STOCKTON PCN,U89141,ELM TREE SURGERY,,,,,,18547
202603,QHM,16C00,STOCKTON PCN,U89141,RIVERSIDE MEDICAL PRACTICE,,,,,,10912
202603,QHM,16C00,STOCKTON PCN,U89141,THE DENSHAM SURGERY,,,,,,3747
202603,QHM,16C00,STOCKTON PCN,U89141,THE DOVECOT SURGERY,,,,,,4062
202603,QHM,16C00,STOCKTON PCN,U89141,WOODBRIDGE PRACTICE,,,,,,18217
202603,QHM,16C00,STOCKTON PCN,U89141,WOODLANDS FAMILY MEDICAL CENTRE,,,,,,12138
202603,QHM,84H00,BISHOP AUCKLAND PCN,U85067,AUCKLAND MEDICAL GROUP,,,,,,16086
202603,QHM,84H00,BISHOP AUCKLAND PCN,U85067,BISHOPGATE MEDICAL CENTRE,,,,,,13603
202603,QHM,84H00,BISHOP AUCKLAND PCN,U85067,STATION VIEW MEDICAL CENTRE,,,,,,9705
202603,QHM,84H00,CHESTER LE STREET PCN,U77096,BRIDGE END SURGERY,,,,,,7563
202603,QHM,84H00,CHESTER LE STREET PCN,U77096,CESTRIA HEALTH CENTRE,,,,,,12562
202603,QHM,84H00,CHESTER LE STREET PCN,U77096,GREAT LUMLEY SURGERY,,,,,,5293
202603,QHM,84H00,CHESTER LE STREET PCN,U77096,MIDDLE CHARE MEDICAL GROUP,,,,,,9270
202603,QHM,84H00,CHESTER LE STREET PCN,U77096,PELTON & FELLROSE MEDICAL GROUP,,,,,,10323
202603,QHM,84H00,CHESTER LE STREET PCN,U77096,SACRISTON MEDICAL CENTRE,,,,,,10696
202603,QHM,84H00,CHESTER LE STREET PCN,U77096,VILLAGES MEDICAL GROUP,,,,,,4089
202603,QHM,84H00,CLAYPATH & UNIVERSITY MEDICAL GROUP PCN,U38486,CLAYPATH & UNIVERSITY MEDICAL GROUP,,,,,,33695
202603,QHM,84H00,DERWENTSIDE PCN,U70497,ANNFIELD PLAIN SURGERY,,,,,,3586
202603,QHM,84H00,DERWENTSIDE PCN,U70497,BROWNEY HOUSE SURGERY,,,,,,2709
202603,QHM,84H00,DERWENTSIDE PCN,U70497,CEDARS MEDICAL GROUP,,,,,,6248
202603,QHM,84H00,DERWENTSIDE PCN,U70497,CONSETT MEDICAL CENTRE,Chloral hydrate (0401010B0),1,244.2624,15,15,16527
202603,QHM,84H00,DERWENTSIDE PCN,U70497,DRS LAMBERT & NG,,,,,,5281
202603,QHM,84H00,DERWENTSIDE PCN,U70497,LANCHESTER MEDICAL CENTRE,,,,,,4041
202603,QHM,84H00,DERWENTSIDE PCN,U70497,LEADGATE SURGERY,,,,,,5735
202603,QHM,84H00,DERWENTSIDE PCN,U70497,OAKFIELDS HEALTH GROUP,,,,,,7618
202603,QHM,84H00,DERWENTSIDE PCN,U70497,QUEENS ROAD SURGERY,,,,,,16721
202603,QHM,84H00,DERWENTSIDE PCN,U70497,STANLEY MEDICAL GROUP,,,,,,12567
202603,QHM,84H00,DERWENTSIDE PCN,U70497,TANFIELD VIEW MEDICAL GROUP,Chloral hydrate (0401010B0),1,488.5124,30,30,10806
202603,QHM,84H00,DERWENTSIDE PCN,U70497,THE HAVEN SURGERY,,,,,,1773
202603,QHM,84H00,DURHAM COAST PCN,U26864,BEVAN MEDICAL GROUP,,,,,,8807
202603,QHM,84H00,DURHAM COAST PCN,U26864,EAST DURHAM MEDICAL GROUP,,,,,,18114
202603,QHM,84H00,DURHAM COAST PCN,U26864,SOUTHDENE MEDICAL CENTRE,,,,,,3410
202603,QHM,84H00,DURHAM COAST PCN,U26864,WINGATE MEDICAL PRACTICE INTRAHEALTH,,,,,,3576
202603,QHM,84H00,DURHAM EAST PCN,U53962,BELMONT & SHERBURN MEDICAL GROUP,Chloral hydrate (0401010B0),1,244.2624,15,15,6356
202603,QHM,84H00,DURHAM EAST PCN,U53962,BOWBURN MEDICAL CENTRE,,,,,,4601
202603,QHM,84H00,DURHAM EAST PCN,U53962,CHEVELEY PARK MEDICAL CTR,,,,,,5106
202603,QHM,84H00,DURHAM EAST PCN,U53962,COXHOE MEDICAL PRACTICE,,,,,,7656
202603,QHM,84H00,DURHAM EAST PCN,U53962,WEST RAINTON SURGERY,,,,,,5515
202603,QHM,84H00,DURHAM WEST PCN,U01989,CHASTLETON MEDICAL GROUP,,,,,,10198
202603,QHM,84H00,DURHAM WEST PCN,U01989,DUNELM MEDICAL PRACTICE,,,,,,14338
202603,QHM,84H00,DURHAM WEST PCN,U01989,THE MEDICAL GROUP,,,,,,26641
202603,QHM,84H00,EASINGTON CENTRAL PCN,U14615,BLACKHALL AND PETERLEE PRACTICE,,,,,,10236
202603,QHM,84H00,EASINGTON CENTRAL PCN,U14615,THE HORDEN GROUP PRACTICE,,,,,,8363
202603,QHM,84H00,EASINGTON CENTRAL PCN,U14615,WILLIAM BROWN CENTRE,Chloral hydrate (0401010B0),2,488.5248,30,30,15503
202603,QHM,84H00,NORTH EASINGTON PCN,U81825,BYRON MEDICAL PRACTICE,,,,,,8300
202603,QHM,84H00,NORTH EASINGTON PCN,U81825,MARLBOROUGH SURGERY,,,,,,11524
202603,QHM,84H00,NORTH EASINGTON PCN,U81825,MURTON MEDICAL CENTRE,,,,,,7344
202603,QHM,84H00,NORTH EASINGTON PCN,U81825,SILVERDALE FAMILY PRACTICE,,,,,,6588
202603,QHM,84H00,NORTH EASINGTON PCN,U81825,THE NEW SEAHAM MEDICAL GROUP,,,,,,4671
202603,QHM,84H00,SEDGEFIELD 1 PCN,U37593,BEWICK CRESCENT SURGERY,,,,,,12886
202603,QHM,84H00,SEDGEFIELD 1 PCN,U37593,HALLGARTH SURGERY,,,,,,5380
202603,QHM,84H00,SEDGEFIELD 1 PCN,U37593,JUBILEE MEDICAL GROUP,,,,,,13104
202603,QHM,84H00,SEDGEFIELD 1 PCN,U37593,PEASE WAY MEDICAL CENTRE,,,,,,11846
202603,QHM,84H00,SEDGEFIELD NORTH PCN,U12365,BISHOPS CLOSE MEDICAL PRACTICE,,,,,,8553
202603,QHM,84H00,SEDGEFIELD NORTH PCN,U12365,FERRYHILL AND CHILTON MEDICAL PRACTICE,,,,,,14891
202603,QHM,84H00,SEDGEFIELD NORTH PCN,U12365,SKERNE MEDICAL GROUP,Chloral hydrate (0401010B0),2,1954.0248,120,120,17114
202603,QHM,84H00,SEDGEFIELD NORTH PCN,U12365,ST ANDREW'S MEDICAL PRACTICE,,,,,,15938
202603,QHM,84H00,SEDGEFIELD NORTH PCN,U12365,WEST CORNFORTH MEDICAL CENTRE,,,,,,2817
202603,QHM,84H00,TEESDALE PCN,U31619,BARNARD CASTLE SURGERY,,,,,,11021
202603,QHM,84H00,TEESDALE PCN,U31619,EVENWOOD MEDICAL PRACTICE,,,,,,2321
202603,QHM,84H00,TEESDALE PCN,U31619,GAINFORD SURGERY,,,,,,3725
202603,QHM,84H00,TEESDALE PCN,U31619,OLD FORGE SURGERY,,,,,,2709
202603,QHM,84H00,TEESDALE PCN,U31619,PINFOLD MEDICAL PRACTICE,,,,,,2857
202603,QHM,84H00,TEESDALE PCN,U31619,WOODVIEW MEDICAL PRACTICE,,,,,,2633
202603,QHM,84H00,WEAR VALLEY PCN,U96202,NORTH HOUSE SURGERY,,,,,,13547
202603,QHM,84H00,WEAR VALLEY PCN,U96202,THE WEARDALE PRACTICE,,,,,,7166
202603,QHM,84H00,WEAR VALLEY PCN,U96202,WILLINGTON MEDICAL GROUP,,,,,,9175
202603,QHM,99C00,CRAMLINGTON SEATON VALLEY PCN,U24977,WOODLANDS PARK HEALTH CTR,,,,,,6915
202603,QHM,99C00,NORTH SHIELDS PCN,U91110,COLLINGWOOD HEALTH GROUP,,,,,,24393
202603,QHM,99C00,NORTH SHIELDS PCN,U91110,PRIORY MEDICAL GROUP,,,,,,15420
202603,QHM,99C00,NORTH SHIELDS PCN,U91110,REDBURN PARK MEDICAL CENTRE,,,,,,6291
202603,QHM,99C00,NORTH TYNESIDE NORTH WEST PCN,U95193,LANE END SURGERY,,,,,,9391
202603,QHM,99C00,NORTH TYNESIDE NORTH WEST PCN,U95193,MALLARD MEDICAL PRACTICE,Chloral hydrate (0401010B0),1,488.5124,30,30,5606
202603,QHM,99C00,NORTH TYNESIDE NORTH WEST PCN,U95193,STEPHENSON PARK HEALTH GROUP,,,,,,17671
202603,QHM,99C00,NORTH TYNESIDE NORTH WEST PCN,U95193,SWARLAND AVENUE SURGERY,,,,,,6694
202603,QHM,99C00,NORTH TYNESIDE NORTH WEST PCN,U95193,WELLSPRING MEDICAL PRACT.,,,,,,6569
202603,QHM,99C00,NORTH TYNESIDE NORTH WEST PCN,U95193,WEST FARM SURGERY,,,,,,5958
202603,QHM,99C00,NORTH TYNESIDE NORTH WEST PCN,U95193,WIDEOPEN MEDICAL CENTRE,,,,,,7372
202603,QHM,99C00,NORTHUMBRIA PCN,U09980,NPC NORTH TYNESIDE - SPRING TERRACE,,,,,,21425
202603,QHM,99C00,WALLSEND PCN,U10386,BEWICKE MEDICAL CENTRE,,,,,,9318
202603,QHM,99C00,WALLSEND PCN,U10386,HADRIAN HEALTH CENTRE,,,,,,21271
202603,QHM,99C00,WALLSEND PCN,U10386,THE VILLAGE GREEN SURGERY,,,,,,12897
202603,QHM,99C00,WHITLEY BAY PCN,U02739,BEAUMONT PARK SURGERY,,,,,,6204
202603,QHM,99C00,WHITLEY BAY PCN,U02739,BRIDGE AND MONKSEATON MEDICAL PRACTICE,,,,,,13311
202603,QHM,99C00,WHITLEY BAY PCN,U02739,MARINE AVENUE MEDICAL CTR,,,,,,9257
202603,QHM,99C00,WHITLEY BAY PCN,U02739,NORTHUMBERLAND PARK MEDICAL GROUP,,,,,,9643
202603,QHM,99C00,WHITLEY BAY PCN,U02739,WHITLEY BAY HEALTH CENTRE,,,,,,13745
202604,QHM,00L00,BLYTH PCN,U25489,MARINE MEDICAL GROUP,,,,,,14143
202604,QHM,00L00,BLYTH PCN,U25489,RAILWAY MEDICAL GROUP,,,,,,26861
202604,QHM,00L00,CRAMLINGTON SEATON VALLEY PCN,U24977,FORUM FAMILY PRACTICE,,,,,,9390
202604,QHM,00L00,CRAMLINGTON SEATON VALLEY PCN,U24977,NETHERFIELD HOUSE,,,,,,5999
202604,QHM,00L00,CRAMLINGTON SEATON VALLEY PCN,U24977,VILLAGE MEDICAL GROUP,,,,,,11979
202604,QHM,00L00,DUMMY,-,RIVERSDALE SURGERY,,,,,,5968
202604,QHM,00L00,DUMMY,-,THE ADDERLANE SURGERY,,,,,,2222
202604,QHM,00L00,NORTHUMBRIA PCN,U09980,NPC AMBLE & BROOMHILL,,,,,,12402
202604,QHM,00L00,NORTHUMBRIA PCN,U09980,NPC CENTRAL NORTHUMBERLAND,,,,,,49211
202604,QHM,00L00,NORTHUMBRIA PCN,U09980,NPC CRAMLINGTON,,,,,,5547
202604,QHM,00L00,NORTHUMBRIA PCN,U09980,NPC ELSDON AVENUE,,,,,,4386
202604,QHM,00L00,NORTHUMBRIA PCN,U09980,NPC FELTON & WIDDRINGTON,,,,,,4780
202604,QHM,00L00,NORTHUMBRIA PCN,U09980,NPC HAYDON BRIDGE & ALLENDALE,,,,,,5242
202604,QHM,00L00,NORTHUMBRIA PCN,U09980,NPC PONTELAND,,,,,,10929
202604,QHM,00L00,NORTHUMBRIA PCN,U09980,NPC ROTHBURY,,,,,,6315
202604,QHM,00L00,WANSBECK PCN,U11112,BEDLINGTONSHIRE MED.GROUP,,,,,,12925
202604,QHM,00L00,WANSBECK PCN,U11112,GUIDEPOST MEDICAL GROUP,,,,,,8128
202604,QHM,00L00,WANSBECK PCN,U11112,SEATON PARK MEDICAL GROUP,,,,,,20088
202604,QHM,00L00,WANSBECK PCN,U11112,THE GABLES MEDICAL GROUP,,,,,,6299
202604,QHM,00L00,WELL UP NORTH PCN,U25545,ALNWICK MEDICAL GROUP,,,,,,18907
202604,QHM,00L00,WELL UP NORTH PCN,U25545,BELFORD MEDICAL PRACTICE,,,,,,4520
202604,QHM,00L00,WELL UP NORTH PCN,U25545,GAS HOUSE LANE SURGERY,Chloral hydrate (0401010B0),1,244.2624,15,15,7291
202604,QHM,00L00,WELL UP NORTH PCN,U25545,GREYSTOKE SURGERY,,,,,,11191
202604,QHM,00L00,WELL UP NORTH PCN,U25545,UNION BRAE & NORHAM PRAC,,,,,,7050
202604,QHM,00L00,WELL UP NORTH PCN,U25545,WELL CLOSE MEDICAL GROUP,,,,,,9207
202604,QHM,00L00,WELL UP NORTH PCN,U25545,WOOLER HEALTH,,,,,,4942
202604,QHM,00L00,WEST NORTHUMBERLAND PCN,U05512,BELLINGHAM PRACTICE,,,,,,3433
202604,QHM,00L00,WEST NORTHUMBERLAND PCN,U05512,BRANCH END SURGERY,,,,,,5434
202604,QHM,00L00,WEST NORTHUMBERLAND PCN,U05512,BURN BRAE MEDICAL GROUP,,,,,,10389
202604,QHM,00L00,WEST NORTHUMBERLAND PCN,U05512,CORBRIDGE HEALTH CENTRE,,,,,,7341
202604,QHM,00L00,WEST NORTHUMBERLAND PCN,U05512,HALTWHISTLE MEDICAL GROUP,,,,,,5615
202604,QHM,00L00,WEST NORTHUMBERLAND PCN,U05512,HUMSHAUGH & WARK MED GRP,,,,,,3311
202604,QHM,00L00,WEST NORTHUMBERLAND PCN,U05512,PRUDHOE MEDICAL GROUP,,,,,,6762
202604,QHM,00L00,WEST NORTHUMBERLAND PCN,U05512,SCOTS GAP MEDICAL GROUP,,,,,,2188
202604,QHM,00L00,WEST NORTHUMBERLAND PCN,U05512,THE SELE MEDICAL PRACTICE,,,,,,5919
202604,QHM,00L00,WEST NORTHUMBERLAND PCN,U05512,WHITE MEDICAL GROUP,,,,,,8705
202604,QHM,00N00,SOUTH TYNESIDE EAST PCN,U20256,FARNHAM MEDICAL CTR.,,,,,,16507
202604,QHM,00N00,SOUTH TYNESIDE EAST PCN,U20256,ST GEORGE & RIVERSIDE MEDICAL PRACTICE,,,,,,7346
202604,QHM,00N00,SOUTH TYNESIDE EAST PCN,U20256,TALBOT MEDICAL CENTRE,,,,,,7707
202604,QHM,00N00,SOUTH TYNESIDE EAST PCN,U20256,TRINITY MEDICAL CENTRE,,,,,,6280
202604,QHM,00N00,SOUTH TYNESIDE EAST PCN,U20256,WENLOCK ROAD SURGERY,,,,,,4439
202604,QHM,00N00,SOUTH TYNESIDE EAST PCN,U20256,WEST VIEW SURGERY,,,,,,2797
202604,QHM,00N00,SOUTH TYNESIDE SOUTH PCN,U89118,CENTRAL SURGERY,,,,,,19384
202604,QHM,00N00,SOUTH TYNESIDE SOUTH PCN,U89118,COLLIERY COURT MEDICAL GROUP,,,,,,8372
202604,QHM,00N00,SOUTH TYNESIDE SOUTH PCN,U89118,DR THORNILEY-WALKER & PARTNERS,,,,,,5848
202604,QHM,00N00,SOUTH TYNESIDE SOUTH PCN,U89118,IMEARY MEDICAL GROUP,,,,,,4474
202604,QHM,00N00,SOUTH TYNESIDE SOUTH PCN,U89118,MARSDEN MEDICAL GROUP,Chloral hydrate (0401010B0),2,488.5248,30,30,22610
202604,QHM,00N00,SOUTH TYNESIDE SOUTH PCN,U89118,WHITBURN SURGERY,,,,,,5275
202604,QHM,00N00,SOUTH TYNESIDE WEST PCN,U37826,ALBERT ROAD SURGERY,,,,,,3666
202604,QHM,00N00,SOUTH TYNESIDE WEST PCN,U37826,EAST WING PRACTICE,,,,,,4144
202604,QHM,00N00,SOUTH TYNESIDE WEST PCN,U37826,ELLISON VIEW SURGERY,,,,,,6037
202604,QHM,00N00,SOUTH TYNESIDE WEST PCN,U37826,MAYFIELD MEDICAL GROUP,,,,,,8972
202604,QHM,00N00,SOUTH TYNESIDE WEST PCN,U37826,RAVENSWORTH SURGERY,,,,,,6016
202604,QHM,00N00,SOUTH TYNESIDE WEST PCN,U37826,THE G.P.SUITE,,,,,,4263
202604,QHM,00N00,SOUTH TYNESIDE WEST PCN,U37826,THE GLEN MEDICAL GROUP,,,,,,11155
202604,QHM,00N00,SOUTH TYNESIDE WEST PCN,U37826,VICTORIA MEDICAL CENTRE,,,,,,3650
202604,QHM,00P00,COALFIELDS PCN,U69720,GRANGEWOOD SURGERY,,,,,,7548
202604,QHM,00P00,COALFIELDS PCN,U69720,HERRINGTON MEDICAL CENTRE,,,,,,9920
202604,QHM,00P00,COALFIELDS PCN,U69720,HETTON GROUP PRACTICE,,,,,,11900
202604,QHM,00P00,COALFIELDS PCN,U69720,"HOUGHTON MEDICAL GROUP,",,,,,,8386
202604,QHM,00P00,COALFIELDS PCN,U69720,KEPIER MEDICAL PRACTICE,,,,,,8530
202604,QHM,00P00,COALFIELDS PCN,U69720,WESTBOURNE MEDICAL GROUP,,,,,,6597
202604,QHM,00P00,DUMMY,-,PALLION PRIMARY CARE SERVICES,,,,,,39
202604,QHM,00P00,SUNDERLAND CENTRAL PCN,U05458,HAPPY HOUSE SURGERY,,,,,,8077
202604,QHM,00P00,SUNDERLAND CENTRAL PCN,U05458,NEW SILKSWORTH MEDICAL PRACTICE,,,,,,9201
202604,QHM,00P00,SUNDERLAND CENTRAL PCN,U05458,SPRINGWELL MEDICAL GROUP,,,,,,6329
202604,QHM,00P00,SUNDERLAND CENTRAL PCN,U05458,SUNDERLAND GP ALLIANCE SOUTH HYLTON SURG,,,,,,4535
202604,QHM,00P00,SUNDERLAND CENTRAL PCN,U05458,VILLAGE SURGERY PARTNERSHIP,,,,,,4873
202604,QHM,00P00,SUNDERLAND EAST PCN,U52297,ASHBURN MEDICAL CENTRE,,,,,,5141
202604,QHM,00P00,SUNDERLAND EAST PCN,U52297,DEERNESS PARK MEDICAL GROUP,,,,,,13605
202604,QHM,00P00,SUNDERLAND EAST PCN,U52297,PARK LANE PRACTICE,,,,,,4099
202604,QHM,00P00,SUNDERLAND EAST PCN,U52297,RIVERVIEW SURGERY,,,,,,6769
202604,QHM,00P00,SUNDERLAND EAST PCN,U52297,SOUTHLANDS MEDICAL GROUP,,,,,,10931
202604,QHM,00P00,SUNDERLAND EAST PCN,U52297,THE NEW CITY MEDICAL GROUP,,,,,,5546
202604,QHM,00P00,SUNDERLAND EAST PCN,U52297,VILLETTE SURGERY,,,,,,5857
202604,QHM,00P00,SUNDERLAND NORTH PCN,U43314,BRIDGE VIEW MEDICAL GROUP,,,,,,14646
202604,QHM,00P00,SUNDERLAND NORTH PCN,U43314,CASTLETOWN MEDICAL CENTRE,,,,,,2337
202604,QHM,00P00,SUNDERLAND NORTH PCN,U43314,"FULWELL MEDICAL CENTRE,",,,,,,9162
202604,QHM,00P00,SUNDERLAND NORTH PCN,U43314,MONKWEARMOUTH HEALTH CENTRE,,,,,,4460
202604,QHM,00P00,SUNDERLAND NORTH PCN,U43314,RED HOUSE MEDICAL CENTRE,,,,,,5426
202604,QHM,00P00,SUNDERLAND NORTH PCN,U43314,ST BEDE MEDICAL CENTRE,,,,,,9268
202604,QHM,00P00,SUNDERLAND WEST 1 PCN,U14646,CHESTER SURGERY,,,,,,3107
202604,QHM,00P00,SUNDERLAND WEST 1 PCN,U14646,FORGE MEDICAL PRACTICE,,,,,,8462
202604,QHM,00P00,SUNDERLAND WEST 1 PCN,U14646,HYLTON MEDICAL GROUP,,,,,,7480
202604,QHM,00P00,SUNDERLAND WEST 1 PCN,U14646,MILLFIELD MEDICAL GROUP,,,,,,14205
202604,QHM,00P00,SUNDERLAND WEST 1 PCN,U14646,PALLION FAMILY PRACTICE,,,,,,10047
202604,QHM,00P00,SUNDERLAND WEST 1 PCN,U14646,THE BROADWAY MEDICAL PRACTICE,,,,,,8038
202604,QHM,00P00,SUNDERLAND WEST 1 PCN,U14646,WEARSIDE MEDICAL PRACTICE - PALLION,,,,,,7876
202604,QHM,00P00,WASHINGTON PCN,U61868,CONCORD MEDICAL PRACTICE,,,,,,5228
202604,QHM,00P00,WASHINGTON PCN,U61868,GALLERIES MEDICAL PRACTICE,,,,,,11718
202604,QHM,00P00,WASHINGTON PCN,U61868,I J HEALTHCARE,,,,,,3541
202604,QHM,00P00,WASHINGTON PCN,U61868,NEW WASHINGTON MEDICAL GROUP,,,,,,7130
202604,QHM,00P00,WASHINGTON PCN,U61868,RICKLETON MEDICAL CENTRE,,,,,,2983
202604,QHM,00P00,WASHINGTON PCN,U61868,SUNDERLAND GP ALLIANCE MEDICAL PRACTICE,,,,,,9841
202604,QHM,00P00,WASHINGTON PCN,U61868,THE STEPHENSON MEDICAL PRACTICE,,,,,,12111
202604,QHM,01H00,CARLISLE HEALTHCARE PCN,U92223,BRAMPTON MEDICAL PRACTICE,,,,,,16727
202604,QHM,01H00,CARLISLE HEALTHCARE PCN,U92223,CARLISLE HEALTHCARE,,,,,,40999
202604,QHM,01H00,CARLISLE HEALTHCARE PCN,U92223,LONGTOWN MEDICAL CENTRE,,,,,,3846
202604,QHM,01H00,CARLISLE HEALTHCARE PCN,U92223,SPENCER ST SURGERY,,,,,,13740
202604,QHM,01H00,CARLISLE PCN,U66688,CARLISLE CENTRAL PRACTICE,,,,,,13217
202604,QHM,01H00,CARLISLE PCN,U66688,EDEN MEDICAL GROUP,,,,,,15055
202604,QHM,01H00,CARLISLE PCN,U66688,WARWICK SQUARE GROUP PRACTICE,,,,,,7922
202604,QHM,01H00,COCKERMOUTH & MARYPORT PCN,U76572,CASTLEGATE AND DERWENT SURGERY,,,,,,17743
202604,QHM,01H00,COCKERMOUTH & MARYPORT PCN,U76572,MARYPORT HEALTH SERVICES,,,,,,13906
202604,QHM,01H00,COPELAND HAVEN PCN,U94879,DISTINGTON SURGERY,,,,,,6608
202604,QHM,01H00,COPELAND HAVEN PCN,U94879,MANSION HOUSE SURGERY,,,,,,7675
202604,QHM,01H00,COPELAND HAVEN PCN,U94879,WESTCROFT HOUSE SURGERY,,,,,,6375
202604,QHM,01H00,COPELAND PCN,U48302,FELLVIEW HEALTHCARE,,,,,,22951
202604,QHM,01H00,COPELAND PCN,U48302,LOWTHER MEDICAL CENTRE,,,,,,13730
202604,QHM,01H00,COPELAND PCN,U48302,SEASCALE HEALTH CENTRE,,,,,,5935
202604,QHM,01H00,EDEN (CUMBRIA) PCN,U08085,ALSTON MEDICAL PRACTICE,,,,,,2206
202604,QHM,01H00,EDEN (CUMBRIA) PCN,U08085,APPLEBY MEDICAL PRACTICE,,,,,,5140
202604,QHM,01H00,EDEN (CUMBRIA) PCN,U08085,BIRBECK MEDICAL GROUP,,,,,,14299
202604,QHM,01H00,EDEN (CUMBRIA) PCN,U08085,COURT THORN SURGERY,,,,,,3763
202604,QHM,01H00,EDEN (CUMBRIA) PCN,U08085,GLENRIDDING HEALTH CENTRE,,,,,,1022
202604,QHM,01H00,EDEN (CUMBRIA) PCN,U08085,KIRKOSWALD SURGERY,,,,,,2813
202604,QHM,01H00,EDEN (CUMBRIA) PCN,U08085,SHAP MEDICAL PRACTICE,,,,,,3321
202604,QHM,01H00,EDEN (CUMBRIA) PCN,U08085,TEMPLE SOWERBY MEDICAL PRACTICE,,,,,,4603
202604,QHM,01H00,EDEN (CUMBRIA) PCN,U08085,THE LAKES MEDICAL PRACTICE,,,,,,11697
202604,QHM,01H00,EDEN (CUMBRIA) PCN,U08085,UPPER EDEN MEDICAL PRACTICE,,,,,,6430
202604,QHM,01H00,KESWICK & SOLWAY PCN,U25680,ASPATRIA MEDICAL GROUP,,,,,,7393
202604,QHM,01H00,KESWICK & SOLWAY PCN,U25680,CALDBECK SURGERY,,,,,,4187
202604,QHM,01H00,KESWICK & SOLWAY PCN,U25680,CASTLEHEAD MEDICAL CENTRE,,,,,,8360
202604,QHM,01H00,KESWICK & SOLWAY PCN,U25680,DALSTON MEDICAL GROUP,,,,,,5198
202604,QHM,01H00,KESWICK & SOLWAY PCN,U25680,SILLOTH GROUP MEDICAL PRACTICE,,,,,,4417
202604,QHM,01H00,KESWICK & SOLWAY PCN,U25680,THE CROFT SURGERY,,,,,,3535
202604,QHM,01H00,KESWICK & SOLWAY PCN,U25680,WIGTON GROUP MEDICAL PRACTICE,,,,,,9273
202604,QHM,01H00,WORKINGTON PCN,U67303,JAMES STREET GROUP PRACT,,,,,,33372
202604,QHM,13T00,BIRTLEY AND CENTRAL GATESHEAD PCN,U76028,BIRTLEY MEDICAL GROUP,,,,,,15232
202604,QHM,13T00,BIRTLEY AND CENTRAL GATESHEAD PCN,U76028,OXFORD TCE & RAWLING RD MEDICAL GROUP,,,,,,17866
202604,QHM,13T00,BIRTLEY AND CENTRAL GATESHEAD PCN,U76028,SECOND STREET SURGERY,,,,,,4231
202604,QHM,13T00,BIRTLEY AND CENTRAL GATESHEAD PCN,U76028,THE BRIDGES MEDICAL PRACTICE,,,,,,8374
202604,QHM,13T00,GATESHEAD CENTRAL SOUTH PCN,U91254,BEACON VIEW MEDICAL CENTRE,,,,,,5813
202604,QHM,13T00,GATESHEAD CENTRAL SOUTH PCN,U91254,BENSHAM FAMILY PRACTICE,,,,,,3685
202604,QHM,13T00,GATESHEAD CENTRAL SOUTH PCN,U91254,BEWICK ROAD SURGERY,,,,,,8697
202604,QHM,13T00,GATESHEAD CENTRAL SOUTH PCN,U91254,CENTRAL GATESHEAD MEDICAL GROUP,,,,,,10420
202604,QHM,13T00,GATESHEAD CENTRAL SOUTH PCN,U91254,FELL COTTAGE SURGERY,,,,,,8847
202604,QHM,13T00,GATESHEAD CENTRAL SOUTH PCN,U91254,FELL TOWER MEDICAL CENTRE,,,,,,7355
202604,QHM,13T00,GATESHEAD CENTRAL SOUTH PCN,U91254,MILLENNIUM FAMILY PRACTICE,,,,,,3698
202604,QHM,13T00,GATESHEAD CENTRAL SOUTH PCN,U91254,WREKENTON MEDICAL GROUP,,,,,,12306
202604,QHM,13T00,GATESHEAD EAST PCN,U13720,CROWHALL MEDICAL CENTRE,,,,,,6472
202604,QHM,13T00,GATESHEAD EAST PCN,U13720,LONGRIGG MEDICAL CENTRE,,,,,,9892
202604,QHM,13T00,GATESHEAD EAST PCN,U13720,PELAW MEDICAL PRACTICE,,,,,,5749
202604,QHM,13T00,GATESHEAD EAST PCN,U13720,ST. ALBANS MEDICAL GROUP,,,,,,7046
202604,QHM,13T00,GATESHEAD INNER WEST PCN,U33691,CHAINBRIDGE MEDICAL PARTNERSHIP,,,,,,11516
202604,QHM,13T00,GATESHEAD INNER WEST PCN,U33691,GLENPARK & TEAMS MEDICAL SERVICES,,,,,,14553
202604,QHM,13T00,GATESHEAD INNER WEST PCN,U33691,SUNNISIDE SURGERY,,,,,,3939
202604,QHM,13T00,GATESHEAD INNER WEST PCN,U33691,WHICKHAM COTTAGE MEDICAL CENTRE,,,,,,15612
202604,QHM,13T00,GATESHEAD OUTER WEST PCN,U41930,CHOPWELL PRIMARY HEALTHCARE CENTRE,,,,,,2561
202604,QHM,13T00,GATESHEAD OUTER WEST PCN,U41930,CRAWCROOK MEDICAL CENTRE,,,,,,19964
202604,QHM,13T00,GATESHEAD OUTER WEST PCN,U41930,HOLLYHURST MEDICAL CENTRE,,,,,,5114
202604,QHM,13T00,GATESHEAD OUTER WEST PCN,U41930,OLDWELL SURGERY,,,,,,4727
202604,QHM,13T00,JESMOND - LOWER GOSFORTH PCN,U34146,JESMOND HEALTH PARTNERSHIP,,,,,,27291
202604,QHM,13T00,JESMOND - LOWER GOSFORTH PCN,U34146,ROSEWORTH SURGERY,,,,,,5740
202604,QHM,13T00,JESMOND - LOWER GOSFORTH PCN,U34146,THE GROVE MEDICAL GROUP,,,,,,13044
202604,QHM,13T00,NEWCASTLE CENTRAL HEALTH PCN,U43524,SAVILLE MEDICAL GROUP,,,,,,41833
202604,QHM,13T00,NEWCASTLE EAST PCN,U17849,BENFIELD PARK MEDICAL GROUP,,,,,,10344
202604,QHM,13T00,NEWCASTLE EAST PCN,U17849,BIDDLESTONE HEALTH GROUP,,,,,,10726
202604,QHM,13T00,NEWCASTLE EAST PCN,U17849,HEATON ROAD SURGERY,,,,,,6926
202604,QHM,13T00,NEWCASTLE EAST PCN,U17849,NEWCASTLE MEDICAL CENTRE,,,,,,21458
202604,QHM,13T00,NEWCASTLE EAST PCN,U17849,ST.ANTHONY'S HEALTH CENTRE,,,,,,6590
202604,QHM,13T00,NEWCASTLE EAST PCN,U17849,THORNFIELD MEDICAL GROUP,,,,,,20123
202604,QHM,13T00,NEWCASTLE EAST PCN,U17849,WALKER MEDICAL GROUP,,,,,,10739
202604,QHM,13T00,NEWCASTLE INNER WEST PCN,U45898,BETTS AVENUE MEDICAL GROUP,,,,,,10461
202604,QHM,13T00,NEWCASTLE INNER WEST PCN,U45898,DILSTON MEDICAL CENTRE,,,,,,9656
202604,QHM,13T00,NEWCASTLE INNER WEST PCN,U45898,ELSWICK FAMILY PRACTICE,,,,,,8513
202604,QHM,13T00,NEWCASTLE INNER WEST PCN,U45898,FENHAM HALL SURGERY,,,,,,10873
202604,QHM,13T00,NEWCASTLE INNER WEST PCN,U45898,PROSPECT MEDICAL CENTRE,,,,,,13891
202604,QHM,13T00,NEWCASTLE OUTER WEST PCN,U87170,DENTON PARK MEDICAL GROUP,,,,,,7558
202604,QHM,13T00,NEWCASTLE OUTER WEST PCN,U87170,DENTON TURRET MEDICAL CENTRE,,,,,,8986
202604,QHM,13T00,NEWCASTLE OUTER WEST PCN,U87170,NEWBURN SURGERY,,,,,,6307
202604,QHM,13T00,NEWCASTLE OUTER WEST PCN,U87170,PARKWAY MEDICAL GROUP,,,,,,8508
202604,QHM,13T00,NEWCASTLE OUTER WEST PCN,U87170,THROCKLEY PRIMARY CARE CENTRE,,,,,,7789
202604,QHM,13T00,NEWCASTLE OUTER WEST PCN,U87170,WESTERHOPE MEDICAL GROUP,,,,,,13646
202604,QHM,13T00,NORTH GOSFORTH PCN,U70624,BRUNTON PARK,Chloral hydrate (0401010B0),1,488.5124,30,30,8041
202604,QHM,13T00,NORTH GOSFORTH PCN,U70624,PARK MEDICAL GROUP,,,,,,13108
202604,QHM,13T00,NORTH GOSFORTH PCN,U70624,REGENT MEDICAL CENTRE,,,,,,8050
202604,QHM,13T00,WEST END FAMILY HEALTH PCN,U44695,CRUDDAS PARK SURGERY,,,,,,11838
202604,QHM,13T00,WEST END FAMILY HEALTH PCN,U44695,HOLMSIDE MEDICAL GROUP,,,,,,9977
202604,QHM,13T00,WEST END FAMILY HEALTH PCN,U44695,WEST ROAD MEDICAL CENTRE,,,,,,12374
202604,QHM,16C00,BILLINGHAM & NORTON PCN,U94460,DR RASOOL,,,,,,2283
202604,QHM,16C00,BILLINGHAM & NORTON PCN,U94460,KINGSWAY MEDICAL CENTRE,,,,,,10095
202604,QHM,16C00,BILLINGHAM & NORTON PCN,U94460,MARSH HOUSE MEDICAL PRACTICE,,,,,,8507
202604,QHM,16C00,BILLINGHAM & NORTON PCN,U94460,MELROSE SURGERY,,,,,,2435
202604,QHM,16C00,BILLINGHAM & NORTON PCN,U94460,NORTON MEDICAL CENTRE,,,,,,15926
202604,QHM,16C00,BILLINGHAM & NORTON PCN,U94460,QUEENSTREE PRACTICE,,,,,,4097
202604,QHM,16C00,BILLINGHAM & NORTON PCN,U94460,THE ROSEBERRY PRACTICE,,,,,,7678
202604,QHM,16C00,BYTES PCN,U63844,EAGLESCLIFFE MEDICAL PRACTICE,,,,,,13239
202604,QHM,16C00,BYTES PCN,U63844,PARK LANE SURGERY,,,,,,5582
202604,QHM,16C00,BYTES PCN,U63844,THORNABY & BARWICK MEDICAL GROUP,,,,,,20838
202604,QHM,16C00,BYTES PCN,U63844,YARM MEDICAL PRACTICE,,,,,,14222
202604,QHM,16C00,CENTRAL MIDDLESBROUGH PCN,U55830,MARTONSIDE MEDICAL CENTRE,,,,,,7842
202604,QHM,16C00,CENTRAL MIDDLESBROUGH PCN,U55830,PARK SURGERY,,,,,,12712
202604,QHM,16C00,CENTRAL MIDDLESBROUGH PCN,U55830,PROSPECT SURGERY,,,,,,6754
202604,QHM,16C00,CENTRAL MIDDLESBROUGH PCN,U55830,THE DISCOVERY PRACTICE,,,,,,7719
202604,QHM,16C00,CENTRAL MIDDLESBROUGH PCN,U55830,THE ENDEAVOUR PRACTICE,,,,,,7869
202604,QHM,16C00,CENTRAL MIDDLESBROUGH PCN,U55830,THE ERIMUS PRACTICE,,,,,,5956
202604,QHM,16C00,CENTRAL MIDDLESBROUGH PCN,U55830,THORNTREE SURGERY,,,,,,2875
202604,QHM,16C00,DARLINGTON PCN,U45102,BLACKETTS MEDICAL PRACTICE,,,,,,11639
202604,QHM,16C00,DARLINGTON PCN,U45102,CARMEL MEDICAL PRACTICE,,,,,,11859
202604,QHM,16C00,DARLINGTON PCN,U45102,CLIFTON COURT MEDICAL PRACTICE,,,,,,12231
202604,QHM,16C00,DARLINGTON PCN,U45102,DENMARK STREET SURGERY,,,,,,14735
202604,QHM,16C00,DARLINGTON PCN,U45102,MIDDLETON AND DINSDALE MEDICAL PRACTICE,,,,,,5935
202604,QHM,16C00,DARLINGTON PCN,U45102,MOORLANDS SURGERY,,,,,,13172
202604,QHM,16C00,DARLINGTON PCN,U45102,NEASHAM ROAD SURGERY,,,,,,13302
202604,QHM,16C00,DARLINGTON PCN,U45102,ORCHARD COURT SURGERY,,,,,,8707
202604,QHM,16C00,DARLINGTON PCN,U45102,PARKGATE SURGERY,,,,,,4814
202604,QHM,16C00,DARLINGTON PCN,U45102,ROCKLIFFE COURT SURGERY,,,,,,6292
202604,QHM,16C00,DARLINGTON PCN,U45102,WHINFIELD MEDICAL PRACTICE,,,,,,12234
202604,QHM,16C00,DUMMY,-,THE RIDGEWAY HEALTH CENTRE,,,,,,2
202604,QHM,16C00,EAST CLEVELAND PCN,U07842,BROTTON SURGERY,,,,,,7856
202604,QHM,16C00,EAST CLEVELAND PCN,U07842,HILLSIDE PRACTICE,,,,,,9337
202604,QHM,16C00,EAST CLEVELAND PCN,U07842,SPRINGWOOD SURGERY,,,,,,7558
202604,QHM,16C00,EAST CLEVELAND PCN,U07842,THE GARTH,,,,,,11690
202604,QHM,16C00,EAST CLEVELAND PCN,U07842,WOODSIDE SURGERY,,,,,,5777
202604,QHM,16C00,ESTON PCN,U85257,CAMBRIDGE MEDICAL GROUP,,,,,,7247
202604,QHM,16C00,ESTON PCN,U85257,NORMANBY MEDICAL CENTRE,Chloral hydrate (0401010B0),1,651.4424,40,40,26459
202604,QHM,16C00,ESTON PCN,U85257,SOUTH GRANGE MEDICAL GROUP PRACTICE,,,,,,15849
202604,QHM,16C00,GREATER MIDDLESBROUGH PCN,U02671,ACKLAM MEDICAL CENTRE,Chloral hydrate (0401010B0),2,1465.5248,90,90,11476
202604,QHM,16C00,GREATER MIDDLESBROUGH PCN,U02671,COULBY MEDICAL PRACTICE,,,,,,9201
202604,QHM,16C00,GREATER MIDDLESBROUGH PCN,U02671,CROSSFELL HEALTH CENTRE,,,,,,8852
202604,QHM,16C00,GREATER MIDDLESBROUGH PCN,U02671,HIRSEL MEDICAL CENTRE,,,,,,3676
202604,QHM,16C00,GREATER MIDDLESBROUGH PCN,U02671,KINGS MEDICAL CENTRE,,,,,,6316
202604,QHM,16C00,GREATER MIDDLESBROUGH PCN,U02671,NEWLANDS MEDICAL CENTRE,,,,,,9398
202604,QHM,16C00,GREATER MIDDLESBROUGH PCN,U02671,PARKWAY MEDICAL CENTRE,,,,,,9799
202604,QHM,16C00,GREATER MIDDLESBROUGH PCN,U02671,WESTBOURNE MEDICAL CENTRE,,,,,,5639
202604,QHM,16C00,HARTLEPOOL HEALTH PCN,U40502,MCKENZIE GROUP PRACTICE,Chloral hydrate (0401010B0),2,1221.2748,75,75,6175
202604,QHM,16C00,HARTLEPOOL HEALTH PCN,U40502,MCKENZIE HOUSE SURGERY,Chloral hydrate (0401010B0),1,732.7624,45,45,19484
202604,QHM,16C00,HARTLEPOOL HEALTH PCN,U40502,THE HEADLAND MEDICAL CENTRE,,,,,,5328
202604,QHM,16C00,HARTLEPOOL PCN,U70212,GLADSTONE HOUSE SURGERY,,,,,,5616
202604,QHM,16C00,HARTLEPOOL PCN,U70212,HART MEDICAL PRACTICE,,,,,,9384
202604,QHM,16C00,HARTLEPOOL PCN,U70212,THE PATEL PRACTICE,,,,,,4145
202604,QHM,16C00,HARTLEPOOL PCN,U70212,WEST QUAY MEDICAL PRACTICE,,,,,,6236
202604,QHM,16C00,HARTLEPOOL PCN,U70212,WEST VIEW MILLENIUM SURGERY A,,,,,,7473
202604,QHM,16C00,HOLGATE PCN,U85008,BOROUGH ROAD & NUNTHORPE MEDICAL GROUP,,,,,,17181
202604,QHM,16C00,HOLGATE PCN,U85008,LINTHORPE SURGERY,,,,,,20427
202604,QHM,16C00,HOLGATE PCN,U85008,VILLAGE MEDICAL CENTRE,,,,,,7878
202604,QHM,16C00,NORTH STOCKTON PCN,U07032,ALMA MEDICAL CENTRE,Chloral hydrate (0401010B0),2,1465.5248,90,90,10478
202604,QHM,16C00,NORTH STOCKTON PCN,U07032,QUEENS PARK MEDICAL CENTRE,,,,,,18636
202604,QHM,16C00,NORTH STOCKTON PCN,U07032,TENNANT STREET MEDICAL PRACTICE,,,,,,14581
202604,QHM,16C00,ONE LIFE HARTLEPOOL PCN,U27349,BANKHOUSE SURGERY,,,,,,10439
202604,QHM,16C00,ONE LIFE HARTLEPOOL PCN,U27349,CHADWICK PRACTICE,,,,,,12022
202604,QHM,16C00,ONE LIFE HARTLEPOOL PCN,U27349,HAVELOCK GRANGE PRACTICE,,,,,,13524
202604,QHM,16C00,REDCAR COASTAL PCN,U23714,BENTLEY MEDICAL PRACTICE,Chloral hydrate (0401010B0),1,488.5124,30,30,10052
202604,QHM,16C00,REDCAR COASTAL PCN,U23714,HUNTCLIFF SURGERY,Chloral hydrate (0401010B0),2,570.0448,35,35,9881
202604,QHM,16C00,REDCAR COASTAL PCN,U23714,THE COATHAM ROAD SURGERY,Chloral hydrate (0401010B0),1,488.5124,30,30,6244
202604,QHM,16C00,REDCAR COASTAL PCN,U23714,THE GREEN HOUSE SURGERY,,,,,,10222
202604,QHM,16C00,REDCAR COASTAL PCN,U23714,THE RAVENSCAR SURGERY,Chloral hydrate (0401010B0),1,325.7824,20,20,3462
202604,QHM,16C00,REDCAR COASTAL PCN,U23714,THE SALTSCAR SURGERY,,,,,,8423
202604,QHM,16C00,REDCAR COASTAL PCN,U23714,ZETLAND MEDICAL PRACTICE,,,,,,7165
202604,QHM,16C00,STOCKTON PCN,U89141,ELM TREE SURGERY,,,,,,18619
202604,QHM,16C00,STOCKTON PCN,U89141,RIVERSIDE MEDICAL PRACTICE,,,,,,10957
202604,QHM,16C00,STOCKTON PCN,U89141,THE DENSHAM SURGERY,,,,,,3756
202604,QHM,16C00,STOCKTON PCN,U89141,THE DOVECOT SURGERY,,,,,,4066
202604,QHM,16C00,STOCKTON PCN,U89141,WOODBRIDGE PRACTICE,,,,,,18204
202604,QHM,16C00,STOCKTON PCN,U89141,WOODLANDS FAMILY MEDICAL CENTRE,,,,,,12131
202604,QHM,84H00,BISHOP AUCKLAND PCN,U85067,AUCKLAND MEDICAL GROUP,,,,,,16101
202604,QHM,84H00,BISHOP AUCKLAND PCN,U85067,BISHOPGATE MEDICAL CENTRE,,,,,,13627
202604,QHM,84H00,BISHOP AUCKLAND PCN,U85067,STATION VIEW MEDICAL CENTRE,,,,,,9690
202604,QHM,84H00,CHESTER LE STREET PCN,U77096,BRIDGE END SURGERY,,,,,,7526
202604,QHM,84H00,CHESTER LE STREET PCN,U77096,CESTRIA HEALTH CENTRE,,,,,,12570
202604,QHM,84H00,CHESTER LE STREET PCN,U77096,GREAT LUMLEY SURGERY,,,,,,5282
202604,QHM,84H00,CHESTER LE STREET PCN,U77096,MIDDLE CHARE MEDICAL GROUP,,,,,,9269
202604,QHM,84H00,CHESTER LE STREET PCN,U77096,PELTON & FELLROSE MEDICAL GROUP,,,,,,10335
202604,QHM,84H00,CHESTER LE STREET PCN,U77096,SACRISTON MEDICAL CENTRE,,,,,,10656
202604,QHM,84H00,CHESTER LE STREET PCN,U77096,VILLAGES MEDICAL GROUP,,,,,,4090
202604,QHM,84H00,CLAYPATH & UNIVERSITY MEDICAL GROUP PCN,U38486,CLAYPATH & UNIVERSITY MEDICAL GROUP,,,,,,33281
202604,QHM,84H00,DERWENTSIDE PCN,U70497,ANNFIELD PLAIN SURGERY,,,,,,3596
202604,QHM,84H00,DERWENTSIDE PCN,U70497,BROWNEY HOUSE SURGERY,,,,,,2716
202604,QHM,84H00,DERWENTSIDE PCN,U70497,CEDARS MEDICAL GROUP,,,,,,6266
202604,QHM,84H00,DERWENTSIDE PCN,U70497,CONSETT MEDICAL CENTRE,Chloral hydrate (0401010B0),2,488.5248,30,30,16472
202604,QHM,84H00,DERWENTSIDE PCN,U70497,DRS LAMBERT & NG,,,,,,5259
202604,QHM,84H00,DERWENTSIDE PCN,U70497,LANCHESTER MEDICAL CENTRE,,,,,,4035
202604,QHM,84H00,DERWENTSIDE PCN,U70497,LEADGATE SURGERY,,,,,,5730
202604,QHM,84H00,DERWENTSIDE PCN,U70497,OAKFIELDS HEALTH GROUP,,,,,,7611
202604,QHM,84H00,DERWENTSIDE PCN,U70497,QUEENS ROAD SURGERY,,,,,,16763
202604,QHM,84H00,DERWENTSIDE PCN,U70497,STANLEY MEDICAL GROUP,,,,,,12585
202604,QHM,84H00,DERWENTSIDE PCN,U70497,TANFIELD VIEW MEDICAL GROUP,Chloral hydrate (0401010B0),1,488.5124,30,30,10806
202604,QHM,84H00,DERWENTSIDE PCN,U70497,THE HAVEN SURGERY,,,,,,1777
202604,QHM,84H00,DURHAM COAST PCN,U26864,BEVAN MEDICAL GROUP,,,,,,8777
202604,QHM,84H00,DURHAM COAST PCN,U26864,EAST DURHAM MEDICAL GROUP,,,,,,18087
202604,QHM,84H00,DURHAM COAST PCN,U26864,SOUTHDENE MEDICAL CENTRE,,,,,,3417
202604,QHM,84H00,DURHAM COAST PCN,U26864,WINGATE MEDICAL PRACTICE INTRAHEALTH,,,,,,3564
202604,QHM,84H00,DURHAM EAST PCN,U53962,BELMONT & SHERBURN MEDICAL GROUP,Chloral hydrate (0401010B0),1,244.2624,15,15,6378
202604,QHM,84H00,DURHAM EAST PCN,U53962,BOWBURN MEDICAL CENTRE,,,,,,4634
202604,QHM,84H00,DURHAM EAST PCN,U53962,CHEVELEY PARK MEDICAL CTR,,,,,,5118
202604,QHM,84H00,DURHAM EAST PCN,U53962,COXHOE MEDICAL PRACTICE,,,,,,7652
202604,QHM,84H00,DURHAM EAST PCN,U53962,WEST RAINTON SURGERY,,,,,,5520
202604,QHM,84H00,DURHAM WEST PCN,U01989,CHASTLETON MEDICAL GROUP,,,,,,10166
202604,QHM,84H00,DURHAM WEST PCN,U01989,DUNELM MEDICAL PRACTICE,,,,,,14312
202604,QHM,84H00,DURHAM WEST PCN,U01989,THE MEDICAL GROUP,,,,,,26603
202604,QHM,84H00,EASINGTON CENTRAL PCN,U14615,BLACKHALL AND PETERLEE PRACTICE,,,,,,10263
202604,QHM,84H00,EASINGTON CENTRAL PCN,U14615,THE HORDEN GROUP PRACTICE,,,,,,8374
202604,QHM,84H00,EASINGTON CENTRAL PCN,U14615,WILLIAM BROWN CENTRE,Chloral hydrate (0401010B0),1,244.2624,15,15,15503
202604,QHM,84H00,NORTH EASINGTON PCN,U81825,BYRON MEDICAL PRACTICE,,,,,,8301
202604,QHM,84H00,NORTH EASINGTON PCN,U81825,MARLBOROUGH SURGERY,,,,,,11547
202604,QHM,84H00,NORTH EASINGTON PCN,U81825,MURTON MEDICAL CENTRE,,,,,,7344
202604,QHM,84H00,NORTH EASINGTON PCN,U81825,SILVERDALE FAMILY PRACTICE,,,,,,6605
202604,QHM,84H00,NORTH EASINGTON PCN,U81825,THE NEW SEAHAM MEDICAL GROUP,,,,,,4659
202604,QHM,84H00,SEDGEFIELD 1 PCN,U37593,BEWICK CRESCENT SURGERY,,,,,,12886
202604,QHM,84H00,SEDGEFIELD 1 PCN,U37593,HALLGARTH SURGERY,,,,,,5368
202604,QHM,84H00,SEDGEFIELD 1 PCN,U37593,JUBILEE MEDICAL GROUP,,,,,,13091
202604,QHM,84H00,SEDGEFIELD 1 PCN,U37593,PEASE WAY MEDICAL CENTRE,,,,,,11815
202604,QHM,84H00,SEDGEFIELD NORTH PCN,U12365,BISHOPS CLOSE MEDICAL PRACTICE,,,,,,8577
202604,QHM,84H00,SEDGEFIELD NORTH PCN,U12365,FERRYHILL AND CHILTON MEDICAL PRACTICE,,,,,,14869
202604,QHM,84H00,SEDGEFIELD NORTH PCN,U12365,SKERNE MEDICAL GROUP,Chloral hydrate (0401010B0),1,977.0124,60,60,17121
202604,QHM,84H00,SEDGEFIELD NORTH PCN,U12365,ST ANDREW'S MEDICAL PRACTICE,,,,,,15982
202604,QHM,84H00,SEDGEFIELD NORTH PCN,U12365,WEST CORNFORTH MEDICAL CENTRE,,,,,,2833
202604,QHM,84H00,TEESDALE PCN,U31619,BARNARD CASTLE SURGERY,,,,,,11040
202604,QHM,84H00,TEESDALE PCN,U31619,EVENWOOD MEDICAL PRACTICE,,,,,,2321
202604,QHM,84H00,TEESDALE PCN,U31619,GAINFORD SURGERY,,,,,,3731
202604,QHM,84H00,TEESDALE PCN,U31619,OLD FORGE SURGERY,,,,,,2715
202604,QHM,84H00,TEESDALE PCN,U31619,PINFOLD MEDICAL PRACTICE,,,,,,2855
202604,QHM,84H00,TEESDALE PCN,U31619,WOODVIEW MEDICAL PRACTICE,,,,,,2638
202604,QHM,84H00,WEAR VALLEY PCN,U96202,NORTH HOUSE SURGERY,,,,,,13537
202604,QHM,84H00,WEAR VALLEY PCN,U96202,THE WEARDALE PRACTICE,,,,,,7145
202604,QHM,84H00,WEAR VALLEY PCN,U96202,WILLINGTON MEDICAL GROUP,,,,,,9162
202604,QHM,99C00,CRAMLINGTON SEATON VALLEY PCN,U24977,WOODLANDS PARK HEALTH CTR,,,,,,6930
202604,QHM,99C00,NORTH SHIELDS PCN,U91110,COLLINGWOOD HEALTH GROUP,,,,,,24393
202604,QHM,99C00,NORTH SHIELDS PCN,U91110,PRIORY MEDICAL GROUP,,,,,,15451
202604,QHM,99C00,NORTH SHIELDS PCN,U91110,REDBURN PARK MEDICAL CENTRE,,,,,,6308
202604,QHM,99C00,NORTH TYNESIDE NORTH WEST PCN,U95193,LANE END SURGERY,,,,,,9381
202604,QHM,99C00,NORTH TYNESIDE NORTH WEST PCN,U95193,MALLARD MEDICAL PRACTICE,,,,,,5606
202604,QHM,99C00,NORTH TYNESIDE NORTH WEST PCN,U95193,STEPHENSON PARK HEALTH GROUP,,,,,,17681
202604,QHM,99C00,NORTH TYNESIDE NORTH WEST PCN,U95193,SWARLAND AVENUE SURGERY,,,,,,6706
202604,QHM,99C00,NORTH TYNESIDE NORTH WEST PCN,U95193,WELLSPRING MEDICAL PRACT.,,,,,,6573
202604,QHM,99C00,NORTH TYNESIDE NORTH WEST PCN,U95193,WEST FARM SURGERY,,,,,,5896
202604,QHM,99C00,NORTH TYNESIDE NORTH WEST PCN,U95193,WIDEOPEN MEDICAL CENTRE,,,,,,7343
202604,QHM,99C00,NORTHUMBRIA PCN,U09980,NPC NORTH TYNESIDE - SPRING TERRACE,,,,,,21432
202604,QHM,99C00,WALLSEND PCN,U10386,BEWICKE MEDICAL CENTRE,,,,,,9313
202604,QHM,99C00,WALLSEND PCN,U10386,HADRIAN HEALTH CENTRE,,,,,,21244
202604,QHM,99C00,WALLSEND PCN,U10386,THE VILLAGE GREEN SURGERY,,,,,,12880
202604,QHM,99C00,WHITLEY BAY PCN,U02739,BEAUMONT PARK SURGERY,,,,,,6182
202604,QHM,99C00,WHITLEY BAY PCN,U02739,BRIDGE AND MONKSEATON MEDICAL PRACTICE,,,,,,13316
202604,QHM,99C00,WHITLEY BAY PCN,U02739,MARINE AVENUE MEDICAL CTR,,,,,,9297
202604,QHM,99C00,WHITLEY BAY PCN,U02739,NORTHUMBERLAND PARK MEDICAL GROUP,,,,,,9633
202604,QHM,99C00,WHITLEY BAY PCN,U02739,WHITLEY BAY HEALTH CENTRE,,,,,,13674