Year Month,Country,BNF Section plus Code,BNF Chemical Substance plus Code,Items,Actual Cost,ADQ Usage,DDD Usage,List Size
202408,ENGLAND,Enteral nutrition (0914),"Tube feed 0.8 kcal/ml with fibre, higher protein (0914011) (0914011A0)",528,215351.011133656,,,63531644
202408,ENGLAND,Enteral nutrition (0914),Tube feed 1 kcal/ml (0914011)  (0914011B0),374,118182.9976,,,63531644
202408,ENGLAND,Enteral nutrition (0914),Tube feed 1 kcal/ml with fibre (0914011) (0914011C0),536,211720.0064,,,63531644
202408,ENGLAND,Enteral nutrition (0914),"Tube feed 1 kcal/ml with fibre, higher protein (0914011) (0914011D0)",1222,525012.616630064,,,63531644
202408,ENGLAND,Enteral nutrition (0914),Tube feed 1.2 kcal/ml higher protein (0914011)  (0914011E0),164,66354.3436,,,63531644
202408,ENGLAND,Enteral nutrition (0914),"Tube feed 1.2 kcal/ml with fibre, higher protein (0914011) (0914011F0)",1136,579889.6664,,,63531644
202408,ENGLAND,Enteral nutrition (0914),"Tube feed 1.3kcal/ml with fibre, higher protein (0914011) (0914011G0)",596,250229.8804,,,63531644
202408,ENGLAND,Enteral nutrition (0914),Tube feed 1.5 kcal/ml (0914011) (0914011H0),1904,776156.302562892,,,63531644
202408,ENGLAND,Enteral nutrition (0914),Tube feed 1.5 kcal/ml higher protein (0914011) (0914011I0),296,108494.396696257,,,63531644
202408,ENGLAND,Enteral nutrition (0914),Tube feed 1.5 kcal/ml with fibre (0914011) (0914011J0),4237,1836320.22039628,,,63531644
202408,ENGLAND,Enteral nutrition (0914),"Tube feed 1.5 kcal/ml with fibre, higher protein (0914011) (0914011K0)",75,26948.9288397368,,,63531644
202408,ENGLAND,Enteral nutrition (0914),Tube feed 2 kcal/ml higher protein (0914011) (0914011M0),89,35992.9318425636,,,63531644
202408,ENGLAND,Enteral nutrition (0914),Tube feed 2 kcal/ml with fibre (0914011) (0914011N0),1189,696250.614123574,,,63531644
202408,ENGLAND,Enteral nutrition (0914),"Tube feed 2kcal/ml with fibre, higher protein (0914011)  (0914011P0)",79,37543.2426567002,,,63531644
202408,ENGLAND,Enteral nutrition (0914),Tube feed 1.3kcal/ml higher protein (0914011) (0914011Q0),265,95111.626,,,63531644
202408,ENGLAND,Enteral nutrition (0914),Tube feed 0.75 kcal/ml with fibre (0914021) (0914021A0),278,128281.5872,,,63531644
202408,ENGLAND,Enteral nutrition (0914),Tube feed 1 kcal/ml (0914021) (0914021B0),394,157597.135508948,,,63531644
202408,ENGLAND,Enteral nutrition (0914),Tube feed 1 kcal/ml with fibre (0914021) (0914021C0),696,328078.9404,,,63531644
202408,ENGLAND,Enteral nutrition (0914),Tube feed 1.2 kcal/ml with fibre (0914021) (0914021D0),1305,483465.861933682,,,63531644
202408,ENGLAND,Enteral nutrition (0914),Tube feed 1.5 kcal/ml (0914021) (0914021E0),570,258815.058,,,63531644
202408,ENGLAND,Enteral nutrition (0914),Tube feed 1.5 kcal/ml with fibre (0914021) (0914021F0),1260,652887.284,,,63531644
202408,ENGLAND,Enteral nutrition (0914),Tube feed 1 kcal/ml peptide based (0914032) (0914032A0),442,261004.8108,,,63531644
202408,ENGLAND,Enteral nutrition (0914),Tube feed 1.3 kcal/ml peptide based (0914032) (0914032B0),628,310235.879531022,,,63531644
202408,ENGLAND,Enteral nutrition (0914),Tube feed 1.5 kcal/ml peptide based (0914032) (0914032C0),1614,886833.72651673,,,63531644
202408,ENGLAND,Enteral nutrition (0914),Tube feed 1 kcal/ml soya based (0914033) (0914033A0),230,116928.172,,,63531644
202408,ENGLAND,Enteral nutrition (0914),Tube feed 1 kcal/ml soya based with fibre (0914033) (0914033B0),77,51099.2248,,,63531644
202408,ENGLAND,Enteral nutrition (0914),"Tube feed 1.5kcal/ml peptide  based, higher protein(0914034) (0914034A0)",128,59778.934876856,,,63531644
202408,ENGLAND,Enteral nutrition (0914),Tube feed 1.8 kcal/ml (0914035) (0914035A0),33,14389.1592,,,63531644
202408,ENGLAND,Enteral nutrition (0914),Tube feed 0.6 kcal/ml peptide based (0914041) (0914041A0),78,39576.3293236598,,,63531644
202408,ENGLAND,Enteral nutrition (0914),Tube feed 1 kcal/ml peptide based (0914041) (0914041B0),833,599296.048779498,,,63531644
202408,ENGLAND,Enteral nutrition (0914),Tube feed 1.5 kcal/ml peptide based (0914041) (0914041C0),1186,689610.1964,,,63531644
202408,ENGLAND,Enteral nutrition (0914),Tube feed 1.2 kcal/ml peptide based (0914041D0),62,23898.8482798995,,,63531644
202408,ENGLAND,Enteral nutrition (0914),Tube feed additive 1 kcal/ml higher protein liquid (0914051) (0914051A0),2315,178214.911836948,,,63531644
202408,ENGLAND,Enteral nutrition (0914),Tube feed additive 2kcal/ml h/prot plant based liq (0914051) (0914051B0),180,19900.1908004847,,,63531644
202408,ENGLAND,Enteral nutrition (0914),Tube feed additive 0.5 kcal/ml high fibre liquid (0914052) (0914052A0),2285,102027.511905458,,,63531644
202408,ENGLAND,Enteral nutrition (0914),Tube feed non ACBS 1kcal/ml higher protein (0914061) (0914061A0),43,12919.4532,,,63531644
202408,ENGLAND,Enteral nutrition (0914),Tube feed non ACBS 2kcal/ml higher protein(0914061) (0914061C0),777,446393.0448,,,63531644
202408,ENGLAND,Enteral nutrition (0914),Tube feed non ACBS 1.3kcal/ml h/prot for use in IC (0914071) (0914071A0),7,2604.92753452438,,,63531644
202408,ENGLAND,Enteral nutrition (0914),Tube feed non ACBS 1.5kcal/ml for use in diabetes (0914071) (0914071C0),29,14603.7439697595,,,63531644
202408,ENGLAND,Enteral nutrition (0914),Tube feed non ACBS 1kcal/ml for low sodium needs (0914071) (0914071D0),14,16307.2136,,,63531644
202409,ENGLAND,Enteral nutrition (0914),"Tube feed 0.8 kcal/ml with fibre, higher protein (0914011) (0914011A0)",543,212840.9532,,,63623320
202409,ENGLAND,Enteral nutrition (0914),Tube feed 1 kcal/ml (0914011)  (0914011B0),384,118198.156564383,,,63623320
202409,ENGLAND,Enteral nutrition (0914),Tube feed 1 kcal/ml with fibre (0914011) (0914011C0),468,185172.1532,,,63623320
202409,ENGLAND,Enteral nutrition (0914),"Tube feed 1 kcal/ml with fibre, higher protein (0914011) (0914011D0)",1016,446117.148930608,,,63623320
202409,ENGLAND,Enteral nutrition (0914),Tube feed 1.2 kcal/ml higher protein (0914011)  (0914011E0),151,59494.2424,,,63623320
202409,ENGLAND,Enteral nutrition (0914),"Tube feed 1.2 kcal/ml with fibre, higher protein (0914011) (0914011F0)",1056,543881.3644,,,63623320
202409,ENGLAND,Enteral nutrition (0914),"Tube feed 1.3kcal/ml with fibre, higher protein (0914011) (0914011G0)",514,224114.3836,,,63623320
202409,ENGLAND,Enteral nutrition (0914),Tube feed 1.5 kcal/ml (0914011) (0914011H0),1672,696532.179115899,,,63623320
202409,ENGLAND,Enteral nutrition (0914),Tube feed 1.5 kcal/ml higher protein (0914011) (0914011I0),278,99961.9520738185,,,63623320
202409,ENGLAND,Enteral nutrition (0914),Tube feed 1.5 kcal/ml with fibre (0914011) (0914011J0),3314,1479828.43058985,,,63623320
202409,ENGLAND,Enteral nutrition (0914),"Tube feed 1.5 kcal/ml with fibre, higher protein (0914011) (0914011K0)",70,23872.8652487042,,,63623320
202409,ENGLAND,Enteral nutrition (0914),Tube feed 2 kcal/ml higher protein (0914011) (0914011M0),80,32733.6044506693,,,63623320
202409,ENGLAND,Enteral nutrition (0914),Tube feed 2 kcal/ml with fibre (0914011) (0914011N0),1112,660869.523206701,,,63623320
202409,ENGLAND,Enteral nutrition (0914),"Tube feed 2kcal/ml with fibre, higher protein (0914011)  (0914011P0)",74,34743.0418759692,,,63623320
202409,ENGLAND,Enteral nutrition (0914),Tube feed 1.3kcal/ml higher protein (0914011) (0914011Q0),202,72364.9348,,,63623320
202409,ENGLAND,Enteral nutrition (0914),Tube feed 0.75 kcal/ml with fibre (0914021) (0914021A0),256,108604.9544,,,63623320
202409,ENGLAND,Enteral nutrition (0914),Tube feed 1 kcal/ml (0914021) (0914021B0),366,141773.143696834,,,63623320
202409,ENGLAND,Enteral nutrition (0914),Tube feed 1 kcal/ml with fibre (0914021) (0914021C0),584,287944.0116,,,63623320
202409,ENGLAND,Enteral nutrition (0914),Tube feed 1.2 kcal/ml with fibre (0914021) (0914021D0),1182,430444.222077601,,,63623320
202409,ENGLAND,Enteral nutrition (0914),Tube feed 1.5 kcal/ml (0914021) (0914021E0),452,203069.912193265,,,63623320
202409,ENGLAND,Enteral nutrition (0914),Tube feed 1.5 kcal/ml with fibre (0914021) (0914021F0),1114,586772.4136,,,63623320
202409,ENGLAND,Enteral nutrition (0914),Tube feed 1 kcal/ml peptide based (0914032) (0914032A0),437,254744.5388,,,63623320
202409,ENGLAND,Enteral nutrition (0914),Tube feed 1.3 kcal/ml peptide based (0914032) (0914032B0),589,304197.103630963,,,63623320
202409,ENGLAND,Enteral nutrition (0914),Tube feed 1.5 kcal/ml peptide based (0914032) (0914032C0),1417,808942.132253717,,,63623320
202409,ENGLAND,Enteral nutrition (0914),Tube feed 1 kcal/ml soya based (0914033) (0914033A0),216,107269.9284,,,63623320
202409,ENGLAND,Enteral nutrition (0914),Tube feed 1 kcal/ml soya based with fibre (0914033) (0914033B0),75,50493.53,,,63623320
202409,ENGLAND,Enteral nutrition (0914),"Tube feed 1.5kcal/ml peptide  based, higher protein(0914034) (0914034A0)",111,54263.2915124141,,,63623320
202409,ENGLAND,Enteral nutrition (0914),Tube feed 1.8 kcal/ml (0914035) (0914035A0),24,10429.0476,,,63623320
202409,ENGLAND,Enteral nutrition (0914),Tube feed 0.6 kcal/ml peptide based (0914041) (0914041A0),76,41063.8135962834,,,63623320
202409,ENGLAND,Enteral nutrition (0914),Tube feed 1 kcal/ml peptide based (0914041) (0914041B0),744,524175.150252906,,,63623320
202409,ENGLAND,Enteral nutrition (0914),Tube feed 1.5 kcal/ml peptide based (0914041) (0914041C0),1060,635660.014,,,63623320
202409,ENGLAND,Enteral nutrition (0914),Tube feed 1.2 kcal/ml peptide based (0914041D0),52,18743.2947121814,,,63623320
202409,ENGLAND,Enteral nutrition (0914),Tube feed additive 1 kcal/ml higher protein liquid (0914051) (0914051A0),2155,158283.737350708,,,63623320
202409,ENGLAND,Enteral nutrition (0914),Tube feed additive 2kcal/ml h/prot plant based liq (0914051) (0914051B0),184,20232.9234336539,,,63623320
202409,ENGLAND,Enteral nutrition (0914),Tube feed additive 0.5 kcal/ml high fibre liquid (0914052) (0914052A0),2203,101975.215741228,,,63623320
202409,ENGLAND,Enteral nutrition (0914),Tube feed non ACBS 1kcal/ml higher protein (0914061) (0914061A0),37,10824.4188,,,63623320
202409,ENGLAND,Enteral nutrition (0914),Tube feed non ACBS 2kcal/ml higher protein(0914061) (0914061C0),694,402201.810348936,,,63623320
202409,ENGLAND,Enteral nutrition (0914),Tube feed non ACBS 1.3kcal/ml h/prot for use in IC (0914071) (0914071A0),6,2878.04014986383,,,63623320
202409,ENGLAND,Enteral nutrition (0914),Tube feed non ACBS 1.5kcal/ml for use in diabetes (0914071) (0914071C0),32,15385.7217124522,,,63623320
202409,ENGLAND,Enteral nutrition (0914),Tube feed non ACBS 1kcal/ml for low sodium needs (0914071) (0914071D0),15,12563.786,,,63623320
202410,ENGLAND,Enteral nutrition (0914),"Tube feed 0.8 kcal/ml with fibre, higher protein (0914011) (0914011A0)",513,209488.8612,,,63722003
202410,ENGLAND,Enteral nutrition (0914),Tube feed 1 kcal/ml (0914011)  (0914011B0),358,117095.4592,,,63722003
202410,ENGLAND,Enteral nutrition (0914),Tube feed 1 kcal/ml with fibre (0914011) (0914011C0),518,213485.1632,,,63722003
202410,ENGLAND,Enteral nutrition (0914),"Tube feed 1 kcal/ml with fibre, higher protein (0914011) (0914011D0)",1082,485947.627845195,,,63722003
202410,ENGLAND,Enteral nutrition (0914),Tube feed 1.2 kcal/ml higher protein (0914011)  (0914011E0),154,62844.2196,,,63722003
202410,ENGLAND,Enteral nutrition (0914),"Tube feed 1.2 kcal/ml with fibre, higher protein (0914011) (0914011F0)",1099,561098.192838993,,,63722003
202410,ENGLAND,Enteral nutrition (0914),"Tube feed 1.3kcal/ml with fibre, higher protein (0914011) (0914011G0)",516,224679.5884,,,63722003
202410,ENGLAND,Enteral nutrition (0914),Tube feed 1.5 kcal/ml (0914011) (0914011H0),1719,716509.69735807,,,63722003
202410,ENGLAND,Enteral nutrition (0914),Tube feed 1.5 kcal/ml higher protein (0914011) (0914011I0),319,118513.032185265,,,63722003
202410,ENGLAND,Enteral nutrition (0914),Tube feed 1.5 kcal/ml with fibre (0914011) (0914011J0),3921,1693098.40557153,,,63722003
202410,ENGLAND,Enteral nutrition (0914),"Tube feed 1.5 kcal/ml with fibre, higher protein (0914011) (0914011K0)",79,27827.8931815416,,,63722003
202410,ENGLAND,Enteral nutrition (0914),Tube feed 2 kcal/ml higher protein (0914011) (0914011M0),107,40037.1000386353,,,63722003
202410,ENGLAND,Enteral nutrition (0914),Tube feed 2 kcal/ml with fibre (0914011) (0914011N0),1134,670199.115232145,,,63722003
202410,ENGLAND,Enteral nutrition (0914),"Tube feed 2kcal/ml with fibre, higher protein (0914011)  (0914011P0)",70,33359.6659392505,,,63722003
202410,ENGLAND,Enteral nutrition (0914),Tube feed 1.3kcal/ml higher protein (0914011) (0914011Q0),239,89991.2636,,,63722003
202410,ENGLAND,Enteral nutrition (0914),Tube feed 0.75 kcal/ml with fibre (0914021) (0914021A0),283,126298.8992,,,63722003
202410,ENGLAND,Enteral nutrition (0914),Tube feed 1 kcal/ml (0914021) (0914021B0),405,158820.690274877,,,63722003
202410,ENGLAND,Enteral nutrition (0914),Tube feed 1 kcal/ml with fibre (0914021) (0914021C0),708,336753.5192,,,63722003
202410,ENGLAND,Enteral nutrition (0914),Tube feed 1.2 kcal/ml with fibre (0914021) (0914021D0),1378,501392.224360573,,,63722003
202410,ENGLAND,Enteral nutrition (0914),Tube feed 1.5 kcal/ml (0914021) (0914021E0),536,252785.8664,,,63722003
202410,ENGLAND,Enteral nutrition (0914),Tube feed 1.5 kcal/ml with fibre (0914021) (0914021F0),1288,679345.0112,,,63722003
202410,ENGLAND,Enteral nutrition (0914),Tube feed 1 kcal/ml peptide based (0914032) (0914032A0),437,256809.0788,,,63722003
202410,ENGLAND,Enteral nutrition (0914),Tube feed 1.3 kcal/ml peptide based (0914032) (0914032B0),649,334368.1076,,,63722003
202410,ENGLAND,Enteral nutrition (0914),Tube feed 1.5 kcal/ml peptide based (0914032) (0914032C0),1411,825338.443060361,,,63722003
202410,ENGLAND,Enteral nutrition (0914),Tube feed 1 kcal/ml soya based (0914033) (0914033A0),230,114389.112,,,63722003
202410,ENGLAND,Enteral nutrition (0914),Tube feed 1 kcal/ml soya based with fibre (0914033) (0914033B0),70,47865.878,,,63722003
202410,ENGLAND,Enteral nutrition (0914),"Tube feed 1.5kcal/ml peptide  based, higher protein(0914034) (0914034A0)",134,68856.116217742,,,63722003
202410,ENGLAND,Enteral nutrition (0914),Tube feed 1.8 kcal/ml (0914035) (0914035A0),19,9236.4856,,,63722003
202410,ENGLAND,Enteral nutrition (0914),Tube feed 0.6 kcal/ml peptide based (0914041) (0914041A0),75,37273.8,,,63722003
202410,ENGLAND,Enteral nutrition (0914),Tube feed 1 kcal/ml peptide based (0914041) (0914041B0),774,551564.061714501,,,63722003
202410,ENGLAND,Enteral nutrition (0914),Tube feed 1.5 kcal/ml peptide based (0914041) (0914041C0),1175,702347.934760437,,,63722003
202410,ENGLAND,Enteral nutrition (0914),Tube feed 1.2 kcal/ml peptide based (0914041D0),79,29894.5796,,,63722003
202410,ENGLAND,Enteral nutrition (0914),Tube feed additive 1 kcal/ml higher protein liquid (0914051) (0914051A0),2231,163000.264323702,,,63722003
202410,ENGLAND,Enteral nutrition (0914),Tube feed additive 2kcal/ml h/prot plant based liq (0914051) (0914051B0),160,16790.0493130823,,,63722003
202410,ENGLAND,Enteral nutrition (0914),Tube feed additive 0.5 kcal/ml high fibre liquid (0914052) (0914052A0),2353,110687.79828704,,,63722003
202410,ENGLAND,Enteral nutrition (0914),Tube feed non ACBS 1kcal/ml higher protein (0914061) (0914061A0),42,12961.5808,,,63722003
202410,ENGLAND,Enteral nutrition (0914),Tube feed non ACBS 2kcal/ml higher protein(0914061) (0914061C0),706,410293.6844,,,63722003
202410,ENGLAND,Enteral nutrition (0914),Tube feed non ACBS 1.3kcal/ml h/prot for use in IC (0914071) (0914071A0),10,4104.38485585587,,,63722003
202410,ENGLAND,Enteral nutrition (0914),Tube feed non ACBS 1.5kcal/ml for use in diabetes (0914071) (0914071C0),13,5616.97900237111,,,63722003
202410,ENGLAND,Enteral nutrition (0914),Tube feed non ACBS 1kcal/ml for low sodium needs (0914071) (0914071D0),14,11743.2936,,,63722003
202411,ENGLAND,Enteral nutrition (0914),"Tube feed 0.8 kcal/ml with fibre, higher protein (0914011) (0914011A0)",515,210121.286,,,63766922
202411,ENGLAND,Enteral nutrition (0914),Tube feed 1 kcal/ml (0914011)  (0914011B0),299,96507.4876,,,63766922
202411,ENGLAND,Enteral nutrition (0914),Tube feed 1 kcal/ml with fibre (0914011) (0914011C0),466,186143.1684,,,63766922
202411,ENGLAND,Enteral nutrition (0914),"Tube feed 1 kcal/ml with fibre, higher protein (0914011) (0914011D0)",967,435957.4908,,,63766922
202411,ENGLAND,Enteral nutrition (0914),Tube feed 1.2 kcal/ml higher protein (0914011)  (0914011E0),136,54547.2464,,,63766922
202411,ENGLAND,Enteral nutrition (0914),"Tube feed 1.2 kcal/ml with fibre, higher protein (0914011) (0914011F0)",995,508819.858,,,63766922
202411,ENGLAND,Enteral nutrition (0914),"Tube feed 1.3kcal/ml with fibre, higher protein (0914011) (0914011G0)",535,236736.82162218,,,63766922
202411,ENGLAND,Enteral nutrition (0914),Tube feed 1.5 kcal/ml (0914011) (0914011H0),1717,703716.348368031,,,63766922
202411,ENGLAND,Enteral nutrition (0914),Tube feed 1.5 kcal/ml higher protein (0914011) (0914011I0),286,101130.160164628,,,63766922
202411,ENGLAND,Enteral nutrition (0914),Tube feed 1.5 kcal/ml with fibre (0914011) (0914011J0),3472,1542972.53925159,,,63766922
202411,ENGLAND,Enteral nutrition (0914),"Tube feed 1.5 kcal/ml with fibre, higher protein (0914011) (0914011K0)",78,29172.9944203562,,,63766922
202411,ENGLAND,Enteral nutrition (0914),Tube feed 2 kcal/ml higher protein (0914011) (0914011M0),106,42378.7885431135,,,63766922
202411,ENGLAND,Enteral nutrition (0914),Tube feed 2 kcal/ml with fibre (0914011) (0914011N0),1236,714195.174560593,,,63766922
202411,ENGLAND,Enteral nutrition (0914),"Tube feed 2kcal/ml with fibre, higher protein (0914011)  (0914011P0)",64,30933.9897700501,,,63766922
202411,ENGLAND,Enteral nutrition (0914),Tube feed 1.3kcal/ml higher protein (0914011) (0914011Q0),217,77168.7208,,,63766922
202411,ENGLAND,Enteral nutrition (0914),Tube feed 0.75 kcal/ml with fibre (0914021) (0914021A0),256,109781.2844,,,63766922
202411,ENGLAND,Enteral nutrition (0914),Tube feed 1 kcal/ml (0914021) (0914021B0),359,142661.181951781,,,63766922
202411,ENGLAND,Enteral nutrition (0914),Tube feed 1 kcal/ml with fibre (0914021) (0914021C0),681,318546.701927914,,,63766922
202411,ENGLAND,Enteral nutrition (0914),Tube feed 1.2 kcal/ml with fibre (0914021) (0914021D0),1330,489975.241224892,,,63766922
202411,ENGLAND,Enteral nutrition (0914),Tube feed 1.5 kcal/ml (0914021) (0914021E0),463,213261.702929159,,,63766922
202411,ENGLAND,Enteral nutrition (0914),Tube feed 1.5 kcal/ml with fibre (0914021) (0914021F0),1159,612605.5016,,,63766922
202411,ENGLAND,Enteral nutrition (0914),Tube feed 1 kcal/ml peptide based (0914032) (0914032A0),383,228430.669189414,,,63766922
202411,ENGLAND,Enteral nutrition (0914),Tube feed 1.3 kcal/ml peptide based (0914032) (0914032B0),602,310739.047576703,,,63766922
202411,ENGLAND,Enteral nutrition (0914),Tube feed 1.5 kcal/ml peptide based (0914032) (0914032C0),1360,793058.317428261,,,63766922
202411,ENGLAND,Enteral nutrition (0914),Tube feed 1 kcal/ml soya based (0914033) (0914033A0),207,96390.4268,,,63766922
202411,ENGLAND,Enteral nutrition (0914),Tube feed 1 kcal/ml soya based with fibre (0914033) (0914033B0),61,38933.6364,,,63766922
202411,ENGLAND,Enteral nutrition (0914),"Tube feed 1.5kcal/ml peptide  based, higher protein(0914034) (0914034A0)",129,67203.3517348675,,,63766922
202411,ENGLAND,Enteral nutrition (0914),Tube feed 1.8 kcal/ml (0914035) (0914035A0),21,8685.2604,,,63766922
202411,ENGLAND,Enteral nutrition (0914),Tube feed 0.6 kcal/ml peptide based (0914041) (0914041A0),69,34418.6256,,,63766922
202411,ENGLAND,Enteral nutrition (0914),Tube feed 1 kcal/ml peptide based (0914041) (0914041B0),693,503438.755344462,,,63766922
202411,ENGLAND,Enteral nutrition (0914),Tube feed 1.5 kcal/ml peptide based (0914041) (0914041C0),1006,603885.103348636,,,63766922
202411,ENGLAND,Enteral nutrition (0914),Tube feed 1.2 kcal/ml peptide based (0914041D0),68,26437.2432,,,63766922
202411,ENGLAND,Enteral nutrition (0914),Tube feed additive 1 kcal/ml higher protein liquid (0914051) (0914051A0),2145,160794.046373769,,,63766922
202411,ENGLAND,Enteral nutrition (0914),Tube feed additive 2kcal/ml h/prot plant based liq (0914051) (0914051B0),167,18073.8931584013,,,63766922
202411,ENGLAND,Enteral nutrition (0914),Tube feed additive 0.5 kcal/ml high fibre liquid (0914052) (0914052A0),2317,108698.088434098,,,63766922
202411,ENGLAND,Enteral nutrition (0914),Tube feed non ACBS 1kcal/ml higher protein (0914061) (0914061A0),43,12486.0132,,,63766922
202411,ENGLAND,Enteral nutrition (0914),Tube feed non ACBS 2kcal/ml higher protein(0914061) (0914061C0),630,376625.042,,,63766922
202411,ENGLAND,Enteral nutrition (0914),Tube feed non ACBS 1.3kcal/ml h/prot for use in IC (0914071) (0914071A0),9,3485.91098551793,,,63766922
202411,ENGLAND,Enteral nutrition (0914),Tube feed non ACBS 1.5kcal/ml for use in diabetes (0914071) (0914071C0),19,7959.7381074074,,,63766922
202411,ENGLAND,Enteral nutrition (0914),Tube feed non ACBS 1kcal/ml for low sodium needs (0914071) (0914071D0),13,12666.3212,,,63766922
202412,ENGLAND,Enteral nutrition (0914),"Tube feed 0.8 kcal/ml with fibre, higher protein (0914011) (0914011A0)",514,211465.1236,,,63778023
202412,ENGLAND,Enteral nutrition (0914),Tube feed 1 kcal/ml (0914011)  (0914011B0),318,104271.718122429,,,63778023
202412,ENGLAND,Enteral nutrition (0914),Tube feed 1 kcal/ml with fibre (0914011) (0914011C0),526,212626.6424,,,63778023
202412,ENGLAND,Enteral nutrition (0914),"Tube feed 1 kcal/ml with fibre, higher protein (0914011) (0914011D0)",1131,502856.4644,,,63778023
202412,ENGLAND,Enteral nutrition (0914),Tube feed 1.2 kcal/ml higher protein (0914011)  (0914011E0),139,55940.7636,,,63778023
202412,ENGLAND,Enteral nutrition (0914),"Tube feed 1.2 kcal/ml with fibre, higher protein (0914011) (0914011F0)",1055,543281.53071454,,,63778023
202412,ENGLAND,Enteral nutrition (0914),"Tube feed 1.3kcal/ml with fibre, higher protein (0914011) (0914011G0)",544,233272.466756119,,,63778023
202412,ENGLAND,Enteral nutrition (0914),Tube feed 1.5 kcal/ml (0914011) (0914011H0),1861,789965.32795363,,,63778023
202412,ENGLAND,Enteral nutrition (0914),Tube feed 1.5 kcal/ml higher protein (0914011) (0914011I0),315,110836.617929796,,,63778023
202412,ENGLAND,Enteral nutrition (0914),Tube feed 1.5 kcal/ml with fibre (0914011) (0914011J0),3556,1591584.49393934,,,63778023
202412,ENGLAND,Enteral nutrition (0914),"Tube feed 1.5 kcal/ml with fibre, higher protein (0914011) (0914011K0)",94,33934.6114807403,,,63778023
202412,ENGLAND,Enteral nutrition (0914),Tube feed 2 kcal/ml higher protein (0914011) (0914011M0),110,43023.3598125861,,,63778023
202412,ENGLAND,Enteral nutrition (0914),Tube feed 2 kcal/ml with fibre (0914011) (0914011N0),1123,660169.314630411,,,63778023
202412,ENGLAND,Enteral nutrition (0914),"Tube feed 2kcal/ml with fibre, higher protein (0914011)  (0914011P0)",98,46417.7991369683,,,63778023
202412,ENGLAND,Enteral nutrition (0914),Tube feed 1.3kcal/ml higher protein (0914011) (0914011Q0),230,83243.642,,,63778023
202412,ENGLAND,Enteral nutrition (0914),Tube feed 0.75 kcal/ml with fibre (0914021) (0914021A0),268,114845.5932,,,63778023
202412,ENGLAND,Enteral nutrition (0914),Tube feed 1 kcal/ml (0914021) (0914021B0),393,150680.37670838,,,63778023
202412,ENGLAND,Enteral nutrition (0914),Tube feed 1 kcal/ml with fibre (0914021) (0914021C0),710,352217.52095978,,,63778023
202412,ENGLAND,Enteral nutrition (0914),Tube feed 1.2 kcal/ml with fibre (0914021) (0914021D0),1363,508993.629053855,,,63778023
202412,ENGLAND,Enteral nutrition (0914),Tube feed 1.5 kcal/ml (0914021) (0914021E0),474,222004.3176,,,63778023
202412,ENGLAND,Enteral nutrition (0914),Tube feed 1.5 kcal/ml with fibre (0914021) (0914021F0),1192,635290.517969972,,,63778023
202412,ENGLAND,Enteral nutrition (0914),Tube feed 1 kcal/ml peptide based (0914032) (0914032A0),407,242793.4568,,,63778023
202412,ENGLAND,Enteral nutrition (0914),Tube feed 1.3 kcal/ml peptide based (0914032) (0914032B0),586,299614.2264,,,63778023
202412,ENGLAND,Enteral nutrition (0914),Tube feed 1.5 kcal/ml peptide based (0914032) (0914032C0),1419,826669.564991357,,,63778023
202412,ENGLAND,Enteral nutrition (0914),Tube feed 1 kcal/ml soya based (0914033) (0914033A0),214,102432.8336,,,63778023
202412,ENGLAND,Enteral nutrition (0914),Tube feed 1 kcal/ml soya based with fibre (0914033) (0914033B0),80,53502.822,,,63778023
202412,ENGLAND,Enteral nutrition (0914),"Tube feed 1.5kcal/ml peptide  based, higher protein(0914034) (0914034A0)",131,68758.9720286749,,,63778023
202412,ENGLAND,Enteral nutrition (0914),Tube feed 1.8 kcal/ml (0914035) (0914035A0),25,9855.31,,,63778023
202412,ENGLAND,Enteral nutrition (0914),Tube feed 0.6 kcal/ml peptide based (0914041) (0914041A0),71,35330.4404,,,63778023
202412,ENGLAND,Enteral nutrition (0914),Tube feed 1 kcal/ml peptide based (0914041) (0914041B0),670,493258.174229488,,,63778023
202412,ENGLAND,Enteral nutrition (0914),Tube feed 1.5 kcal/ml peptide based (0914041) (0914041C0),1129,686306.021121642,,,63778023
202412,ENGLAND,Enteral nutrition (0914),Tube feed 1.2 kcal/ml peptide based (0914041D0),63,24244.1812,,,63778023
202412,ENGLAND,Enteral nutrition (0914),Tube feed additive 1 kcal/ml higher protein liquid (0914051) (0914051A0),2293,169794.456529948,,,63778023
202412,ENGLAND,Enteral nutrition (0914),Tube feed additive 2kcal/ml h/prot plant based liq (0914051) (0914051B0),182,18930.2914044218,,,63778023
202412,ENGLAND,Enteral nutrition (0914),Tube feed additive 0.5 kcal/ml high fibre liquid (0914052) (0914052A0),2437,116200.377144642,,,63778023
202412,ENGLAND,Enteral nutrition (0914),Tube feed non ACBS 1kcal/ml higher protein (0914061) (0914061A0),40,12052.536,,,63778023
202412,ENGLAND,Enteral nutrition (0914),Tube feed non ACBS 2kcal/ml higher protein(0914061) (0914061C0),769,457541.0056,,,63778023
202412,ENGLAND,Enteral nutrition (0914),Tube feed non ACBS 1.3kcal/ml h/prot for use in IC (0914071) (0914071A0),10,4802.21865349682,,,63778023
202412,ENGLAND,Enteral nutrition (0914),Tube feed non ACBS 1.5kcal/ml for use in diabetes (0914071) (0914071C0),19,10827.4088889867,,,63778023
202412,ENGLAND,Enteral nutrition (0914),Tube feed non ACBS 1kcal/ml for low sodium needs (0914071) (0914071D0),10,12666.284,,,63778023
202501,ENGLAND,Enteral nutrition (0914),"Tube feed 0.8 kcal/ml with fibre, higher protein (0914011) (0914011A0)",483,203512.3092,,,63811119
202501,ENGLAND,Enteral nutrition (0914),Tube feed 1 kcal/ml (0914011)  (0914011B0),334,115295.5916,,,63811119
202501,ENGLAND,Enteral nutrition (0914),Tube feed 1 kcal/ml with fibre (0914011) (0914011C0),435,175849.11114622,,,63811119
202501,ENGLAND,Enteral nutrition (0914),"Tube feed 1 kcal/ml with fibre, higher protein (0914011) (0914011D0)",975,447006.572763339,,,63811119
202501,ENGLAND,Enteral nutrition (0914),Tube feed 1.2 kcal/ml higher protein (0914011)  (0914011E0),127,48643.0926221782,,,63811119
202501,ENGLAND,Enteral nutrition (0914),"Tube feed 1.2 kcal/ml with fibre, higher protein (0914011) (0914011F0)",1043,533354.531118264,,,63811119
202501,ENGLAND,Enteral nutrition (0914),"Tube feed 1.3kcal/ml with fibre, higher protein (0914011) (0914011G0)",441,191758.3584,,,63811119
202501,ENGLAND,Enteral nutrition (0914),Tube feed 1.5 kcal/ml (0914011) (0914011H0),1731,731368.973586233,,,63811119
202501,ENGLAND,Enteral nutrition (0914),Tube feed 1.5 kcal/ml higher protein (0914011) (0914011I0),298,109324.91605429,,,63811119
202501,ENGLAND,Enteral nutrition (0914),Tube feed 1.5 kcal/ml with fibre (0914011) (0914011J0),3406,1543186.33427245,,,63811119
202501,ENGLAND,Enteral nutrition (0914),"Tube feed 1.5 kcal/ml with fibre, higher protein (0914011) (0914011K0)",99,38757.295924303,,,63811119
202501,ENGLAND,Enteral nutrition (0914),Tube feed 2 kcal/ml higher protein (0914011) (0914011M0),103,40893.7982729065,,,63811119
202501,ENGLAND,Enteral nutrition (0914),Tube feed 2 kcal/ml with fibre (0914011) (0914011N0),1166,689051.4484,,,63811119
202501,ENGLAND,Enteral nutrition (0914),"Tube feed 2kcal/ml with fibre, higher protein (0914011)  (0914011P0)",94,41791.2582623944,,,63811119
202501,ENGLAND,Enteral nutrition (0914),Tube feed 1.3kcal/ml higher protein (0914011) (0914011Q0),269,100005.9056,,,63811119
202501,ENGLAND,Enteral nutrition (0914),Tube feed 0.75 kcal/ml with fibre (0914021) (0914021A0),278,117164.2572,,,63811119
202501,ENGLAND,Enteral nutrition (0914),Tube feed 1 kcal/ml (0914021) (0914021B0),338,149100.605247938,,,63811119
202501,ENGLAND,Enteral nutrition (0914),Tube feed 1 kcal/ml with fibre (0914021) (0914021C0),686,349204.6464,,,63811119
202501,ENGLAND,Enteral nutrition (0914),Tube feed 1.2 kcal/ml with fibre (0914021) (0914021D0),1365,506130.530251669,,,63811119
202501,ENGLAND,Enteral nutrition (0914),Tube feed 1.5 kcal/ml (0914021) (0914021E0),475,220762.740938996,,,63811119
202501,ENGLAND,Enteral nutrition (0914),Tube feed 1.5 kcal/ml with fibre (0914021) (0914021F0),1104,579463.6796,,,63811119
202501,ENGLAND,Enteral nutrition (0914),Tube feed 1 kcal/ml peptide based (0914032) (0914032A0),378,221475.0672,,,63811119
202501,ENGLAND,Enteral nutrition (0914),Tube feed 1.3 kcal/ml peptide based (0914032) (0914032B0),592,308857.6408,,,63811119
202501,ENGLAND,Enteral nutrition (0914),Tube feed 1.5 kcal/ml peptide based (0914032) (0914032C0),1467,857813.54209898,,,63811119
202501,ENGLAND,Enteral nutrition (0914),Tube feed 1 kcal/ml soya based (0914033) (0914033A0),218,106948.5532,,,63811119
202501,ENGLAND,Enteral nutrition (0914),Tube feed 1 kcal/ml soya based with fibre (0914033) (0914033B0),69,46348.6556,,,63811119
202501,ENGLAND,Enteral nutrition (0914),"Tube feed 1.5kcal/ml peptide  based, higher protein(0914034) (0914034A0)",117,60964.9694715178,,,63811119
202501,ENGLAND,Enteral nutrition (0914),Tube feed 1.8 kcal/ml (0914035) (0914035A0),21,8854.0104,,,63811119
202501,ENGLAND,Enteral nutrition (0914),Tube feed 0.6 kcal/ml peptide based (0914041) (0914041A0),88,44586.7012,,,63811119
202501,ENGLAND,Enteral nutrition (0914),Tube feed 1 kcal/ml peptide based (0914041) (0914041B0),708,523094.171498771,,,63811119
202501,ENGLAND,Enteral nutrition (0914),Tube feed 1.5 kcal/ml peptide based (0914041) (0914041C0),1097,658610.3728,,,63811119
202501,ENGLAND,Enteral nutrition (0914),Tube feed 1.2 kcal/ml peptide based (0914041D0),77,29172.1548,,,63811119
202501,ENGLAND,Enteral nutrition (0914),Tube feed additive 1 kcal/ml higher protein liquid (0914051) (0914051A0),2216,166151.376424235,,,63811119
202501,ENGLAND,Enteral nutrition (0914),Tube feed additive 2kcal/ml h/prot plant based liq (0914051) (0914051B0),194,20577.0348375083,,,63811119
202501,ENGLAND,Enteral nutrition (0914),Tube feed additive 0.5 kcal/ml high fibre liquid (0914052) (0914052A0),2397,113766.586223858,,,63811119
202501,ENGLAND,Enteral nutrition (0914),Tube feed non ACBS 1kcal/ml higher protein (0914061) (0914061A0),44,12931.5056,,,63811119
202501,ENGLAND,Enteral nutrition (0914),Tube feed non ACBS 2kcal/ml higher protein(0914061) (0914061C0),697,405445.9828,,,63811119
202501,ENGLAND,Enteral nutrition (0914),Tube feed non ACBS 1.3kcal/ml h/prot for use in IC (0914071) (0914071A0),11,4239.76844975273,,,63811119
202501,ENGLAND,Enteral nutrition (0914),Tube feed non ACBS 1.5kcal/ml for use in diabetes (0914071) (0914071C0),22,11138.4804529002,,,63811119
202501,ENGLAND,Enteral nutrition (0914),Tube feed non ACBS 1kcal/ml for low sodium needs (0914071) (0914071D0),12,10358.7088,,,63811119
202502,ENGLAND,Enteral nutrition (0914),"Tube feed 0.8 kcal/ml with fibre, higher protein (0914011) (0914011A0)",292,122678.9008,,,63814878
202502,ENGLAND,Enteral nutrition (0914),Tube feed 1 kcal/ml (0914011)  (0914011B0),270,96233.318,,,63814878
202502,ENGLAND,Enteral nutrition (0914),Tube feed 1 kcal/ml with fibre (0914011) (0914011C0),352,146192.0748,,,63814878
202502,ENGLAND,Enteral nutrition (0914),"Tube feed 1 kcal/ml with fibre, higher protein (0914011) (0914011D0)",882,386281.990595976,,,63814878
202502,ENGLAND,Enteral nutrition (0914),Tube feed 1.2 kcal/ml higher protein (0914011)  (0914011E0),124,50376.2376,,,63814878
202502,ENGLAND,Enteral nutrition (0914),"Tube feed 1.2 kcal/ml with fibre, higher protein (0914011) (0914011F0)",853,447876.9872,,,63814878
202502,ENGLAND,Enteral nutrition (0914),"Tube feed 1.3kcal/ml with fibre, higher protein (0914011) (0914011G0)",371,163200.5704,,,63814878
202502,ENGLAND,Enteral nutrition (0914),Tube feed 1.5 kcal/ml (0914011) (0914011H0),1333,561812.116212517,,,63814878
202502,ENGLAND,Enteral nutrition (0914),Tube feed 1.5 kcal/ml higher protein (0914011) (0914011I0),221,81205.0998964949,,,63814878
202502,ENGLAND,Enteral nutrition (0914),Tube feed 1.5 kcal/ml with fibre (0914011) (0914011J0),2663,1209828.76440369,,,63814878
202502,ENGLAND,Enteral nutrition (0914),"Tube feed 1.5 kcal/ml with fibre, higher protein (0914011) (0914011K0)",116,48766.5362527215,,,63814878
202502,ENGLAND,Enteral nutrition (0914),Tube feed 2 kcal/ml higher protein (0914011) (0914011M0),93,35066.2405227413,,,63814878
202502,ENGLAND,Enteral nutrition (0914),Tube feed 2 kcal/ml with fibre (0914011) (0914011N0),1021,585704.613963825,,,63814878
202502,ENGLAND,Enteral nutrition (0914),"Tube feed 2kcal/ml with fibre, higher protein (0914011)  (0914011P0)",79,36456.3055612868,,,63814878
202502,ENGLAND,Enteral nutrition (0914),Tube feed 1.3kcal/ml higher protein (0914011) (0914011Q0),154,57152.4996,,,63814878
202502,ENGLAND,Enteral nutrition (0914),Tube feed 0.75 kcal/ml with fibre (0914021) (0914021A0),201,92942.9424,,,63814878
202502,ENGLAND,Enteral nutrition (0914),Tube feed 1 kcal/ml (0914021) (0914021B0),249,104216.3776,,,63814878
202502,ENGLAND,Enteral nutrition (0914),Tube feed 1 kcal/ml with fibre (0914021) (0914021C0),512,256332.2788,,,63814878
202502,ENGLAND,Enteral nutrition (0914),Tube feed 1.2 kcal/ml with fibre (0914021) (0914021D0),1049,398246.1176,,,63814878
202502,ENGLAND,Enteral nutrition (0914),Tube feed 1.5 kcal/ml (0914021) (0914021E0),361,176318.4664,,,63814878
202502,ENGLAND,Enteral nutrition (0914),Tube feed 1.5 kcal/ml with fibre (0914021) (0914021F0),895,474206.748,,,63814878
202502,ENGLAND,Enteral nutrition (0914),Tube feed 1 kcal/ml peptide based (0914032) (0914032A0),288,175995.5512,,,63814878
202502,ENGLAND,Enteral nutrition (0914),Tube feed 1.3 kcal/ml peptide based (0914032) (0914032B0),503,263238.623060439,,,63814878
202502,ENGLAND,Enteral nutrition (0914),Tube feed 1.5 kcal/ml peptide based (0914032) (0914032C0),1100,661372.868403204,,,63814878
202502,ENGLAND,Enteral nutrition (0914),Tube feed 1 kcal/ml soya based (0914033) (0914033A0),158,87462.0992,,,63814878
202502,ENGLAND,Enteral nutrition (0914),Tube feed 1 kcal/ml soya based with fibre (0914033) (0914033B0),73,58367.0052,,,63814878
202502,ENGLAND,Enteral nutrition (0914),"Tube feed 1.5kcal/ml peptide  based, higher protein(0914034) (0914034A0)",72,38698.4928,,,63814878
202502,ENGLAND,Enteral nutrition (0914),Tube feed 1.8 kcal/ml (0914035) (0914035A0),20,7852.748,,,63814878
202502,ENGLAND,Enteral nutrition (0914),Tube feed 0.6 kcal/ml peptide based (0914041) (0914041A0),63,30983.2212,,,63814878
202502,ENGLAND,Enteral nutrition (0914),Tube feed 1 kcal/ml peptide based (0914041) (0914041B0),564,416053.564139631,,,63814878
202502,ENGLAND,Enteral nutrition (0914),Tube feed 1.5 kcal/ml peptide based (0914041) (0914041C0),833,500836.8592,,,63814878
202502,ENGLAND,Enteral nutrition (0914),Tube feed 1.2 kcal/ml peptide based (0914041D0),54,21208.2696,,,63814878
202502,ENGLAND,Enteral nutrition (0914),Tube feed additive 1 kcal/ml higher protein liquid (0914051) (0914051A0),1777,140830.781499309,,,63814878
202502,ENGLAND,Enteral nutrition (0914),Tube feed additive 2kcal/ml h/prot plant based liq (0914051) (0914051B0),146,13814.1523836594,,,63814878
202502,ENGLAND,Enteral nutrition (0914),Tube feed additive 0.5 kcal/ml high fibre liquid (0914052) (0914052A0),2078,98670.3242850886,,,63814878
202502,ENGLAND,Enteral nutrition (0914),Tube feed non ACBS 1kcal/ml higher protein (0914061) (0914061A0),36,11679.2464,,,63814878
202502,ENGLAND,Enteral nutrition (0914),Tube feed non ACBS 2kcal/ml higher protein(0914061) (0914061C0),535,331203.454,,,63814878
202502,ENGLAND,Enteral nutrition (0914),Tube feed non ACBS 1.3kcal/ml h/prot for use in IC (0914071) (0914071A0),11,4881.86272186406,,,63814878
202502,ENGLAND,Enteral nutrition (0914),Tube feed non ACBS 1.5kcal/ml for use in diabetes (0914071) (0914071C0),11,4377.12004981745,,,63814878
202502,ENGLAND,Enteral nutrition (0914),Tube feed non ACBS 1kcal/ml for low sodium needs (0914071) (0914071D0),5,5627.432,,,63814878
202503,ENGLAND,Enteral nutrition (0914),"Tube feed 0.8 kcal/ml with fibre, higher protein (0914011) (0914011A0)",241,110792.1484,,,63824983
202503,ENGLAND,Enteral nutrition (0914),Tube feed 1 kcal/ml (0914011)  (0914011B0),276,99896.2324,,,63824983
202503,ENGLAND,Enteral nutrition (0914),Tube feed 1 kcal/ml with fibre (0914011) (0914011C0),415,161290.949731243,,,63824983
202503,ENGLAND,Enteral nutrition (0914),"Tube feed 1 kcal/ml with fibre, higher protein (0914011) (0914011D0)",1005,436706.052,,,63824983
202503,ENGLAND,Enteral nutrition (0914),Tube feed 1.2 kcal/ml higher protein (0914011)  (0914011E0),117,46119.2008,,,63824983
202503,ENGLAND,Enteral nutrition (0914),"Tube feed 1.2 kcal/ml with fibre, higher protein (0914011) (0914011F0)",977,516832.315002176,,,63824983
202503,ENGLAND,Enteral nutrition (0914),"Tube feed 1.3kcal/ml with fibre, higher protein (0914011) (0914011G0)",445,186173.358,,,63824983
202503,ENGLAND,Enteral nutrition (0914),Tube feed 1.5 kcal/ml (0914011) (0914011H0),1097,480004.200698418,,,63824983
202503,ENGLAND,Enteral nutrition (0914),Tube feed 1.5 kcal/ml higher protein (0914011) (0914011I0),251,93245.6360626221,,,63824983
202503,ENGLAND,Enteral nutrition (0914),Tube feed 1.5 kcal/ml with fibre (0914011) (0914011J0),2635,1181890.28368446,,,63824983
202503,ENGLAND,Enteral nutrition (0914),"Tube feed 1.5 kcal/ml with fibre, higher protein (0914011) (0914011K0)",135,58266.8016614421,,,63824983
202503,ENGLAND,Enteral nutrition (0914),Tube feed 2 kcal/ml higher protein (0914011) (0914011M0),99,38698.5150407202,,,63824983
202503,ENGLAND,Enteral nutrition (0914),Tube feed 2 kcal/ml with fibre (0914011) (0914011N0),940,536370.956,,,63824983
202503,ENGLAND,Enteral nutrition (0914),"Tube feed 2kcal/ml with fibre, higher protein (0914011)  (0914011P0)",79,37407.7216166292,,,63824983
202503,ENGLAND,Enteral nutrition (0914),Tube feed 1.3kcal/ml higher protein (0914011) (0914011Q0),192,71822.0908,,,63824983
202503,ENGLAND,Enteral nutrition (0914),Tube feed 0.75 kcal/ml with fibre (0914021) (0914021A0),237,108010.3688,,,63824983
202503,ENGLAND,Enteral nutrition (0914),Tube feed 1 kcal/ml (0914021) (0914021B0),308,132369.236608657,,,63824983
202503,ENGLAND,Enteral nutrition (0914),Tube feed 1 kcal/ml with fibre (0914021) (0914021C0),652,340267.324666106,,,63824983
202503,ENGLAND,Enteral nutrition (0914),Tube feed 1.2 kcal/ml with fibre (0914021) (0914021D0),1192,443682.822262493,,,63824983
202503,ENGLAND,Enteral nutrition (0914),Tube feed 1.5 kcal/ml (0914021) (0914021E0),441,213717.0284,,,63824983
202503,ENGLAND,Enteral nutrition (0914),Tube feed 1.5 kcal/ml with fibre (0914021) (0914021F0),977,524462.8248,,,63824983
202503,ENGLAND,Enteral nutrition (0914),Tube feed 1 kcal/ml peptide based (0914032) (0914032A0),301,189107.2324,,,63824983
202503,ENGLAND,Enteral nutrition (0914),Tube feed 1.3 kcal/ml peptide based (0914032) (0914032B0),512,272384.5588,,,63824983
202503,ENGLAND,Enteral nutrition (0914),Tube feed 1.5 kcal/ml peptide based (0914032) (0914032C0),1218,715529.029244179,,,63824983
202503,ENGLAND,Enteral nutrition (0914),Tube feed 1 kcal/ml soya based (0914033) (0914033A0),207,112912.0368,,,63824983
202503,ENGLAND,Enteral nutrition (0914),Tube feed 1 kcal/ml soya based with fibre (0914033) (0914033B0),67,42889.2808,,,63824983
202503,ENGLAND,Enteral nutrition (0914),"Tube feed 1.5kcal/ml peptide  based, higher protein(0914034) (0914034A0)",91,51184.0320913529,,,63824983
202503,ENGLAND,Enteral nutrition (0914),Tube feed 1.8 kcal/ml (0914035) (0914035A0),11,4950.1364,,,63824983
202503,ENGLAND,Enteral nutrition (0914),Tube feed 0.6 kcal/ml peptide based (0914041) (0914041A0),68,35146.2032,,,63824983
202503,ENGLAND,Enteral nutrition (0914),Tube feed 1 kcal/ml peptide based (0914041) (0914041B0),645,498367.283331368,,,63824983
202503,ENGLAND,Enteral nutrition (0914),Tube feed 1.5 kcal/ml peptide based (0914041) (0914041C0),995,631647.268101462,,,63824983
202503,ENGLAND,Enteral nutrition (0914),Tube feed 1.2 kcal/ml peptide based (0914041D0),63,24648.3812,,,63824983
202503,ENGLAND,Enteral nutrition (0914),Tube feed additive 1 kcal/ml higher protein liquid (0914051) (0914051A0),1911,143527.481811912,,,63824983
202503,ENGLAND,Enteral nutrition (0914),Tube feed additive 2kcal/ml h/prot plant based liq (0914051) (0914051B0),183,17870.1288449287,,,63824983
202503,ENGLAND,Enteral nutrition (0914),Tube feed additive 0.5 kcal/ml high fibre liquid (0914052) (0914052A0),2240,109431.832599142,,,63824983
202503,ENGLAND,Enteral nutrition (0914),Tube feed non ACBS 1kcal/ml higher protein (0914061) (0914061A0),32,10198.2768,,,63824983
202503,ENGLAND,Enteral nutrition (0914),Tube feed non ACBS 2kcal/ml higher protein(0914061) (0914061C0),595,364067.852255338,,,63824983
202503,ENGLAND,Enteral nutrition (0914),Tube feed non ACBS 1.3kcal/ml h/prot for use in IC (0914071) (0914071A0),15,7020.68399915409,,,63824983
202503,ENGLAND,Enteral nutrition (0914),Tube feed non ACBS 1.5kcal/ml for use in diabetes (0914071) (0914071C0),28,12920.9248716666,,,63824983
202503,ENGLAND,Enteral nutrition (0914),Tube feed non ACBS 1kcal/ml for low sodium needs (0914071) (0914071D0),7,8614.4968,,,63824983
202504,ENGLAND,Enteral nutrition (0914),"Tube feed 0.8 kcal/ml with fibre, higher protein (0914011) (0914011A0)",316,141733.1584,,,63829070
202504,ENGLAND,Enteral nutrition (0914),Tube feed 1 kcal/ml (0914011)  (0914011B0),258,91033.3392,,,63829070
202504,ENGLAND,Enteral nutrition (0914),Tube feed 1 kcal/ml with fibre (0914011) (0914011C0),410,172580.394,,,63829070
202504,ENGLAND,Enteral nutrition (0914),"Tube feed 1 kcal/ml with fibre, higher protein (0914011) (0914011D0)",1000,448059.38,,,63829070
202504,ENGLAND,Enteral nutrition (0914),Tube feed 1.2 kcal/ml higher protein (0914011)  (0914011E0),121,46628.4404,,,63829070
202504,ENGLAND,Enteral nutrition (0914),"Tube feed 1.2 kcal/ml with fibre, higher protein (0914011) (0914011F0)",965,501846.116,,,63829070
202504,ENGLAND,Enteral nutrition (0914),"Tube feed 1.3kcal/ml with fibre, higher protein (0914011) (0914011G0)",419,183716.7256,,,63829070
202504,ENGLAND,Enteral nutrition (0914),Tube feed 1.5 kcal/ml (0914011) (0914011H0),1245,554452.945243936,,,63829070
202504,ENGLAND,Enteral nutrition (0914),Tube feed 1.5 kcal/ml higher protein (0914011) (0914011I0),281,106450.547740386,,,63829070
202504,ENGLAND,Enteral nutrition (0914),Tube feed 1.5 kcal/ml with fibre (0914011) (0914011J0),2321,1121026.07184496,,,63829070
202504,ENGLAND,Enteral nutrition (0914),"Tube feed 1.5 kcal/ml with fibre, higher protein (0914011) (0914011K0)",160,62943.4851415079,,,63829070
202504,ENGLAND,Enteral nutrition (0914),Tube feed 2 kcal/ml higher protein (0914011) (0914011M0),130,51551.6282732063,,,63829070
202504,ENGLAND,Enteral nutrition (0914),Tube feed 2 kcal/ml with fibre (0914011) (0914011N0),1044,640535.9356,,,63829070
202504,ENGLAND,Enteral nutrition (0914),"Tube feed 2kcal/ml with fibre, higher protein (0914011)  (0914011P0)",82,35141.349271316,,,63829070
202504,ENGLAND,Enteral nutrition (0914),Tube feed 1.3kcal/ml higher protein (0914011) (0914011Q0),189,71773.4336,,,63829070
202504,ENGLAND,Enteral nutrition (0914),Tube feed 0.75 kcal/ml with fibre (0914021) (0914021A0),202,96194.3948,,,63829070
202504,ENGLAND,Enteral nutrition (0914),Tube feed 1 kcal/ml (0914021) (0914021B0),291,125052.799209753,,,63829070
202504,ENGLAND,Enteral nutrition (0914),Tube feed 1 kcal/ml with fibre (0914021) (0914021C0),575,289908.199184312,,,63829070
202504,ENGLAND,Enteral nutrition (0914),Tube feed 1.2 kcal/ml with fibre (0914021) (0914021D0),1170,442817.378583172,,,63829070
202504,ENGLAND,Enteral nutrition (0914),Tube feed 1.5 kcal/ml (0914021) (0914021E0),393,200047.1732,,,63829070
202504,ENGLAND,Enteral nutrition (0914),Tube feed 1.5 kcal/ml with fibre (0914021) (0914021F0),936,518884.2864,,,63829070
202504,ENGLAND,Enteral nutrition (0914),Tube feed 1 kcal/ml peptide based (0914032) (0914032A0),277,173972.6248,,,63829070
202504,ENGLAND,Enteral nutrition (0914),Tube feed 1.3 kcal/ml peptide based (0914032) (0914032B0),511,267085.9464,,,63829070
202504,ENGLAND,Enteral nutrition (0914),Tube feed 1.5 kcal/ml peptide based (0914032) (0914032C0),1197,727456.830488926,,,63829070
202504,ENGLAND,Enteral nutrition (0914),Tube feed 1 kcal/ml soya based (0914033) (0914033A0),176,92625.7124,,,63829070
202504,ENGLAND,Enteral nutrition (0914),Tube feed 1 kcal/ml soya based with fibre (0914033) (0914033B0),62,39872.9188,,,63829070
202504,ENGLAND,Enteral nutrition (0914),"Tube feed 1.5kcal/ml peptide  based, higher protein(0914034) (0914034A0)",84,44745.4809784732,,,63829070
202504,ENGLAND,Enteral nutrition (0914),Tube feed 1.8 kcal/ml (0914035) (0914035A0),20,7492.748,,,63829070
202504,ENGLAND,Enteral nutrition (0914),Tube feed 0.6 kcal/ml peptide based (0914041) (0914041A0),60,30817.404,,,63829070
202504,ENGLAND,Enteral nutrition (0914),Tube feed 1 kcal/ml peptide based (0914041) (0914041B0),555,420721.038100486,,,63829070
202504,ENGLAND,Enteral nutrition (0914),Tube feed 1.5 kcal/ml peptide based (0914041) (0914041C0),879,550173.903888411,,,63829070
202504,ENGLAND,Enteral nutrition (0914),Tube feed 1.2 kcal/ml peptide based (0914041D0),58,25886.7192,,,63829070
202504,ENGLAND,Enteral nutrition (0914),Tube feed additive 1 kcal/ml higher protein liquid (0914051) (0914051A0),1963,144454.901613959,,,63829070
202504,ENGLAND,Enteral nutrition (0914),Tube feed additive 2kcal/ml h/prot plant based liq (0914051) (0914051B0),167,16059.0389606296,,,63829070
202504,ENGLAND,Enteral nutrition (0914),Tube feed additive 0.5 kcal/ml high fibre liquid (0914052) (0914052A0),2294,110403.763674006,,,63829070
202504,ENGLAND,Enteral nutrition (0914),Tube feed non ACBS 1kcal/ml higher protein (0914061) (0914061A0),30,9800.932,,,63829070
202504,ENGLAND,Enteral nutrition (0914),Tube feed non ACBS 2kcal/ml higher protein(0914061) (0914061C0),599,374678.0076,,,63829070
202504,ENGLAND,Enteral nutrition (0914),Tube feed non ACBS 1.3kcal/ml h/prot for use in IC (0914071) (0914071A0),14,6803.12486342517,,,63829070
202504,ENGLAND,Enteral nutrition (0914),Tube feed non ACBS 1.5kcal/ml for use in diabetes (0914071) (0914071C0),22,9672.23753515262,,,63829070
202504,ENGLAND,Enteral nutrition (0914),Tube feed non ACBS 1kcal/ml for low sodium needs (0914071) (0914071D0),8,6294.2192,,,63829070
202505,ENGLAND,Enteral nutrition (0914),"Tube feed 0.8 kcal/ml with fibre, higher protein (0914011) (0914011A0)",423,193619.1252,,,63849271
202505,ENGLAND,Enteral nutrition (0914),Tube feed 1 kcal/ml (0914011)  (0914011B0),332,118489.4868,,,63849271
202505,ENGLAND,Enteral nutrition (0914),Tube feed 1 kcal/ml with fibre (0914011) (0914011C0),481,195196.557837581,,,63849271
202505,ENGLAND,Enteral nutrition (0914),"Tube feed 1 kcal/ml with fibre, higher protein (0914011) (0914011D0)",960,431698.624,,,63849271
202505,ENGLAND,Enteral nutrition (0914),Tube feed 1.2 kcal/ml higher protein (0914011)  (0914011E0),108,43712.1392,,,63849271
202505,ENGLAND,Enteral nutrition (0914),"Tube feed 1.2 kcal/ml with fibre, higher protein (0914011) (0914011F0)",1073,572533.2952,,,63849271
202505,ENGLAND,Enteral nutrition (0914),"Tube feed 1.3kcal/ml with fibre, higher protein (0914011) (0914011G0)",569,259254.8956,,,63849271
202505,ENGLAND,Enteral nutrition (0914),Tube feed 1.5 kcal/ml (0914011) (0914011H0),1453,650807.815363356,,,63849271
202505,ENGLAND,Enteral nutrition (0914),Tube feed 1.5 kcal/ml higher protein (0914011) (0914011I0),318,123335.073528782,,,63849271
202505,ENGLAND,Enteral nutrition (0914),Tube feed 1.5 kcal/ml with fibre (0914011) (0914011J0),3139,1466514.59972172,,,63849271
202505,ENGLAND,Enteral nutrition (0914),"Tube feed 1.5 kcal/ml with fibre, higher protein (0914011) (0914011K0)",178,76244.3738477395,,,63849271
202505,ENGLAND,Enteral nutrition (0914),Tube feed 2 kcal/ml higher protein (0914011) (0914011M0),120,48640.1908934991,,,63849271
202505,ENGLAND,Enteral nutrition (0914),Tube feed 2 kcal/ml with fibre (0914011) (0914011N0),985,613756.811243664,,,63849271
202505,ENGLAND,Enteral nutrition (0914),"Tube feed 2kcal/ml with fibre, higher protein (0914011)  (0914011P0)",89,42807.9358549604,,,63849271
202505,ENGLAND,Enteral nutrition (0914),Tube feed 1.3kcal/ml higher protein (0914011) (0914011Q0),248,96618.6452,,,63849271
202505,ENGLAND,Enteral nutrition (0914),Tube feed 2kcal/ml w fibre higher prot plant based (0914011) (0914011R0),35,16190.3442484344,,,63849271
202505,ENGLAND,Enteral nutrition (0914),Tube feed 0.75 kcal/ml with fibre (0914021) (0914021A0),301,133904.5924,,,63849271
202505,ENGLAND,Enteral nutrition (0914),Tube feed 1 kcal/ml (0914021) (0914021B0),362,156865.0788,,,63849271
202505,ENGLAND,Enteral nutrition (0914),Tube feed 1 kcal/ml with fibre (0914021) (0914021C0),803,407892.698278366,,,63849271
202505,ENGLAND,Enteral nutrition (0914),Tube feed 1.2 kcal/ml with fibre (0914021) (0914021D0),1467,546629.438306022,,,63849271
202505,ENGLAND,Enteral nutrition (0914),Tube feed 1.5 kcal/ml (0914021) (0914021E0),528,261539.319613782,,,63849271
202505,ENGLAND,Enteral nutrition (0914),Tube feed 1.5 kcal/ml with fibre (0914021) (0914021F0),1235,701506.461979437,,,63849271
202505,ENGLAND,Enteral nutrition (0914),Tube feed 1 kcal/ml peptide based (0914032) (0914032A0),427,261517.8248,,,63849271
202505,ENGLAND,Enteral nutrition (0914),Tube feed 1.3 kcal/ml peptide based (0914032) (0914032B0),578,307221.9672,,,63849271
202505,ENGLAND,Enteral nutrition (0914),Tube feed 1.5 kcal/ml peptide based (0914032) (0914032C0),1578,950016.990758313,,,63849271
202505,ENGLAND,Enteral nutrition (0914),Tube feed 1 kcal/ml soya based (0914033) (0914033A0),219,117156.5256,,,63849271
202505,ENGLAND,Enteral nutrition (0914),Tube feed 1 kcal/ml soya based with fibre (0914033) (0914033B0),59,40813.3816,,,63849271
202505,ENGLAND,Enteral nutrition (0914),"Tube feed 1.5kcal/ml peptide  based, higher protein(0914034) (0914034A0)",122,67200.9057601691,,,63849271
202505,ENGLAND,Enteral nutrition (0914),Tube feed 1.8 kcal/ml (0914035) (0914035A0),19,7631.4556,,,63849271
202505,ENGLAND,Enteral nutrition (0914),Tube feed 0.6 kcal/ml peptide based (0914041) (0914041A0),70,35210.698,,,63849271
202505,ENGLAND,Enteral nutrition (0914),Tube feed 1 kcal/ml peptide based (0914041) (0914041B0),753,591538.243389678,,,63849271
202505,ENGLAND,Enteral nutrition (0914),Tube feed 1.5 kcal/ml peptide based (0914041) (0914041C0),1168,748257.653423577,,,63849271
202505,ENGLAND,Enteral nutrition (0914),Tube feed 1.2 kcal/ml peptide based (0914041D0),70,28122.868,,,63849271
202505,ENGLAND,Enteral nutrition (0914),Tube feed additive 1 kcal/ml higher protein liquid (0914051) (0914051A0),2263,169067.180462504,,,63849271
202505,ENGLAND,Enteral nutrition (0914),Tube feed additive 2kcal/ml h/prot plant based liq (0914051) (0914051B0),204,18006.6123042016,,,63849271
202505,ENGLAND,Enteral nutrition (0914),Tube feed additive 0.5 kcal/ml high fibre liquid (0914052) (0914052A0),2698,126945.291375824,,,63849271
202505,ENGLAND,Enteral nutrition (0914),Tube feed non ACBS 1kcal/ml higher protein (0914061) (0914061A0),31,12687.1844,,,63849271
202505,ENGLAND,Enteral nutrition (0914),Tube feed non ACBS 2kcal/ml higher protein(0914061) (0914061C0),796,487193.5904,,,63849271
202505,ENGLAND,Enteral nutrition (0914),Tube feed non ACBS 1.3kcal/ml h/prot for use in IC (0914071) (0914071A0),20,6605.01653404489,,,63849271
202505,ENGLAND,Enteral nutrition (0914),Tube feed non ACBS 1.5kcal/ml for use in diabetes (0914071) (0914071C0),28,13552.595296218,,,63849271
202505,ENGLAND,Enteral nutrition (0914),Tube feed non ACBS 1kcal/ml for low sodium needs (0914071) (0914071D0),9,9547.9716,,,63849271
202506,ENGLAND,Enteral nutrition (0914),"Tube feed 0.8 kcal/ml with fibre, higher protein (0914011) (0914011A0)",427,193228.25457196,,,63859394
202506,ENGLAND,Enteral nutrition (0914),Tube feed 1 kcal/ml (0914011)  (0914011B0),318,110212.2032,,,63859394
202506,ENGLAND,Enteral nutrition (0914),Tube feed 1 kcal/ml with fibre (0914011) (0914011C0),508,214935.811949915,,,63859394
202506,ENGLAND,Enteral nutrition (0914),"Tube feed 1 kcal/ml with fibre, higher protein (0914011) (0914011D0)",809,360585.015726695,,,63859394
202506,ENGLAND,Enteral nutrition (0914),Tube feed 1.2 kcal/ml higher protein (0914011)  (0914011E0),118,46198.5632,,,63859394
202506,ENGLAND,Enteral nutrition (0914),"Tube feed 1.2 kcal/ml with fibre, higher protein (0914011) (0914011F0)",831,438887.406132802,,,63859394
202506,ENGLAND,Enteral nutrition (0914),"Tube feed 1.3kcal/ml with fibre, higher protein (0914011) (0914011G0)",598,270726.3852,,,63859394
202506,ENGLAND,Enteral nutrition (0914),Tube feed 1.5 kcal/ml (0914011) (0914011H0),1347,589695.108758248,,,63859394
202506,ENGLAND,Enteral nutrition (0914),Tube feed 1.5 kcal/ml higher protein (0914011) (0914011I0),306,113185.269817741,,,63859394
202506,ENGLAND,Enteral nutrition (0914),Tube feed 1.5 kcal/ml with fibre (0914011) (0914011J0),2719,1280109.37125277,,,63859394
202506,ENGLAND,Enteral nutrition (0914),"Tube feed 1.5 kcal/ml with fibre, higher protein (0914011) (0914011K0)",186,79855.8313747859,,,63859394
202506,ENGLAND,Enteral nutrition (0914),Tube feed 2 kcal/ml higher protein (0914011) (0914011M0),116,49178.4102736507,,,63859394
202506,ENGLAND,Enteral nutrition (0914),Tube feed 2 kcal/ml with fibre (0914011) (0914011N0),1313,792833.1812,,,63859394
202506,ENGLAND,Enteral nutrition (0914),"Tube feed 2kcal/ml with fibre, higher protein (0914011)  (0914011P0)",66,31189.2326091441,,,63859394
202506,ENGLAND,Enteral nutrition (0914),Tube feed 1.3kcal/ml higher protein (0914011) (0914011Q0),227,89731.3548,,,63859394
202506,ENGLAND,Enteral nutrition (0914),Tube feed 2kcal/ml w fibre higher prot plant based (0914011) (0914011R0),79,37900.3770632145,,,63859394
202506,ENGLAND,Enteral nutrition (0914),Tube feed 0.75 kcal/ml with fibre (0914021) (0914021A0),239,104855.0336,,,63859394
202506,ENGLAND,Enteral nutrition (0914),Tube feed 1 kcal/ml (0914021) (0914021B0),338,142573.351003417,,,63859394
202506,ENGLAND,Enteral nutrition (0914),Tube feed 1 kcal/ml with fibre (0914021) (0914021C0),658,347097.5592,,,63859394
202506,ENGLAND,Enteral nutrition (0914),Tube feed 1.2 kcal/ml with fibre (0914021) (0914021D0),1381,529580.811320441,,,63859394
202506,ENGLAND,Enteral nutrition (0914),Tube feed 1.5 kcal/ml (0914021) (0914021E0),458,222558.1392,,,63859394
202506,ENGLAND,Enteral nutrition (0914),Tube feed 1.5 kcal/ml with fibre (0914021) (0914021F0),1010,551481.374,,,63859394
202506,ENGLAND,Enteral nutrition (0914),Tube feed 1 kcal/ml peptide based (0914032) (0914032A0),360,226806.274,,,63859394
202506,ENGLAND,Enteral nutrition (0914),Tube feed 1.3 kcal/ml peptide based (0914032) (0914032B0),546,293706.7604,,,63859394
202506,ENGLAND,Enteral nutrition (0914),Tube feed 1.5 kcal/ml peptide based (0914032) (0914032C0),1245,711454.761562991,,,63859394
202506,ENGLAND,Enteral nutrition (0914),Tube feed 1 kcal/ml soya based (0914033) (0914033A0),227,116495.9548,,,63859394
202506,ENGLAND,Enteral nutrition (0914),Tube feed 1 kcal/ml soya based with fibre (0914033) (0914033B0),30,19344.172,,,63859394
202506,ENGLAND,Enteral nutrition (0914),"Tube feed 1.5kcal/ml peptide  based, higher protein(0914034) (0914034A0)",114,62618.9002846416,,,63859394
202506,ENGLAND,Enteral nutrition (0914),Tube feed 1.8 kcal/ml (0914035) (0914035A0),23,9206.3852,,,63859394
202506,ENGLAND,Enteral nutrition (0914),Tube feed 0.6 kcal/ml peptide based (0914041) (0914041A0),71,38871.9204,,,63859394
202506,ENGLAND,Enteral nutrition (0914),Tube feed 1 kcal/ml peptide based (0914041) (0914041B0),648,503700.505241959,,,63859394
202506,ENGLAND,Enteral nutrition (0914),Tube feed 1.5 kcal/ml peptide based (0914041) (0914041C0),1020,650404.129959649,,,63859394
202506,ENGLAND,Enteral nutrition (0914),Tube feed 1.2 kcal/ml peptide based (0914041D0),80,34395.512,,,63859394
202506,ENGLAND,Enteral nutrition (0914),Tube feed additive 1 kcal/ml higher protein liquid (0914051) (0914051A0),2118,157526.480690066,,,63859394
202506,ENGLAND,Enteral nutrition (0914),Tube feed additive 2kcal/ml h/prot plant based liq (0914051) (0914051B0),189,16941.9634018699,,,63859394
202506,ENGLAND,Enteral nutrition (0914),Tube feed additive 0.5 kcal/ml high fibre liquid (0914052) (0914052A0),2600,133392.203726514,,,63859394
202506,ENGLAND,Enteral nutrition (0914),Tube feed non ACBS 1kcal/ml higher protein (0914061) (0914061A0),34,15263.2216,,,63859394
202506,ENGLAND,Enteral nutrition (0914),Tube feed non ACBS 2kcal/ml higher protein(0914061) (0914061C0),612,366218.45929955,,,63859394
202506,ENGLAND,Enteral nutrition (0914),Tube feed non ACBS 1.3kcal/ml h/prot for use in IC (0914071) (0914071A0),16,5653.80857694605,,,63859394
202506,ENGLAND,Enteral nutrition (0914),Tube feed non ACBS 1.5kcal/ml for use in diabetes (0914071) (0914071C0),32,14718.7549976258,,,63859394
202506,ENGLAND,Enteral nutrition (0914),Tube feed non ACBS 1kcal/ml for low sodium needs (0914071) (0914071D0),6,7094.2944,,,63859394
202507,ENGLAND,Enteral nutrition (0914),"Tube feed 0.8 kcal/ml with fibre, higher protein (0914011) (0914011A0)",633,272467.9692,,,63879648
202507,ENGLAND,Enteral nutrition (0914),Tube feed 1 kcal/ml (0914011)  (0914011B0),465,158326.186,,,63879648
202507,ENGLAND,Enteral nutrition (0914),Tube feed 1 kcal/ml with fibre (0914011) (0914011C0),845,324798.9761818,,,63879648
202507,ENGLAND,Enteral nutrition (0914),"Tube feed 1 kcal/ml with fibre, higher protein (0914011) (0914011D0)",1247,534451.634104128,,,63879648
202507,ENGLAND,Enteral nutrition (0914),Tube feed 1.2 kcal/ml higher protein (0914011)  (0914011E0),127,50011.1148,,,63879648
202507,ENGLAND,Enteral nutrition (0914),"Tube feed 1.2 kcal/ml with fibre, higher protein (0914011) (0914011F0)",1387,685445.0488,,,63879648
202507,ENGLAND,Enteral nutrition (0914),"Tube feed 1.3kcal/ml with fibre, higher protein (0914011) (0914011G0)",739,314820.9936,,,63879648
202507,ENGLAND,Enteral nutrition (0914),Tube feed 1.5 kcal/ml (0914011) (0914011H0),3012,1203599.04902079,,,63879648
202507,ENGLAND,Enteral nutrition (0914),Tube feed 1.5 kcal/ml higher protein (0914011) (0914011I0),441,153914.575846685,,,63879648
202507,ENGLAND,Enteral nutrition (0914),Tube feed 1.5 kcal/ml with fibre (0914011) (0914011J0),5657,2426820.04612214,,,63879648
202507,ENGLAND,Enteral nutrition (0914),"Tube feed 1.5 kcal/ml with fibre, higher protein (0914011) (0914011K0)",237,104931.319197726,,,63879648
202507,ENGLAND,Enteral nutrition (0914),Tube feed 2 kcal/ml higher protein (0914011) (0914011M0),123,50917.3568590776,,,63879648
202507,ENGLAND,Enteral nutrition (0914),Tube feed 2 kcal/ml with fibre (0914011) (0914011N0),1414,830679.373408647,,,63879648
202507,ENGLAND,Enteral nutrition (0914),"Tube feed 2kcal/ml with fibre, higher protein (0914011)  (0914011P0)",83,37226.9212029789,,,63879648
202507,ENGLAND,Enteral nutrition (0914),Tube feed 1.3kcal/ml higher protein (0914011) (0914011Q0),368,131434.5332,,,63879648
202507,ENGLAND,Enteral nutrition (0914),Tube feed 2kcal/ml w fibre higher prot plant based (0914011) (0914011R0),223,106269.196579904,,,63879648
202507,ENGLAND,Enteral nutrition (0914),Tube feed 0.75 kcal/ml with fibre (0914021) (0914021A0),353,156166.8572,,,63879648
202507,ENGLAND,Enteral nutrition (0914),Tube feed 1 kcal/ml (0914021) (0914021B0),465,188639.603306686,,,63879648
202507,ENGLAND,Enteral nutrition (0914),Tube feed 1 kcal/ml with fibre (0914021) (0914021C0),973,501581.1852,,,63879648
202507,ENGLAND,Enteral nutrition (0914),Tube feed 1.2 kcal/ml with fibre (0914021) (0914021D0),1950,717601.469671287,,,63879648
202507,ENGLAND,Enteral nutrition (0914),Tube feed 1.5 kcal/ml (0914021) (0914021E0),671,333864.661490122,,,63879648
202507,ENGLAND,Enteral nutrition (0914),Tube feed 1.5 kcal/ml with fibre (0914021) (0914021F0),1604,842283.6851494,,,63879648
202507,ENGLAND,Enteral nutrition (0914),Tube feed 1 kcal/ml peptide based (0914032) (0914032A0),491,295156.5484,,,63879648
202507,ENGLAND,Enteral nutrition (0914),Tube feed 1.3 kcal/ml peptide based (0914032) (0914032B0),780,411157.882,,,63879648
202507,ENGLAND,Enteral nutrition (0914),Tube feed 1.5 kcal/ml peptide based (0914032) (0914032C0),1742,992849.711495975,,,63879648
202507,ENGLAND,Enteral nutrition (0914),Tube feed 1 kcal/ml soya based (0914033) (0914033A0),300,162007.17,,,63879648
202507,ENGLAND,Enteral nutrition (0914),Tube feed 1 kcal/ml soya based with fibre (0914033) (0914033B0),61,35197.2064,,,63879648
202507,ENGLAND,Enteral nutrition (0914),"Tube feed 1.5kcal/ml peptide  based, higher protein(0914034) (0914034A0)",156,80126.441685951,,,63879648
202507,ENGLAND,Enteral nutrition (0914),Tube feed 1.8 kcal/ml (0914035) (0914035A0),32,14625.9368,,,63879648
202507,ENGLAND,Enteral nutrition (0914),Tube feed 0.6 kcal/ml peptide based (0914041) (0914041A0),93,50193.7632,,,63879648
202507,ENGLAND,Enteral nutrition (0914),Tube feed 1 kcal/ml peptide based (0914041) (0914041B0),844,623730.570211565,,,63879648
202507,ENGLAND,Enteral nutrition (0914),Tube feed 1.5 kcal/ml peptide based (0914041) (0914041C0),1345,850136.02190663,,,63879648
202507,ENGLAND,Enteral nutrition (0914),Tube feed 1.2 kcal/ml peptide based (0914041D0),95,37939.698,,,63879648
202507,ENGLAND,Enteral nutrition (0914),Tube feed additive 1 kcal/ml higher protein liquid (0914051) (0914051A0),3190,246954.171430944,,,63879648
202507,ENGLAND,Enteral nutrition (0914),Tube feed additive 2kcal/ml h/prot plant based liq (0914051) (0914051B0),305,29340.89938056,,,63879648
202507,ENGLAND,Enteral nutrition (0914),Tube feed additive 0.5 kcal/ml high fibre liquid (0914052) (0914052A0),3358,153718.390007144,,,63879648
202507,ENGLAND,Enteral nutrition (0914),Tube feed non ACBS 1kcal/ml higher protein (0914061) (0914061A0),43,18177.4332,,,63879648
202507,ENGLAND,Enteral nutrition (0914),Tube feed non ACBS 2kcal/ml higher protein(0914061) (0914061C0),813,451166.5812,,,63879648
202507,ENGLAND,Enteral nutrition (0914),Tube feed non ACBS 1.3kcal/ml h/prot for use in IC (0914071) (0914071A0),21,7675.49381521277,,,63879648
202507,ENGLAND,Enteral nutrition (0914),Tube feed non ACBS 1.5kcal/ml for use in diabetes (0914071) (0914071C0),27,9768.04483498598,,,63879648
202507,ENGLAND,Enteral nutrition (0914),Tube feed non ACBS 1kcal/ml for low sodium needs (0914071) (0914071D0),14,13921.9136,,,63879648
202508,ENGLAND,Enteral nutrition (0914),"Tube feed 0.8 kcal/ml with fibre, higher protein (0914011) (0914011A0)",434,192780.8216,,,63890633
202508,ENGLAND,Enteral nutrition (0914),Tube feed 1 kcal/ml (0914011)  (0914011B0),331,114032.6844,,,63890633
202508,ENGLAND,Enteral nutrition (0914),Tube feed 1 kcal/ml with fibre (0914011) (0914011C0),489,193378.753221954,,,63890633
202508,ENGLAND,Enteral nutrition (0914),"Tube feed 1 kcal/ml with fibre, higher protein (0914011) (0914011D0)",1035,459308.518776851,,,63890633
202508,ENGLAND,Enteral nutrition (0914),Tube feed 1.2 kcal/ml higher protein (0914011)  (0914011E0),117,45497.8508,,,63890633
202508,ENGLAND,Enteral nutrition (0914),"Tube feed 1.2 kcal/ml with fibre, higher protein (0914011) (0914011F0)",1039,531452.42626687,,,63890633
202508,ENGLAND,Enteral nutrition (0914),"Tube feed 1.3kcal/ml with fibre, higher protein (0914011) (0914011G0)",562,248009.3388,,,63890633
202508,ENGLAND,Enteral nutrition (0914),Tube feed 1.5 kcal/ml (0914011) (0914011H0),1659,690819.440478719,,,63890633
202508,ENGLAND,Enteral nutrition (0914),Tube feed 1.5 kcal/ml higher protein (0914011) (0914011I0),296,103858.511711913,,,63890633
202508,ENGLAND,Enteral nutrition (0914),Tube feed 1.5 kcal/ml with fibre (0914011) (0914011J0),3203,1449689.90447704,,,63890633
202508,ENGLAND,Enteral nutrition (0914),"Tube feed 1.5 kcal/ml with fibre, higher protein (0914011) (0914011K0)",234,99763.8068038725,,,63890633
202508,ENGLAND,Enteral nutrition (0914),Tube feed 2 kcal/ml higher protein (0914011) (0914011M0),136,56373.1590400403,,,63890633
202508,ENGLAND,Enteral nutrition (0914),Tube feed 2 kcal/ml with fibre (0914011) (0914011N0),1114,676593.652443924,,,63890633
202508,ENGLAND,Enteral nutrition (0914),"Tube feed 2kcal/ml with fibre, higher protein (0914011)  (0914011P0)",74,35028.3592692209,,,63890633
202508,ENGLAND,Enteral nutrition (0914),Tube feed 1.3kcal/ml higher protein (0914011) (0914011Q0),219,79872.1856,,,63890633
202508,ENGLAND,Enteral nutrition (0914),Tube feed 2kcal/ml w fibre higher prot plant based (0914011) (0914011R0),221,104762.667682446,,,63890633
202508,ENGLAND,Enteral nutrition (0914),Tube feed 0.75 kcal/ml with fibre (0914021) (0914021A0),278,117675.1972,,,63890633
202508,ENGLAND,Enteral nutrition (0914),Tube feed 1 kcal/ml (0914021) (0914021B0),340,143327.306969679,,,63890633
202508,ENGLAND,Enteral nutrition (0914),Tube feed 1 kcal/ml with fibre (0914021) (0914021C0),642,336669.2108,,,63890633
202508,ENGLAND,Enteral nutrition (0914),Tube feed 1.2 kcal/ml with fibre (0914021) (0914021D0),1406,524124.394214309,,,63890633
202508,ENGLAND,Enteral nutrition (0914),Tube feed 1.5 kcal/ml (0914021) (0914021E0),464,222709.707032892,,,63890633
202508,ENGLAND,Enteral nutrition (0914),Tube feed 1.5 kcal/ml with fibre (0914021) (0914021F0),1114,614251.09620789,,,63890633
202508,ENGLAND,Enteral nutrition (0914),Tube feed 1 kcal/ml peptide based (0914032) (0914032A0),404,248057.0896,,,63890633
202508,ENGLAND,Enteral nutrition (0914),Tube feed 1.3 kcal/ml peptide based (0914032) (0914032B0),738,383931.841542284,,,63890633
202508,ENGLAND,Enteral nutrition (0914),Tube feed 1.5 kcal/ml peptide based (0914032) (0914032C0),1076,669486.069102138,,,63890633
202508,ENGLAND,Enteral nutrition (0914),Tube feed 1 kcal/ml soya based (0914033) (0914033A0),210,113948.094,,,63890633
202508,ENGLAND,Enteral nutrition (0914),Tube feed 1 kcal/ml soya based with fibre (0914033) (0914033B0),74,47576.5676,,,63890633
202508,ENGLAND,Enteral nutrition (0914),"Tube feed 1.5kcal/ml peptide  based, higher protein(0914034) (0914034A0)",138,73187.5763401062,,,63890633
202508,ENGLAND,Enteral nutrition (0914),Tube feed 1.8 kcal/ml (0914035) (0914035A0),19,8893.6756,,,63890633
202508,ENGLAND,Enteral nutrition (0914),Tube feed 0.6 kcal/ml peptide based (0914041) (0914041A0),70,38549.248,,,63890633
202508,ENGLAND,Enteral nutrition (0914),Tube feed 1 kcal/ml peptide based (0914041) (0914041B0),646,499790.405853055,,,63890633
202508,ENGLAND,Enteral nutrition (0914),Tube feed 1.5 kcal/ml peptide based (0914041) (0914041C0),1015,665745.82930406,,,63890633
202508,ENGLAND,Enteral nutrition (0914),Tube feed 1.2 kcal/ml peptide based (0914041D0),77,32499.4348,,,63890633
202508,ENGLAND,Enteral nutrition (0914),Tube feed additive 1 kcal/ml higher protein liquid (0914051) (0914051A0),2175,166977.695817221,,,63890633
202508,ENGLAND,Enteral nutrition (0914),Tube feed additive 2kcal/ml h/prot plant based liq (0914051) (0914051B0),213,20015.5322266715,,,63890633
202508,ENGLAND,Enteral nutrition (0914),Tube feed additive 0.5 kcal/ml high fibre liquid (0914052) (0914052A0),2712,131188.094959321,,,63890633
202508,ENGLAND,Enteral nutrition (0914),Tube feed non ACBS 1kcal/ml higher protein (0914061) (0914061A0),35,14377.734,,,63890633
202508,ENGLAND,Enteral nutrition (0914),Tube feed non ACBS 2kcal/ml higher protein(0914061) (0914061C0),787,484657.9088,,,63890633
202508,ENGLAND,Enteral nutrition (0914),Tube feed non ACBS 1.3kcal/ml h/prot for use in IC (0914071) (0914071A0),17,4903.32930722758,,,63890633
202508,ENGLAND,Enteral nutrition (0914),Tube feed non ACBS 1.5kcal/ml for use in diabetes (0914071) (0914071C0),34,17987.5450410254,,,63890633
202508,ENGLAND,Enteral nutrition (0914),Tube feed non ACBS 1kcal/ml for low sodium needs (0914071) (0914071D0),9,7867.7616,,,63890633
202509,ENGLAND,Enteral nutrition (0914),"Tube feed 0.8 kcal/ml with fibre, higher protein (0914011) (0914011A0)",322,140648.1928,,,63970723
202509,ENGLAND,Enteral nutrition (0914),Tube feed 1 kcal/ml (0914011)  (0914011B0),338,113732.6312,,,63970723
202509,ENGLAND,Enteral nutrition (0914),Tube feed 1 kcal/ml with fibre (0914011) (0914011C0),482,196496.469749386,,,63970723
202509,ENGLAND,Enteral nutrition (0914),"Tube feed 1 kcal/ml with fibre, higher protein (0914011) (0914011D0)",1155,513745.006404201,,,63970723
202509,ENGLAND,Enteral nutrition (0914),Tube feed 1.2 kcal/ml higher protein (0914011)  (0914011E0),140,54894.156,,,63970723
202509,ENGLAND,Enteral nutrition (0914),"Tube feed 1.2 kcal/ml with fibre, higher protein (0914011) (0914011F0)",1057,542851.3268,,,63970723
202509,ENGLAND,Enteral nutrition (0914),"Tube feed 1.3kcal/ml with fibre, higher protein (0914011) (0914011G0)",503,219487.7572,,,63970723
202509,ENGLAND,Enteral nutrition (0914),Tube feed 1.5 kcal/ml (0914011) (0914011H0),1434,594650.4716,,,63970723
202509,ENGLAND,Enteral nutrition (0914),Tube feed 1.5 kcal/ml higher protein (0914011) (0914011I0),363,133563.742537205,,,63970723
202509,ENGLAND,Enteral nutrition (0914),Tube feed 1.5 kcal/ml with fibre (0914011) (0914011J0),3576,1598984.20257528,,,63970723
202509,ENGLAND,Enteral nutrition (0914),"Tube feed 1.5 kcal/ml with fibre, higher protein (0914011) (0914011K0)",287,121456.822028306,,,63970723
202509,ENGLAND,Enteral nutrition (0914),Tube feed 2 kcal/ml higher protein (0914011) (0914011M0),128,52099.7742808732,,,63970723
202509,ENGLAND,Enteral nutrition (0914),Tube feed 2 kcal/ml with fibre (0914011) (0914011N0),1169,717242.8456,,,63970723
202509,ENGLAND,Enteral nutrition (0914),"Tube feed 2kcal/ml with fibre, higher protein (0914011)  (0914011P0)",92,39813.5205251864,,,63970723
202509,ENGLAND,Enteral nutrition (0914),Tube feed 1.3kcal/ml higher protein (0914011) (0914011Q0),267,96600.2508,,,63970723
202509,ENGLAND,Enteral nutrition (0914),Tube feed 2kcal/ml w fibre higher prot plant based (0914011) (0914011R0),255,126085.142791535,,,63970723
202509,ENGLAND,Enteral nutrition (0914),Tube feed 0.75 kcal/ml with fibre (0914021) (0914021A0),287,128982.4188,,,63970723
202509,ENGLAND,Enteral nutrition (0914),Tube feed 1 kcal/ml (0914021) (0914021B0),336,142344.622588448,,,63970723
202509,ENGLAND,Enteral nutrition (0914),Tube feed 1 kcal/ml with fibre (0914021) (0914021C0),744,381070.9556,,,63970723
202509,ENGLAND,Enteral nutrition (0914),Tube feed 1.2 kcal/ml with fibre (0914021) (0914021D0),1509,569657.053181473,,,63970723
202509,ENGLAND,Enteral nutrition (0914),Tube feed 1.5 kcal/ml (0914021) (0914021E0),516,251553.791925971,,,63970723
202509,ENGLAND,Enteral nutrition (0914),Tube feed 1.5 kcal/ml with fibre (0914021) (0914021F0),1187,648363.515289649,,,63970723
202509,ENGLAND,Enteral nutrition (0914),Tube feed 1 kcal/ml peptide based (0914032) (0914032A0),349,211092.9376,,,63970723
202509,ENGLAND,Enteral nutrition (0914),Tube feed 1.3 kcal/ml peptide based (0914032) (0914032B0),692,367364.7108,,,63970723
202509,ENGLAND,Enteral nutrition (0914),Tube feed 1.5 kcal/ml peptide based (0914032) (0914032C0),1699,974682.762384648,,,63970723
202509,ENGLAND,Enteral nutrition (0914),Tube feed 1 kcal/ml soya based (0914033) (0914033A0),215,119546.006,,,63970723
202509,ENGLAND,Enteral nutrition (0914),Tube feed 1 kcal/ml soya based with fibre (0914033) (0914033B0),78,48902.8172,,,63970723
202509,ENGLAND,Enteral nutrition (0914),"Tube feed 1.5kcal/ml peptide  based, higher protein(0914034) (0914034A0)",118,64748.6208258087,,,63970723
202509,ENGLAND,Enteral nutrition (0914),Tube feed 1.8 kcal/ml (0914035) (0914035A0),26,12182.4824,,,63970723
202509,ENGLAND,Enteral nutrition (0914),Tube feed 0.6 kcal/ml peptide based (0914041) (0914041A0),73,42582.5352,,,63970723
202509,ENGLAND,Enteral nutrition (0914),Tube feed 1 kcal/ml peptide based (0914041) (0914041B0),667,525083.325945203,,,63970723
202509,ENGLAND,Enteral nutrition (0914),Tube feed 1.5 kcal/ml peptide based (0914041) (0914041C0),1100,696195.19,,,63970723
202509,ENGLAND,Enteral nutrition (0914),Tube feed 1.2 kcal/ml peptide based (0914041D0),71,28804.7404,,,63970723
202509,ENGLAND,Enteral nutrition (0914),Tube feed additive 1 kcal/ml higher protein liquid (0914051) (0914051A0),2341,186035.825758651,,,63970723
202509,ENGLAND,Enteral nutrition (0914),Tube feed additive 2kcal/ml h/prot plant based liq (0914051) (0914051B0),236,22090.9401892643,,,63970723
202509,ENGLAND,Enteral nutrition (0914),Tube feed additive 0.5 kcal/ml high fibre liquid (0914052) (0914052A0),2847,133659.252898213,,,63970723
202509,ENGLAND,Enteral nutrition (0914),Tube feed non ACBS 1kcal/ml higher protein (0914061) (0914061A0),32,14007.3968,,,63970723
202509,ENGLAND,Enteral nutrition (0914),Tube feed non ACBS 2kcal/ml higher protein(0914061) (0914061C0),669,413383.509224018,,,63970723
202509,ENGLAND,Enteral nutrition (0914),Tube feed non ACBS 1.3kcal/ml h/prot for use in IC (0914071) (0914071A0),16,6560.73512695456,,,63970723
202509,ENGLAND,Enteral nutrition (0914),Tube feed non ACBS 1.5kcal/ml for use in diabetes (0914071) (0914071C0),29,15082.2838114214,,,63970723
202509,ENGLAND,Enteral nutrition (0914),Tube feed non ACBS 1kcal/ml for low sodium needs (0914071) (0914071D0),9,7841.0916,,,63970723
202510,ENGLAND,Enteral nutrition (0914),"Tube feed 0.8 kcal/ml with fibre, higher protein (0914011) (0914011A0)",465,202891.806,,,64005675
202510,ENGLAND,Enteral nutrition (0914),Tube feed 1 kcal/ml (0914011)  (0914011B0),380,130184.184245651,,,64005675
202510,ENGLAND,Enteral nutrition (0914),Tube feed 1 kcal/ml with fibre (0914011) (0914011C0),745,279945.395897115,,,64005675
202510,ENGLAND,Enteral nutrition (0914),"Tube feed 1 kcal/ml with fibre, higher protein (0914011) (0914011D0)",1270,557067.383996847,,,64005675
202510,ENGLAND,Enteral nutrition (0914),Tube feed 1.2 kcal/ml higher protein (0914011)  (0914011E0),142,55427.9108,,,64005675
202510,ENGLAND,Enteral nutrition (0914),"Tube feed 1.2 kcal/ml with fibre, higher protein (0914011) (0914011F0)",1153,596482.4672,,,64005675
202510,ENGLAND,Enteral nutrition (0914),"Tube feed 1.3kcal/ml with fibre, higher protein (0914011) (0914011G0)",605,258447.772,,,64005675
202510,ENGLAND,Enteral nutrition (0914),Tube feed 1.5 kcal/ml (0914011) (0914011H0),2251,921799.63661773,,,64005675
202510,ENGLAND,Enteral nutrition (0914),Tube feed 1.5 kcal/ml higher protein (0914011) (0914011I0),446,166043.228183265,,,64005675
202510,ENGLAND,Enteral nutrition (0914),Tube feed 1.5 kcal/ml with fibre (0914011) (0914011J0),4046,1831556.73768931,,,64005675
202510,ENGLAND,Enteral nutrition (0914),"Tube feed 1.5 kcal/ml with fibre, higher protein (0914011) (0914011K0)",329,137510.011366106,,,64005675
202510,ENGLAND,Enteral nutrition (0914),Tube feed 2 kcal/ml higher protein (0914011) (0914011M0),153,64904.0307311293,,,64005675
202510,ENGLAND,Enteral nutrition (0914),Tube feed 2 kcal/ml with fibre (0914011) (0914011N0),1265,765784.596,,,64005675
202510,ENGLAND,Enteral nutrition (0914),"Tube feed 2kcal/ml with fibre, higher protein (0914011)  (0914011P0)",92,42638.7563441854,,,64005675
202510,ENGLAND,Enteral nutrition (0914),Tube feed 1.3kcal/ml higher protein (0914011) (0914011Q0),303,110776.6172,,,64005675
202510,ENGLAND,Enteral nutrition (0914),Tube feed 2kcal/ml w fibre higher prot plant based (0914011) (0914011R0),305,149077.630645811,,,64005675
202510,ENGLAND,Enteral nutrition (0914),Tube feed 0.75 kcal/ml with fibre (0914021) (0914021A0),296,127678.3204,,,64005675
202510,ENGLAND,Enteral nutrition (0914),Tube feed 1 kcal/ml (0914021) (0914021B0),383,165875.859934195,,,64005675
202510,ENGLAND,Enteral nutrition (0914),Tube feed 1 kcal/ml with fibre (0914021) (0914021C0),807,417790.8068,,,64005675
202510,ENGLAND,Enteral nutrition (0914),Tube feed 1.2 kcal/ml with fibre (0914021) (0914021D0),1715,638100.601494627,,,64005675
202510,ENGLAND,Enteral nutrition (0914),Tube feed 1.5 kcal/ml (0914021) (0914021E0),562,249627.04159507,,,64005675
202510,ENGLAND,Enteral nutrition (0914),Tube feed 1.5 kcal/ml with fibre (0914021) (0914021F0),1335,675967.024,,,64005675
202510,ENGLAND,Enteral nutrition (0914),Tube feed 1 kcal/ml peptide based (0914032) (0914032A0),385,188788.554,,,64005675
202510,ENGLAND,Enteral nutrition (0914),Tube feed 1.3 kcal/ml peptide based (0914032) (0914032B0),849,441640.2876,,,64005675
202510,ENGLAND,Enteral nutrition (0914),Tube feed 1.5 kcal/ml peptide based (0914032) (0914032C0),1834,1080320.45612273,,,64005675
202510,ENGLAND,Enteral nutrition (0914),Tube feed 1 kcal/ml soya based (0914033) (0914033A0),240,129873.096,,,64005675
202510,ENGLAND,Enteral nutrition (0914),Tube feed 1 kcal/ml soya based with fibre (0914033) (0914033B0),82,49847.0168,,,64005675
202510,ENGLAND,Enteral nutrition (0914),"Tube feed 1.5kcal/ml peptide  based, higher protein(0914034) (0914034A0)",155,80018.9242810046,,,64005675
202510,ENGLAND,Enteral nutrition (0914),Tube feed 1.8 kcal/ml (0914035) (0914035A0),21,8511.5604,,,64005675
202510,ENGLAND,Enteral nutrition (0914),Tube feed 0.6 kcal/ml peptide based (0914041) (0914041A0),81,43142.5444,,,64005675
202510,ENGLAND,Enteral nutrition (0914),Tube feed 1 kcal/ml peptide based (0914041) (0914041B0),779,586934.860986661,,,64005675
202510,ENGLAND,Enteral nutrition (0914),Tube feed 1.5 kcal/ml peptide based (0914041) (0914041C0),1169,745318.518534832,,,64005675
202510,ENGLAND,Enteral nutrition (0914),Tube feed 1.2 kcal/ml peptide based (0914041D0),88,37859.8712,,,64005675
202510,ENGLAND,Enteral nutrition (0914),Tube feed additive 1 kcal/ml higher protein liquid (0914051) (0914051A0),2496,193714.90043852,,,64005675
202510,ENGLAND,Enteral nutrition (0914),Tube feed additive 2kcal/ml h/prot plant based liq (0914051) (0914051B0),252,23233.6330835112,,,64005675
202510,ENGLAND,Enteral nutrition (0914),Tube feed additive 0.5 kcal/ml high fibre liquid (0914052) (0914052A0),3247,153027.960982831,,,64005675
202510,ENGLAND,Enteral nutrition (0914),Tube feed non ACBS 1kcal/ml higher protein (0914061) (0914061A0),36,15206.8964,,,64005675
202510,ENGLAND,Enteral nutrition (0914),Tube feed non ACBS 2kcal/ml higher protein(0914061) (0914061C0),819,484570.3740229,,,64005675
202510,ENGLAND,Enteral nutrition (0914),Tube feed non ACBS 1.3kcal/ml h/prot for use in IC (0914071) (0914071A0),21,9731.90617985677,,,64005675
202510,ENGLAND,Enteral nutrition (0914),Tube feed non ACBS 1.5kcal/ml for use in diabetes (0914071) (0914071C0),30,16420.4433271256,,,64005675
202510,ENGLAND,Enteral nutrition (0914),Tube feed non ACBS 1kcal/ml for low sodium needs (0914071) (0914071D0),9,7921.1016,,,64005675
202511,ENGLAND,Enteral nutrition (0914),"Tube feed 0.8 kcal/ml with fibre, higher protein (0914011) (0914011A0)",411,186549.7764,,,63996561
202511,ENGLAND,Enteral nutrition (0914),Tube feed 1 kcal/ml (0914011)  (0914011B0),309,103054.5916,,,63996561
202511,ENGLAND,Enteral nutrition (0914),Tube feed 1 kcal/ml with fibre (0914011) (0914011C0),516,206410.8501941,,,63996561
202511,ENGLAND,Enteral nutrition (0914),"Tube feed 1 kcal/ml with fibre, higher protein (0914011) (0914011D0)",1020,453943.253389441,,,63996561
202511,ENGLAND,Enteral nutrition (0914),Tube feed 1.2 kcal/ml higher protein (0914011)  (0914011E0),117,42408.6808,,,63996561
202511,ENGLAND,Enteral nutrition (0914),"Tube feed 1.2 kcal/ml with fibre, higher protein (0914011) (0914011F0)",956,494128.2844,,,63996561
202511,ENGLAND,Enteral nutrition (0914),"Tube feed 1.3kcal/ml with fibre, higher protein (0914011) (0914011G0)",511,231603.3864,,,63996561
202511,ENGLAND,Enteral nutrition (0914),Tube feed 1.5 kcal/ml (0914011) (0914011H0),1597,667221.783141794,,,63996561
202511,ENGLAND,Enteral nutrition (0914),Tube feed 1.5 kcal/ml higher protein (0914011) (0914011I0),343,127234.486243135,,,63996561
202511,ENGLAND,Enteral nutrition (0914),Tube feed 1.5 kcal/ml with fibre (0914011) (0914011J0),3168,1402930.1950354,,,63996561
202511,ENGLAND,Enteral nutrition (0914),"Tube feed 1.5 kcal/ml with fibre, higher protein (0914011) (0914011K0)",279,113232.321517183,,,63996561
202511,ENGLAND,Enteral nutrition (0914),Tube feed 2 kcal/ml higher protein (0914011) (0914011M0),111,45759.2364,,,63996561
202511,ENGLAND,Enteral nutrition (0914),Tube feed 2 kcal/ml with fibre (0914011) (0914011N0),1109,662201.483967883,,,63996561
202511,ENGLAND,Enteral nutrition (0914),"Tube feed 2kcal/ml with fibre, higher protein (0914011)  (0914011P0)",83,39695.7048005209,,,63996561
202511,ENGLAND,Enteral nutrition (0914),Tube feed 1.3kcal/ml higher protein (0914011) (0914011Q0),230,87825.032,,,63996561
202511,ENGLAND,Enteral nutrition (0914),Tube feed 2kcal/ml w fibre higher prot plant based (0914011) (0914011R0),299,154649.981538271,,,63996561
202511,ENGLAND,Enteral nutrition (0914),Tube feed 0.75 kcal/ml with fibre (0914021) (0914021A0),266,116803.1584,,,63996561
202511,ENGLAND,Enteral nutrition (0914),Tube feed 1 kcal/ml (0914021) (0914021B0),294,130226.244695946,,,63996561
202511,ENGLAND,Enteral nutrition (0914),Tube feed 1 kcal/ml with fibre (0914021) (0914021C0),716,368710.4784,,,63996561
202511,ENGLAND,Enteral nutrition (0914),Tube feed 1.2 kcal/ml with fibre (0914021) (0914021D0),1526,562377.251090923,,,63996561
202511,ENGLAND,Enteral nutrition (0914),Tube feed 1.5 kcal/ml (0914021) (0914021E0),439,201566.0636,,,63996561
202511,ENGLAND,Enteral nutrition (0914),Tube feed 1.5 kcal/ml with fibre (0914021) (0914021F0),1196,648029.268028961,,,63996561
202511,ENGLAND,Enteral nutrition (0914),Tube feed 1 kcal/ml peptide based (0914032) (0914032A0),379,197254.0496,,,63996561
202511,ENGLAND,Enteral nutrition (0914),Tube feed 1.3 kcal/ml peptide based (0914032) (0914032B0),616,315764.4184,,,63996561
202511,ENGLAND,Enteral nutrition (0914),Tube feed 1.5 kcal/ml peptide based (0914032) (0914032C0),1444,886862.495350794,,,63996561
202511,ENGLAND,Enteral nutrition (0914),Tube feed 1 kcal/ml soya based (0914033) (0914033A0),208,109453.0792,,,63996561
202511,ENGLAND,Enteral nutrition (0914),Tube feed 1 kcal/ml soya based with fibre (0914033) (0914033B0),63,41259.8312,,,63996561
202511,ENGLAND,Enteral nutrition (0914),"Tube feed 1.5kcal/ml peptide  based, higher protein(0914034) (0914034A0)",115,63333.8573767469,,,63996561
202511,ENGLAND,Enteral nutrition (0914),Tube feed 1.8 kcal/ml (0914035) (0914035A0),15,6762.906,,,63996561
202511,ENGLAND,Enteral nutrition (0914),Tube feed 0.6 kcal/ml peptide based (0914041) (0914041A0),66,35483.9284,,,63996561
202511,ENGLAND,Enteral nutrition (0914),Tube feed 1 kcal/ml peptide based (0914041) (0914041B0),581,436972.645390273,,,63996561
202511,ENGLAND,Enteral nutrition (0914),Tube feed 1.5 kcal/ml peptide based (0914041) (0914041C0),931,546812.89157129,,,63996561
202511,ENGLAND,Enteral nutrition (0914),Tube feed 1.2 kcal/ml peptide based (0914041D0),82,33589.2768,,,63996561
202511,ENGLAND,Enteral nutrition (0914),Tube feed additive 1 kcal/ml higher protein liquid (0914051) (0914051A0),2059,159329.923578031,,,63996561
202511,ENGLAND,Enteral nutrition (0914),Tube feed additive 2kcal/ml h/prot plant based liq (0914051) (0914051B0),215,20296.746,,,63996561
202511,ENGLAND,Enteral nutrition (0914),Tube feed additive 0.5 kcal/ml high fibre liquid (0914052) (0914052A0),2812,129601.076135305,,,63996561
202511,ENGLAND,Enteral nutrition (0914),Tube feed non ACBS 1kcal/ml higher protein (0914061) (0914061A0),34,13548.5716,,,63996561
202511,ENGLAND,Enteral nutrition (0914),Tube feed non ACBS 2kcal/ml higher protein(0914061) (0914061C0),545,314552.198,,,63996561
202511,ENGLAND,Enteral nutrition (0914),Tube feed non ACBS 1.3kcal/ml h/prot for use in IC (0914071) (0914071A0),16,5769.53853130481,,,63996561
202511,ENGLAND,Enteral nutrition (0914),Tube feed non ACBS 1.5kcal/ml for use in diabetes (0914071) (0914071C0),41,20665.7949391912,,,63996561
202511,ENGLAND,Enteral nutrition (0914),Tube feed non ACBS 1kcal/ml for low sodium needs (0914071) (0914071D0),5,6134.162,,,63996561
202512,ENGLAND,Enteral nutrition (0914),"Tube feed 0.8 kcal/ml with fibre, higher protein (0914011) (0914011A0)",496,228555.0304,,,63957289
202512,ENGLAND,Enteral nutrition (0914),Tube feed 1 kcal/ml (0914011)  (0914011B0),369,127098.1756,,,63957289
202512,ENGLAND,Enteral nutrition (0914),Tube feed 1 kcal/ml with fibre (0914011) (0914011C0),542,215824.494062589,,,63957289
202512,ENGLAND,Enteral nutrition (0914),"Tube feed 1 kcal/ml with fibre, higher protein (0914011) (0914011D0)",1115,510422.986,,,63957289
202512,ENGLAND,Enteral nutrition (0914),Tube feed 1.2 kcal/ml higher protein (0914011)  (0914011E0),137,51373.7592042752,,,63957289
202512,ENGLAND,Enteral nutrition (0914),"Tube feed 1.2 kcal/ml with fibre, higher protein (0914011) (0914011F0)",1107,586455.1568,,,63957289
202512,ENGLAND,Enteral nutrition (0914),"Tube feed 1.3kcal/ml with fibre, higher protein (0914011) (0914011G0)",559,258102.9616,,,63957289
202512,ENGLAND,Enteral nutrition (0914),Tube feed 1.5 kcal/ml (0914011) (0914011H0),1849,805194.759286654,,,63957289
202512,ENGLAND,Enteral nutrition (0914),Tube feed 1.5 kcal/ml higher protein (0914011) (0914011I0),373,141956.504470806,,,63957289
202512,ENGLAND,Enteral nutrition (0914),Tube feed 1.5 kcal/ml with fibre (0914011) (0914011J0),3441,1623154.21361619,,,63957289
202512,ENGLAND,Enteral nutrition (0914),"Tube feed 1.5 kcal/ml with fibre, higher protein (0914011) (0914011K0)",326,143481.4313028,,,63957289
202512,ENGLAND,Enteral nutrition (0914),Tube feed 2 kcal/ml higher protein (0914011) (0914011M0),151,68689.2124,,,63957289
202512,ENGLAND,Enteral nutrition (0914),Tube feed 2 kcal/ml with fibre (0914011) (0914011N0),1294,810837.471944807,,,63957289
202512,ENGLAND,Enteral nutrition (0914),"Tube feed 2kcal/ml with fibre, higher protein (0914011)  (0914011P0)",96,43360.8721634192,,,63957289
202512,ENGLAND,Enteral nutrition (0914),Tube feed 1.3kcal/ml higher protein (0914011) (0914011Q0),287,107166.1788,,,63957289
202512,ENGLAND,Enteral nutrition (0914),Tube feed 2kcal/ml w fibre higher prot plant based (0914011) (0914011R0),417,215641.948328264,,,63957289
202512,ENGLAND,Enteral nutrition (0914),Tube feed 0.75 kcal/ml with fibre (0914021) (0914021A0),300,139357.62,,,63957289
202512,ENGLAND,Enteral nutrition (0914),Tube feed 1 kcal/ml (0914021) (0914021B0),347,152711.742702564,,,63957289
202512,ENGLAND,Enteral nutrition (0914),Tube feed 1 kcal/ml with fibre (0914021) (0914021C0),760,397670.954,,,63957289
202512,ENGLAND,Enteral nutrition (0914),Tube feed 1.2 kcal/ml with fibre (0914021) (0914021D0),1660,630811.675565383,,,63957289
202512,ENGLAND,Enteral nutrition (0914),Tube feed 1.5 kcal/ml (0914021) (0914021E0),583,285889.5892,,,63957289
202512,ENGLAND,Enteral nutrition (0914),Tube feed 1.5 kcal/ml with fibre (0914021) (0914021F0),1274,701915.657828786,,,63957289
202512,ENGLAND,Enteral nutrition (0914),Tube feed 1 kcal/ml peptide based (0914032) (0914032A0),431,268916.124003836,,,63957289
202512,ENGLAND,Enteral nutrition (0914),Tube feed 1.3 kcal/ml peptide based (0914032) (0914032B0),700,373496.331626303,,,63957289
202512,ENGLAND,Enteral nutrition (0914),Tube feed 1.5 kcal/ml peptide based (0914032) (0914032C0),1547,960381.830482107,,,63957289
202512,ENGLAND,Enteral nutrition (0914),Tube feed 1 kcal/ml soya based (0914033) (0914033A0),240,133473.476,,,63957289
202512,ENGLAND,Enteral nutrition (0914),Tube feed 1 kcal/ml soya based with fibre (0914033) (0914033B0),71,49688.5667630687,,,63957289
202512,ENGLAND,Enteral nutrition (0914),"Tube feed 1.5kcal/ml peptide  based, higher protein(0914034) (0914034A0)",130,69934.3628837761,,,63957289
202512,ENGLAND,Enteral nutrition (0914),Tube feed 1.8 kcal/ml (0914035) (0914035A0),32,13572.1568,,,63957289
202512,ENGLAND,Enteral nutrition (0914),Tube feed 0.6 kcal/ml peptide based (0914041) (0914041A0),73,39982.2752,,,63957289
202512,ENGLAND,Enteral nutrition (0914),Tube feed 1 kcal/ml peptide based (0914041) (0914041B0),681,513225.898419984,,,63957289
202512,ENGLAND,Enteral nutrition (0914),Tube feed 1.5 kcal/ml peptide based (0914041) (0914041C0),1276,811639.4424,,,63957289
202512,ENGLAND,Enteral nutrition (0914),Tube feed 1.2 kcal/ml peptide based (0914041D0),82,37354.7768,,,63957289
202512,ENGLAND,Enteral nutrition (0914),Tube feed additive 1 kcal/ml higher protein liquid (0914051) (0914051A0),2524,199830.973379304,,,63957289
202512,ENGLAND,Enteral nutrition (0914),Tube feed additive 2kcal/ml h/prot plant based liq (0914051) (0914051B0),258,25758.7792,,,63957289
202512,ENGLAND,Enteral nutrition (0914),Tube feed additive 0.5 kcal/ml high fibre liquid (0914052) (0914052A0),3123,148044.180908981,,,63957289
202512,ENGLAND,Enteral nutrition (0914),Tube feed non ACBS 1kcal/ml higher protein (0914061) (0914061A0),42,17565.6208,,,63957289
202512,ENGLAND,Enteral nutrition (0914),Tube feed non ACBS 2kcal/ml higher protein(0914061) (0914061C0),650,386898.37,,,63957289
202512,ENGLAND,Enteral nutrition (0914),Tube feed non ACBS 1.3kcal/ml h/prot for use in IC (0914071) (0914071A0),26,9640.37897399173,,,63957289
202512,ENGLAND,Enteral nutrition (0914),Tube feed non ACBS 1.5kcal/ml for use in diabetes (0914071) (0914071C0),45,26019.1757399075,,,63957289
202512,ENGLAND,Enteral nutrition (0914),Tube feed non ACBS 1kcal/ml for low sodium needs (0914071) (0914071D0),10,11228.194,,,63957289
202601,ENGLAND,Enteral nutrition (0914),"Tube feed 0.8 kcal/ml with fibre, higher protein (0914011) (0914011A0)",420,196413.888,,,63850356
202601,ENGLAND,Enteral nutrition (0914),Tube feed 1 kcal/ml (0914011)  (0914011B0),308,103998.0192,,,63850356
202601,ENGLAND,Enteral nutrition (0914),Tube feed 1 kcal/ml with fibre (0914011) (0914011C0),506,212805.597817639,,,63850356
202601,ENGLAND,Enteral nutrition (0914),"Tube feed 1 kcal/ml with fibre, higher protein (0914011) (0914011D0)",984,461769.3816,,,63850356
202601,ENGLAND,Enteral nutrition (0914),Tube feed 1.2 kcal/ml higher protein (0914011)  (0914011E0),128,48768.3872,,,63850356
202601,ENGLAND,Enteral nutrition (0914),"Tube feed 1.2 kcal/ml with fibre, higher protein (0914011) (0914011F0)",964,519476.3936,,,63850356
202601,ENGLAND,Enteral nutrition (0914),"Tube feed 1.3kcal/ml with fibre, higher protein (0914011) (0914011G0)",486,223007.1764,,,63850356
202601,ENGLAND,Enteral nutrition (0914),Tube feed 1.5 kcal/ml (0914011) (0914011H0),1566,681873.6084,,,63850356
202601,ENGLAND,Enteral nutrition (0914),Tube feed 1.5 kcal/ml higher protein (0914011) (0914011I0),294,111646.764567896,,,63850356
202601,ENGLAND,Enteral nutrition (0914),Tube feed 1.5 kcal/ml with fibre (0914011) (0914011J0),2934,1337500.97701717,,,63850356
202601,ENGLAND,Enteral nutrition (0914),"Tube feed 1.5 kcal/ml with fibre, higher protein (0914011) (0914011K0)",294,136505.158315784,,,63850356
202601,ENGLAND,Enteral nutrition (0914),Tube feed 2 kcal/ml higher protein (0914011) (0914011M0),99,42463.2276,,,63850356
202601,ENGLAND,Enteral nutrition (0914),Tube feed 2 kcal/ml with fibre (0914011) (0914011N0),1244,748676.1756,,,63850356
202601,ENGLAND,Enteral nutrition (0914),"Tube feed 2kcal/ml with fibre, higher protein (0914011)  (0914011P0)",69,33391.8850093497,,,63850356
202601,ENGLAND,Enteral nutrition (0914),Tube feed 1.3kcal/ml higher protein (0914011) (0914011Q0),225,83172.96,,,63850356
202601,ENGLAND,Enteral nutrition (0914),Tube feed 2kcal/ml w fibre higher prot plant based (0914011) (0914011R0),317,173116.877270714,,,63850356
202601,ENGLAND,Enteral nutrition (0914),Tube feed 1.6kcal/ml higher protein (0914011) (0914011T0),5,1197.28676528299,,,63850356
202601,ENGLAND,Enteral nutrition (0914),Tube feed 0.75 kcal/ml with fibre (0914021) (0914021A0),243,111165.2932,,,63850356
202601,ENGLAND,Enteral nutrition (0914),Tube feed 1 kcal/ml (0914021) (0914021B0),320,139824.339191121,,,63850356
202601,ENGLAND,Enteral nutrition (0914),Tube feed 1 kcal/ml with fibre (0914021) (0914021C0),595,304125.118,,,63850356
202601,ENGLAND,Enteral nutrition (0914),Tube feed 1.2 kcal/ml with fibre (0914021) (0914021D0),1548,585508.525002522,,,63850356
202601,ENGLAND,Enteral nutrition (0914),Tube feed 1.5 kcal/ml (0914021) (0914021E0),461,232598.6364,,,63850356
202601,ENGLAND,Enteral nutrition (0914),Tube feed 1.5 kcal/ml with fibre (0914021) (0914021F0),1153,650144.050928222,,,63850356
202601,ENGLAND,Enteral nutrition (0914),Tube feed 1 kcal/ml peptide based (0914032) (0914032A0),358,213129.4492,,,63850356
202601,ENGLAND,Enteral nutrition (0914),Tube feed 1.3 kcal/ml peptide based (0914032) (0914032B0),606,318300.6544,,,63850356
202601,ENGLAND,Enteral nutrition (0914),Tube feed 1.5 kcal/ml peptide based (0914032) (0914032C0),1457,909912.738682135,,,63850356
202601,ENGLAND,Enteral nutrition (0914),Tube feed 1 kcal/ml soya based (0914033) (0914033A0),204,109670.2596,,,63850356
202601,ENGLAND,Enteral nutrition (0914),Tube feed 1 kcal/ml soya based with fibre (0914033) (0914033B0),68,41097.0392184666,,,63850356
202601,ENGLAND,Enteral nutrition (0914),"Tube feed 1.5kcal/ml peptide  based, higher protein(0914034) (0914034A0)",110,59113.831700332,,,63850356
202601,ENGLAND,Enteral nutrition (0914),Tube feed 1.8 kcal/ml (0914035) (0914035A0),24,10457.0376,,,63850356
202601,ENGLAND,Enteral nutrition (0914),Tube feed 0.6 kcal/ml peptide based (0914041) (0914041A0),71,37438.9304,,,63850356
202601,ENGLAND,Enteral nutrition (0914),Tube feed 1 kcal/ml peptide based (0914041) (0914041B0),505,362542.713351459,,,63850356
202601,ENGLAND,Enteral nutrition (0914),Tube feed 1.5 kcal/ml peptide based (0914041) (0914041C0),1086,693106.284850114,,,63850356
202601,ENGLAND,Enteral nutrition (0914),Tube feed 1.2 kcal/ml peptide based (0914041D0),88,37292.8312,,,63850356
202601,ENGLAND,Enteral nutrition (0914),Tube feed additive 1 kcal/ml higher protein liquid (0914051) (0914051A0),2280,181538.723112747,,,63850356
202601,ENGLAND,Enteral nutrition (0914),Tube feed additive 2kcal/ml h/prot plant based liq (0914051) (0914051B0),228,22535.5572,,,63850356
202601,ENGLAND,Enteral nutrition (0914),Tube feed additive 0.5 kcal/ml high fibre liquid (0914052) (0914052A0),2994,146950.440920606,,,63850356
202601,ENGLAND,Enteral nutrition (0914),Tube feed non ACBS 1kcal/ml higher protein (0914061) (0914061A0),35,13765.934,,,63850356
202601,ENGLAND,Enteral nutrition (0914),Tube feed non ACBS 2kcal/ml higher protein(0914061) (0914061C0),591,356515.4084,,,63850356
202601,ENGLAND,Enteral nutrition (0914),Tube feed non ACBS 1.3kcal/ml h/prot for use in IC (0914071) (0914071A0),17,6109.92880285453,,,63850356
202601,ENGLAND,Enteral nutrition (0914),Tube feed non ACBS 1.5kcal/ml for use in diabetes (0914071) (0914071C0),46,25388.1242713457,,,63850356
202601,ENGLAND,Enteral nutrition (0914),Tube feed non ACBS 1kcal/ml for low sodium needs (0914071) (0914071D0),8,8001.0992,,,63850356
202602,ENGLAND,Enteral nutrition (0914),"Tube feed 0.8 kcal/ml with fibre, higher protein (0914011) (0914011A0)",411,198288.8964,,,63769637
202602,ENGLAND,Enteral nutrition (0914),Tube feed 1 kcal/ml (0914011)  (0914011B0),297,102858.3828,,,63769637
202602,ENGLAND,Enteral nutrition (0914),Tube feed 1 kcal/ml with fibre (0914011) (0914011C0),423,188486.4552,,,63769637
202602,ENGLAND,Enteral nutrition (0914),"Tube feed 1 kcal/ml with fibre, higher protein (0914011) (0914011D0)",904,426563.0096,,,63769637
202602,ENGLAND,Enteral nutrition (0914),Tube feed 1.2 kcal/ml higher protein (0914011)  (0914011E0),114,44720.1036,,,63769637
202602,ENGLAND,Enteral nutrition (0914),"Tube feed 1.2 kcal/ml with fibre, higher protein (0914011) (0914011F0)",862,462011.4788,,,63769637
202602,ENGLAND,Enteral nutrition (0914),"Tube feed 1.3kcal/ml with fibre, higher protein (0914011) (0914011G0)",451,213280.1224,,,63769637
202602,ENGLAND,Enteral nutrition (0914),Tube feed 1.5 kcal/ml (0914011) (0914011H0),1507,677250.144397714,,,63769637
202602,ENGLAND,Enteral nutrition (0914),Tube feed 1.5 kcal/ml higher protein (0914011) (0914011I0),334,135221.507140283,,,63769637
202602,ENGLAND,Enteral nutrition (0914),Tube feed 1.5 kcal/ml with fibre (0914011) (0914011J0),3063,1424049.1266517,,,63769637
202602,ENGLAND,Enteral nutrition (0914),"Tube feed 1.5 kcal/ml with fibre, higher protein (0914011) (0914011K0)",297,135478.539463286,,,63769637
202602,ENGLAND,Enteral nutrition (0914),Tube feed 2 kcal/ml higher protein (0914011) (0914011M0),97,39925.5928,,,63769637
202602,ENGLAND,Enteral nutrition (0914),Tube feed 2 kcal/ml with fibre (0914011) (0914011N0),1064,646228.2336,,,63769637
202602,ENGLAND,Enteral nutrition (0914),"Tube feed 2kcal/ml with fibre, higher protein (0914011)  (0914011P0)",72,32685.1883514334,,,63769637
202602,ENGLAND,Enteral nutrition (0914),Tube feed 1.3kcal/ml higher protein (0914011) (0914011Q0),230,90915.872,,,63769637
202602,ENGLAND,Enteral nutrition (0914),Tube feed 2kcal/ml w fibre higher prot plant based (0914011) (0914011R0),325,166224.47894139,,,63769637
202602,ENGLAND,Enteral nutrition (0914),Tube feed 1.6kcal/ml higher protein (0914011) (0914011T0),20,5800.27319828648,,,63769637
202602,ENGLAND,Enteral nutrition (0914),Tube feed 0.75 kcal/ml with fibre (0914021) (0914021A0),229,105847.6796,,,63769637
202602,ENGLAND,Enteral nutrition (0914),Tube feed 1 kcal/ml (0914021) (0914021B0),308,140798.638579443,,,63769637
202602,ENGLAND,Enteral nutrition (0914),Tube feed 1 kcal/ml with fibre (0914021) (0914021C0),658,349376.9792,,,63769637
202602,ENGLAND,Enteral nutrition (0914),Tube feed 1.2 kcal/ml with fibre (0914021) (0914021D0),1417,536854.802410036,,,63769637
202602,ENGLAND,Enteral nutrition (0914),Tube feed 1.5 kcal/ml (0914021) (0914021E0),430,222080.250465114,,,63769637
202602,ENGLAND,Enteral nutrition (0914),Tube feed 1.5 kcal/ml with fibre (0914021) (0914021F0),1030,592837.212,,,63769637
202602,ENGLAND,Enteral nutrition (0914),Tube feed 1 kcal/ml peptide based (0914032) (0914032A0),360,210983.774,,,63769637
202602,ENGLAND,Enteral nutrition (0914),Tube feed 1.3 kcal/ml peptide based (0914032) (0914032B0),576,298957.2424,,,63769637
202602,ENGLAND,Enteral nutrition (0914),Tube feed 1.5 kcal/ml peptide based (0914032) (0914032C0),1273,805563.43654412,,,63769637
202602,ENGLAND,Enteral nutrition (0914),Tube feed 1 kcal/ml soya based (0914033) (0914033A0),191,104425.099958158,,,63769637
202602,ENGLAND,Enteral nutrition (0914),Tube feed 1 kcal/ml soya based with fibre (0914033) (0914033B0),58,38370.7592,,,63769637
202602,ENGLAND,Enteral nutrition (0914),"Tube feed 1.5kcal/ml peptide  based, higher protein(0914034) (0914034A0)",103,59797.0199109238,,,63769637
202602,ENGLAND,Enteral nutrition (0914),Tube feed 1.8 kcal/ml (0914035) (0914035A0),18,7237.7232,,,63769637
202602,ENGLAND,Enteral nutrition (0914),Tube feed 0.6 kcal/ml peptide based (0914041) (0914041A0),64,33453.0436,,,63769637
202602,ENGLAND,Enteral nutrition (0914),Tube feed 1 kcal/ml peptide based (0914041) (0914041B0),688,507165.328005588,,,63769637
202602,ENGLAND,Enteral nutrition (0914),Tube feed 1.5 kcal/ml peptide based (0914041) (0914041C0),1050,662040.139670918,,,63769637
202602,ENGLAND,Enteral nutrition (0914),Tube feed 1.2 kcal/ml peptide based (0914041D0),87,36451.1188,,,63769637
202602,ENGLAND,Enteral nutrition (0914),Tube feed additive 1 kcal/ml higher protein liquid (0914051) (0914051A0),2065,161457.64050449,,,63769637
202602,ENGLAND,Enteral nutrition (0914),Tube feed additive 2kcal/ml h/prot plant based liq (0914051) (0914051B0),213,22205.5012,,,63769637
202602,ENGLAND,Enteral nutrition (0914),Tube feed additive 0.5 kcal/ml high fibre liquid (0914052) (0914052A0),2819,131788.077472277,,,63769637
202602,ENGLAND,Enteral nutrition (0914),Tube feed non ACBS 1kcal/ml higher protein (0914061) (0914061A0),46,19908.2204,,,63769637
202602,ENGLAND,Enteral nutrition (0914),Tube feed non ACBS 2kcal/ml higher protein(0914061) (0914061C0),544,352375.5056,,,63769637
202602,ENGLAND,Enteral nutrition (0914),Tube feed non ACBS 1.3kcal/ml h/prot for use in IC (0914071) (0914071A0),14,5463.31197415999,,,63769637
202602,ENGLAND,Enteral nutrition (0914),Tube feed non ACBS 1.5kcal/ml for use in diabetes (0914071) (0914071C0),47,28533.4049818852,,,63769637
202602,ENGLAND,Enteral nutrition (0914),Tube feed non ACBS 1kcal/ml for low sodium needs (0914071) (0914071D0),6,6653.8344,,,63769637
202603,ENGLAND,Enteral nutrition (0914),"Tube feed 0.8 kcal/ml with fibre, higher protein (0914011) (0914011A0)",426,206933.2424,,,63731682
202603,ENGLAND,Enteral nutrition (0914),Tube feed 1 kcal/ml (0914011)  (0914011B0),333,117692.4292,,,63731682
202603,ENGLAND,Enteral nutrition (0914),Tube feed 1 kcal/ml with fibre (0914011) (0914011C0),491,213988.2184,,,63731682
202603,ENGLAND,Enteral nutrition (0914),"Tube feed 1 kcal/ml with fibre, higher protein (0914011) (0914011D0)",1090,506007.166,,,63731682
202603,ENGLAND,Enteral nutrition (0914),Tube feed 1.2 kcal/ml higher protein (0914011)  (0914011E0),123,48960.0728060169,,,63731682
202603,ENGLAND,Enteral nutrition (0914),"Tube feed 1.2 kcal/ml with fibre, higher protein (0914011) (0914011F0)",1000,540393.16,,,63731682
202603,ENGLAND,Enteral nutrition (0914),"Tube feed 1.3kcal/ml with fibre, higher protein (0914011) (0914011G0)",486,223684.7964,,,63731682
202603,ENGLAND,Enteral nutrition (0914),Tube feed 1.5 kcal/ml (0914011) (0914011H0),1631,736412.060228048,,,63731682
202603,ENGLAND,Enteral nutrition (0914),Tube feed 1.5 kcal/ml higher protein (0914011) (0914011I0),346,138210.236651789,,,63731682
202603,ENGLAND,Enteral nutrition (0914),Tube feed 1.5 kcal/ml with fibre (0914011) (0914011J0),3369,1616180.93978873,,,63731682
202603,ENGLAND,Enteral nutrition (0914),"Tube feed 1.5 kcal/ml with fibre, higher protein (0914011) (0914011K0)",347,163994.427228501,,,63731682
202603,ENGLAND,Enteral nutrition (0914),Tube feed 2 kcal/ml higher protein (0914011) (0914011M0),98,38530.4252,,,63731682
202603,ENGLAND,Enteral nutrition (0914),Tube feed 2 kcal/ml with fibre (0914011) (0914011N0),1228,731127.2072,,,63731682
202603,ENGLAND,Enteral nutrition (0914),"Tube feed 2kcal/ml with fibre, higher protein (0914011)  (0914011P0)",71,34325.8726855048,,,63731682
202603,ENGLAND,Enteral nutrition (0914),Tube feed 1.3kcal/ml higher protein (0914011) (0914011Q0),255,103070.162406979,,,63731682
202603,ENGLAND,Enteral nutrition (0914),Tube feed 2kcal/ml w fibre higher prot plant based (0914011) (0914011R0),410,209335.053510762,,,63731682
202603,ENGLAND,Enteral nutrition (0914),Tube feed 1.6kcal/ml higher protein (0914011) (0914011T0),33,7447.01912355857,,,63731682
202603,ENGLAND,Enteral nutrition (0914),Tube feed 0.75 kcal/ml with fibre (0914021) (0914021A0),286,144126.5464,,,63731682
202603,ENGLAND,Enteral nutrition (0914),Tube feed 1 kcal/ml (0914021) (0914021B0),353,149943.90894565,,,63731682
202603,ENGLAND,Enteral nutrition (0914),Tube feed 1 kcal/ml with fibre (0914021) (0914021C0),828,450592.9272,,,63731682
202603,ENGLAND,Enteral nutrition (0914),Tube feed 1.2 kcal/ml with fibre (0914021) (0914021D0),1592,615920.11258098,,,63731682
202603,ENGLAND,Enteral nutrition (0914),Tube feed 1.5 kcal/ml (0914021) (0914021E0),436,228831.274378958,,,63731682
202603,ENGLAND,Enteral nutrition (0914),Tube feed 1.5 kcal/ml with fibre (0914021) (0914021F0),1167,666211.2308,,,63731682
202603,ENGLAND,Enteral nutrition (0914),Tube feed 1 kcal/ml peptide based (0914032) (0914032A0),378,218621.0572,,,63731682
202603,ENGLAND,Enteral nutrition (0914),Tube feed 1.3 kcal/ml peptide based (0914032) (0914032B0),621,329110.8004,,,63731682
202603,ENGLAND,Enteral nutrition (0914),Tube feed 1.5 kcal/ml peptide based (0914032) (0914032C0),1448,883231.818203461,,,63731682
202603,ENGLAND,Enteral nutrition (0914),Tube feed 1 kcal/ml soya based (0914033) (0914033A0),208,117332.448904344,,,63731682
202603,ENGLAND,Enteral nutrition (0914),Tube feed 1 kcal/ml soya based with fibre (0914033) (0914033B0),59,41279.4716,,,63731682
202603,ENGLAND,Enteral nutrition (0914),"Tube feed 1.5kcal/ml peptide  based, higher protein(0914034) (0914034A0)",122,68350.3317374024,,,63731682
202603,ENGLAND,Enteral nutrition (0914),Tube feed 1.8 kcal/ml (0914035) (0914035A0),21,10538.0604,,,63731682
202603,ENGLAND,Enteral nutrition (0914),Tube feed 0.6 kcal/ml peptide based (0914041) (0914041A0),83,44926.6892,,,63731682
202603,ENGLAND,Enteral nutrition (0914),Tube feed 1 kcal/ml peptide based (0914041) (0914041B0),698,532070.138810642,,,63731682
202603,ENGLAND,Enteral nutrition (0914),Tube feed 1.5 kcal/ml peptide based (0914041) (0914041C0),1065,683684.807070123,,,63731682
202603,ENGLAND,Enteral nutrition (0914),Tube feed 1.2 kcal/ml peptide based (0914041D0),79,32277.9596,,,63731682
202603,ENGLAND,Enteral nutrition (0914),Tube feed additive 1 kcal/ml higher protein liquid (0914051) (0914051A0),2380,188018.194425616,,,63731682
202603,ENGLAND,Enteral nutrition (0914),Tube feed additive 2kcal/ml h/prot plant based liq (0914051) (0914051B0),245,24639.698,,,63731682
202603,ENGLAND,Enteral nutrition (0914),Tube feed additive 0.5 kcal/ml high fibre liquid (0914052) (0914052A0),3104,151619.857196506,,,63731682
202603,ENGLAND,Enteral nutrition (0914),Tube feed non ACBS 1kcal/ml higher protein (0914061) (0914061A0),46,18418.9704,,,63731682
202603,ENGLAND,Enteral nutrition (0914),Tube feed non ACBS 2kcal/ml higher protein(0914061) (0914061C0),627,399204.601146254,,,63731682
202603,ENGLAND,Enteral nutrition (0914),Tube feed non ACBS 1.3kcal/ml h/prot for use in IC (0914071) (0914071A0),24,10404.2313379546,,,63731682
202603,ENGLAND,Enteral nutrition (0914),Tube feed non ACBS 1.5kcal/ml for use in diabetes (0914071) (0914071C0),55,31486.7498609832,,,63731682
202603,ENGLAND,Enteral nutrition (0914),Tube feed non ACBS 1kcal/ml for low sodium needs (0914071) (0914071D0),7,8018.0068,,,63731682
202604,ENGLAND,Enteral nutrition (0914),"Tube feed 0.8 kcal/ml with fibre, higher protein (0914011) (0914011A0)",430,209065.612,,,63675128
202604,ENGLAND,Enteral nutrition (0914),Tube feed 1 kcal/ml (0914011)  (0914011B0),319,114715.9156,,,63675128
202604,ENGLAND,Enteral nutrition (0914),Tube feed 1 kcal/ml with fibre (0914011) (0914011C0),482,204478.5168,,,63675128
202604,ENGLAND,Enteral nutrition (0914),"Tube feed 1 kcal/ml with fibre, higher protein (0914011) (0914011D0)",985,469227.604,,,63675128
202604,ENGLAND,Enteral nutrition (0914),Tube feed 1.2 kcal/ml higher protein (0914011)  (0914011E0),111,46306.0964,,,63675128
202604,ENGLAND,Enteral nutrition (0914),"Tube feed 1.2 kcal/ml with fibre, higher protein (0914011) (0914011F0)",931,500470.0144,,,63675128
202604,ENGLAND,Enteral nutrition (0914),"Tube feed 1.3kcal/ml with fibre, higher protein (0914011) (0914011G0)",468,221263.0632,,,63675128
202604,ENGLAND,Enteral nutrition (0914),Tube feed 1.5 kcal/ml (0914011) (0914011H0),1481,672951.152209204,,,63675128
202604,ENGLAND,Enteral nutrition (0914),Tube feed 1.5 kcal/ml higher protein (0914011) (0914011I0),329,130804.502629134,,,63675128
202604,ENGLAND,Enteral nutrition (0914),Tube feed 1.5 kcal/ml with fibre (0914011) (0914011J0),3083,1494717.18924302,,,63675128
202604,ENGLAND,Enteral nutrition (0914),"Tube feed 1.5 kcal/ml with fibre, higher protein (0914011) (0914011K0)",341,154743.769975446,,,63675128
202604,ENGLAND,Enteral nutrition (0914),Tube feed 2 kcal/ml higher protein (0914011) (0914011M0),102,41159.0748,,,63675128
202604,ENGLAND,Enteral nutrition (0914),Tube feed 2 kcal/ml with fibre (0914011) (0914011N0),956,553013.330799714,,,63675128
202604,ENGLAND,Enteral nutrition (0914),"Tube feed 2kcal/ml with fibre, higher protein (0914011)  (0914011P0)",73,33984.6369681762,,,63675128
202604,ENGLAND,Enteral nutrition (0914),Tube feed 1.3kcal/ml higher protein (0914011) (0914011Q0),234,96810.6216,,,63675128
202604,ENGLAND,Enteral nutrition (0914),Tube feed 2kcal/ml w fibre higher prot plant based (0914011) (0914011R0),393,201957.773049427,,,63675128
202604,ENGLAND,Enteral nutrition (0914),Tube feed 1.6kcal/ml higher protein (0914011) (0914011T0),29,9590.58469244097,,,63675128
202604,ENGLAND,Enteral nutrition (0914),Tube feed 0.75 kcal/ml with fibre (0914021) (0914021A0),240,119652.036,,,63675128
202604,ENGLAND,Enteral nutrition (0914),Tube feed 1 kcal/ml (0914021) (0914021B0),306,134488.8344,,,63675128
202604,ENGLAND,Enteral nutrition (0914),Tube feed 1 kcal/ml with fibre (0914021) (0914021C0),744,412347.451527344,,,63675128
202604,ENGLAND,Enteral nutrition (0914),Tube feed 1.2 kcal/ml with fibre (0914021) (0914021D0),1534,594957.041822396,,,63675128
202604,ENGLAND,Enteral nutrition (0914),Tube feed 1.5 kcal/ml (0914021) (0914021E0),429,233055.131186052,,,63675128
202604,ENGLAND,Enteral nutrition (0914),Tube feed 1.5 kcal/ml with fibre (0914021) (0914021F0),1078,639858.08316752,,,63675128
202604,ENGLAND,Enteral nutrition (0914),Tube feed 1 kcal/ml peptide based (0914032) (0914032A0),343,220697.7332,,,63675128
202604,ENGLAND,Enteral nutrition (0914),Tube feed 1.3 kcal/ml peptide based (0914032) (0914032B0),609,324402.87108289,,,63675128
202604,ENGLAND,Enteral nutrition (0914),Tube feed 1.5 kcal/ml peptide based (0914032) (0914032C0),1474,899685.123318797,,,63675128
202604,ENGLAND,Enteral nutrition (0914),Tube feed 1 kcal/ml soya based (0914033) (0914033A0),194,110321.3056,,,63675128
202604,ENGLAND,Enteral nutrition (0914),Tube feed 1 kcal/ml soya based with fibre (0914033) (0914033B0),59,39860.4516,,,63675128
202604,ENGLAND,Enteral nutrition (0914),"Tube feed 1.5kcal/ml peptide  based, higher protein(0914034) (0914034A0)",111,65567.8257854479,,,63675128
202604,ENGLAND,Enteral nutrition (0914),Tube feed 1.8 kcal/ml (0914035) (0914035A0),14,5535.4136,,,63675128
202604,ENGLAND,Enteral nutrition (0914),Tube feed 0.6 kcal/ml peptide based (0914041) (0914041A0),64,33870.6036,,,63675128
202604,ENGLAND,Enteral nutrition (0914),Tube feed 1 kcal/ml peptide based (0914041) (0914041B0),535,375990.390577475,,,63675128
202604,ENGLAND,Enteral nutrition (0914),Tube feed 1.5 kcal/ml peptide based (0914041) (0914041C0),1118,714997.603438812,,,63675128
202604,ENGLAND,Enteral nutrition (0914),Tube feed 1.2 kcal/ml peptide based (0914041D0),90,37337.156,,,63675128
202604,ENGLAND,Enteral nutrition (0914),Tube feed additive 1 kcal/ml higher protein liquid (0914051) (0914051A0),2257,183353.948175799,,,63675128
202604,ENGLAND,Enteral nutrition (0914),Tube feed additive 2kcal/ml h/prot plant based liq (0914051) (0914051B0),247,24944.7728,,,63675128
202604,ENGLAND,Enteral nutrition (0914),Tube feed additive 0.5 kcal/ml high fibre liquid (0914052) (0914052A0),2983,140498.75243988,,,63675128
202604,ENGLAND,Enteral nutrition (0914),Tube feed non ACBS 1kcal/ml higher protein (0914061) (0914061A0),35,13081.684,,,63675128
202604,ENGLAND,Enteral nutrition (0914),Tube feed non ACBS 2kcal/ml higher protein(0914061) (0914061C0),590,382530.572648675,,,63675128
202604,ENGLAND,Enteral nutrition (0914),Tube feed non ACBS 1.3kcal/ml h/prot for use in IC (0914071) (0914071A0),20,9204.39600978056,,,63675128
202604,ENGLAND,Enteral nutrition (0914),Tube feed non ACBS 1.5kcal/ml for use in diabetes (0914071) (0914071C0),46,26578.5614183121,,,63675128
202604,ENGLAND,Enteral nutrition (0914),Tube feed non ACBS 1kcal/ml for low sodium needs (0914071) (0914071D0),8,9966.8192,,,63675128
202605,ENGLAND,Enteral nutrition (0914),"Tube feed 0.8 kcal/ml with fibre, higher protein (0914011) (0914011A0)",397,190601.0428,,,63550855
202605,ENGLAND,Enteral nutrition (0914),Tube feed 1 kcal/ml (0914011)  (0914011B0),295,105333.388,,,63550855
202605,ENGLAND,Enteral nutrition (0914),Tube feed 1 kcal/ml with fibre (0914011) (0914011C0),453,195147.8272,,,63550855
202605,ENGLAND,Enteral nutrition (0914),"Tube feed 1 kcal/ml with fibre, higher protein (0914011) (0914011D0)",968,465542.1432,,,63550855
202605,ENGLAND,Enteral nutrition (0914),Tube feed 1.2 kcal/ml higher protein (0914011)  (0914011E0),100,45214.26,,,63550855
202605,ENGLAND,Enteral nutrition (0914),"Tube feed 1.2 kcal/ml with fibre, higher protein (0914011) (0914011F0)",872,488892.6428,,,63550855
202605,ENGLAND,Enteral nutrition (0914),"Tube feed 1.3kcal/ml with fibre, higher protein (0914011) (0914011G0)",451,208046.9724,,,63550855
202605,ENGLAND,Enteral nutrition (0914),Tube feed 1.5 kcal/ml (0914011) (0914011H0),1467,673310.432730683,,,63550855
202605,ENGLAND,Enteral nutrition (0914),Tube feed 1.5 kcal/ml higher protein (0914011) (0914011I0),328,124317.980974555,,,63550855
202605,ENGLAND,Enteral nutrition (0914),Tube feed 1.5 kcal/ml with fibre (0914011) (0914011J0),2950,1452176.97035745,,,63550855
202605,ENGLAND,Enteral nutrition (0914),"Tube feed 1.5 kcal/ml with fibre, higher protein (0914011) (0914011K0)",306,141213.500745903,,,63550855
202605,ENGLAND,Enteral nutrition (0914),Tube feed 2 kcal/ml higher protein (0914011) (0914011M0),87,33697.7088,,,63550855
202605,ENGLAND,Enteral nutrition (0914),Tube feed 2 kcal/ml with fibre (0914011) (0914011N0),1101,684176.587332053,,,63550855
202605,ENGLAND,Enteral nutrition (0914),"Tube feed 2kcal/ml with fibre, higher protein (0914011)  (0914011P0)",56,26488.5217652297,,,63550855
202605,ENGLAND,Enteral nutrition (0914),Tube feed 1.3kcal/ml higher protein (0914011) (0914011Q0),221,88485.5804,,,63550855
202605,ENGLAND,Enteral nutrition (0914),Tube feed 2kcal/ml w fibre higher prot plant based (0914011) (0914011R0),376,196344.684488021,,,63550855
202605,ENGLAND,Enteral nutrition (0914),Tube feed 1.6kcal/ml higher protein (0914011) (0914011T0),43,12948.1201486427,,,63550855
202605,ENGLAND,Enteral nutrition (0914),Tube feed 1.5kcal/ml w fibre high prot plant based (0914011) (0914011U0),1,57.6786000697998,,,63550855
202605,ENGLAND,Enteral nutrition (0914),Tube feed 0.75 kcal/ml with fibre (0914021) (0914021A0),233,114512.2792,,,63550855
202605,ENGLAND,Enteral nutrition (0914),Tube feed 1 kcal/ml (0914021) (0914021B0),317,132907.649000276,,,63550855
202605,ENGLAND,Enteral nutrition (0914),Tube feed 1 kcal/ml with fibre (0914021) (0914021C0),670,376530.358,,,63550855
202605,ENGLAND,Enteral nutrition (0914),Tube feed 1.2 kcal/ml with fibre (0914021) (0914021D0),1423,535515.245459018,,,63550855
202605,ENGLAND,Enteral nutrition (0914),Tube feed 1.5 kcal/ml (0914021) (0914021E0),423,218193.932109127,,,63550855
202605,ENGLAND,Enteral nutrition (0914),Tube feed 1.5 kcal/ml with fibre (0914021) (0914021F0),997,592763.4128,,,63550855
202605,ENGLAND,Enteral nutrition (0914),Tube feed 1 kcal/ml peptide based (0914032) (0914032A0),340,207242.766,,,63550855
202605,ENGLAND,Enteral nutrition (0914),Tube feed 1.3 kcal/ml peptide based (0914032) (0914032B0),566,297458.704228901,,,63550855
202605,ENGLAND,Enteral nutrition (0914),Tube feed 1.5 kcal/ml peptide based (0914032) (0914032C0),1356,871696.152720376,,,63550855
202605,ENGLAND,Enteral nutrition (0914),Tube feed 1 kcal/ml soya based (0914033) (0914033A0),177,102515.084192949,,,63550855
202605,ENGLAND,Enteral nutrition (0914),Tube feed 1 kcal/ml soya based with fibre (0914033) (0914033B0),57,34464.3868,,,63550855
202605,ENGLAND,Enteral nutrition (0914),"Tube feed 1.5kcal/ml peptide  based, higher protein(0914034) (0914034A0)",108,60029.771159786,,,63550855
202605,ENGLAND,Enteral nutrition (0914),Tube feed 1.8 kcal/ml (0914035) (0914035A0),17,8362.9108,,,63550855
202605,ENGLAND,Enteral nutrition (0914),Tube feed 0.6 kcal/ml peptide based (0914041) (0914041A0),68,36727.1432,,,63550855
202605,ENGLAND,Enteral nutrition (0914),Tube feed 1 kcal/ml peptide based (0914041) (0914041B0),671,509689.444666184,,,63550855
202605,ENGLAND,Enteral nutrition (0914),Tube feed 1.5 kcal/ml peptide based (0914041) (0914041C0),904,580142.490826554,,,63550855
202605,ENGLAND,Enteral nutrition (0914),Tube feed 1.2 kcal/ml peptide based (0914041D0),81,32783.0044,,,63550855
202605,ENGLAND,Enteral nutrition (0914),Tube feed additive 1 kcal/ml higher protein liquid (0914051) (0914051A0),2126,168917.051449872,,,63550855
202605,ENGLAND,Enteral nutrition (0914),Tube feed additive 2kcal/ml h/prot plant based liq (0914051) (0914051B0),241,24841.9584,,,63550855
202605,ENGLAND,Enteral nutrition (0914),Tube feed additive 0.5 kcal/ml high fibre liquid (0914052) (0914052A0),3020,143166.327015895,,,63550855
202605,ENGLAND,Enteral nutrition (0914),Tube feed non ACBS 1kcal/ml higher protein (0914061) (0914061A0),41,17112.4684,,,63550855
202605,ENGLAND,Enteral nutrition (0914),Tube feed non ACBS 2kcal/ml higher protein(0914061) (0914061C0),566,367035.037182797,,,63550855
202605,ENGLAND,Enteral nutrition (0914),Tube feed non ACBS 1.3kcal/ml h/prot for use in IC (0914071) (0914071A0),19,7814.96356357488,,,63550855
202605,ENGLAND,Enteral nutrition (0914),Tube feed non ACBS 1.5kcal/ml for use in diabetes (0914071) (0914071C0),48,27476.8434685517,,,63550855
202605,ENGLAND,Enteral nutrition (0914),Tube feed non ACBS 1kcal/ml for low sodium needs (0914071) (0914071D0),10,10523.644,,,63550855
202606,ENGLAND,Enteral nutrition (0914),"Tube feed 0.8 kcal/ml with fibre, higher protein (0914011) (0914011A0)",435,209992.314,,,63509986
202606,ENGLAND,Enteral nutrition (0914),Tube feed 1 kcal/ml (0914011)  (0914011B0),319,113716.534994678,,,63509986
202606,ENGLAND,Enteral nutrition (0914),Tube feed 1 kcal/ml with fibre (0914011) (0914011C0),482,214694.565486978,,,63509986
202606,ENGLAND,Enteral nutrition (0914),"Tube feed 1 kcal/ml with fibre, higher protein (0914011) (0914011D0)",1060,511916.774862826,,,63509986
202606,ENGLAND,Enteral nutrition (0914),Tube feed 1.2 kcal/ml higher protein (0914011)  (0914011E0),101,42442.0324,,,63509986
202606,ENGLAND,Enteral nutrition (0914),"Tube feed 1.2 kcal/ml with fibre, higher protein (0914011) (0914011F0)",975,528296.46,,,63509986
202606,ENGLAND,Enteral nutrition (0914),"Tube feed 1.3kcal/ml with fibre, higher protein (0914011) (0914011G0)",470,211657.288,,,63509986
202606,ENGLAND,Enteral nutrition (0914),Tube feed 1.5 kcal/ml (0914011) (0914011H0),1544,707978.373502542,,,63509986
202606,ENGLAND,Enteral nutrition (0914),Tube feed 1.5 kcal/ml higher protein (0914011) (0914011I0),365,139557.185523727,,,63509986
202606,ENGLAND,Enteral nutrition (0914),Tube feed 1.5 kcal/ml with fibre (0914011) (0914011J0),3205,1581411.97082256,,,63509986
202606,ENGLAND,Enteral nutrition (0914),"Tube feed 1.5 kcal/ml with fibre, higher protein (0914011) (0914011K0)",366,175908.829267184,,,63509986
202606,ENGLAND,Enteral nutrition (0914),Tube feed 2 kcal/ml higher protein (0914011) (0914011M0),97,40762.2028,,,63509986
202606,ENGLAND,Enteral nutrition (0914),Tube feed 2 kcal/ml with fibre (0914011) (0914011N0),1351,850838.941068644,,,63509986
202606,ENGLAND,Enteral nutrition (0914),"Tube feed 2kcal/ml with fibre, higher protein (0914011)  (0914011P0)",74,36027.8792163108,,,63509986
202606,ENGLAND,Enteral nutrition (0914),Tube feed 1.3kcal/ml higher protein (0914011) (0914011Q0),238,91857.1712,,,63509986
202606,ENGLAND,Enteral nutrition (0914),Tube feed 2kcal/ml w fibre higher prot plant based (0914011) (0914011R0),444,228217.535322237,,,63509986
202606,ENGLAND,Enteral nutrition (0914),Tube feed 1.6kcal/ml higher protein (0914011) (0914011T0),45,14943.6812451662,,,63509986
202606,ENGLAND,Enteral nutrition (0914),Tube feed 1.5kcal/ml w fibre high prot plant based (0914011) (0914011U0),4,1334.62081727611,,,63509986
202606,ENGLAND,Enteral nutrition (0914),Tube feed 0.75 kcal/ml with fibre (0914021) (0914021A0),256,121756.0244,,,63509986
202606,ENGLAND,Enteral nutrition (0914),Tube feed 1 kcal/ml (0914021) (0914021B0),350,157742.12311082,,,63509986
202606,ENGLAND,Enteral nutrition (0914),Tube feed 1 kcal/ml with fibre (0914021) (0914021C0),761,424164.552730691,,,63509986
202606,ENGLAND,Enteral nutrition (0914),Tube feed 1.2 kcal/ml with fibre (0914021) (0914021D0),1626,617223.610569389,,,63509986
202606,ENGLAND,Enteral nutrition (0914),Tube feed 1.5 kcal/ml (0914021) (0914021E0),450,230180.775928799,,,63509986
202606,ENGLAND,Enteral nutrition (0914),Tube feed 1.5 kcal/ml with fibre (0914021) (0914021F0),1126,659956.792261241,,,63509986
202606,ENGLAND,Enteral nutrition (0914),Tube feed 1 kcal/ml peptide based (0914032) (0914032A0),377,235841.3948,,,63509986
202606,ENGLAND,Enteral nutrition (0914),Tube feed 1.3 kcal/ml peptide based (0914032) (0914032B0),622,337046.220588877,,,63509986
202606,ENGLAND,Enteral nutrition (0914),Tube feed 1.5 kcal/ml peptide based (0914032) (0914032C0),1468,956060.313875624,,,63509986
202606,ENGLAND,Enteral nutrition (0914),Tube feed 1 kcal/ml soya based (0914033) (0914033A0),215,120661.484151979,,,63509986
202606,ENGLAND,Enteral nutrition (0914),Tube feed 1 kcal/ml soya based with fibre (0914033) (0914033B0),53,36180.3172,,,63509986
202606,ENGLAND,Enteral nutrition (0914),"Tube feed 1.5kcal/ml peptide  based, higher protein(0914034) (0914034A0)",120,67960.9666014182,,,63509986
202606,ENGLAND,Enteral nutrition (0914),Tube feed 1.8 kcal/ml (0914035) (0914035A0),15,8507.486,,,63509986
202606,ENGLAND,Enteral nutrition (0914),Tube feed 0.6 kcal/ml peptide based (0914041) (0914041A0),76,41083.1524,,,63509986
202606,ENGLAND,Enteral nutrition (0914),Tube feed 1 kcal/ml peptide based (0914041) (0914041B0),664,503243.976381782,,,63509986
202606,ENGLAND,Enteral nutrition (0914),Tube feed 1.5 kcal/ml peptide based (0914041) (0914041C0),1191,766284.196494807,,,63509986
202606,ENGLAND,Enteral nutrition (0914),Tube feed 1.2 kcal/ml peptide based (0914041D0),77,32136.1748,,,63509986
202606,ENGLAND,Enteral nutrition (0914),Tube feed additive 1 kcal/ml higher protein liquid (0914051) (0914051A0),2390,201147.219717564,,,63509986
202606,ENGLAND,Enteral nutrition (0914),Tube feed additive 2kcal/ml h/prot plant based liq (0914051) (0914051B0),271,27938.3404,,,63509986
202606,ENGLAND,Enteral nutrition (0914),Tube feed additive 0.5 kcal/ml high fibre liquid (0914052) (0914052A0),3268,165002.804098718,,,63509986
202606,ENGLAND,Enteral nutrition (0914),Tube feed non ACBS 1kcal/ml higher protein (0914061) (0914061A0),40,16425.296,,,63509986
202606,ENGLAND,Enteral nutrition (0914),Tube feed non ACBS 2kcal/ml higher protein(0914061) (0914061C0),616,402027.8084,,,63509986
202606,ENGLAND,Enteral nutrition (0914),Tube feed non ACBS 1.3kcal/ml h/prot for use in IC (0914071) (0914071A0),22,11269.5084193742,,,63509986
202606,ENGLAND,Enteral nutrition (0914),Tube feed non ACBS 1.5kcal/ml for use in diabetes (0914071) (0914071C0),57,31966.7917043836,,,63509986
202606,ENGLAND,Enteral nutrition (0914),Tube feed non ACBS 1kcal/ml for low sodium needs (0914071) (0914071D0),8,10133.8592,,,63509986
202607,ENGLAND,Enteral nutrition (0914),"Tube feed 0.8 kcal/ml with fibre, higher protein (0914011) (0914011A0)",497,238032.5228,,,63314950
202607,ENGLAND,Enteral nutrition (0914),Tube feed 1 kcal/ml (0914011)  (0914011B0),345,121572.758,,,63314950
202607,ENGLAND,Enteral nutrition (0914),Tube feed 1 kcal/ml with fibre (0914011) (0914011C0),466,209539.6184,,,63314950
202607,ENGLAND,Enteral nutrition (0914),"Tube feed 1 kcal/ml with fibre, higher protein (0914011) (0914011D0)",769,372993.214869389,,,63314950
202607,ENGLAND,Enteral nutrition (0914),Tube feed 1.2 kcal/ml higher protein (0914011)  (0914011E0),118,50441.5632,,,63314950
202607,ENGLAND,Enteral nutrition (0914),"Tube feed 1.2 kcal/ml with fibre, higher protein (0914011) (0914011F0)",987,545461.31928071,,,63314950
202607,ENGLAND,Enteral nutrition (0914),"Tube feed 1.3kcal/ml with fibre, higher protein (0914011) (0914011G0)",460,219096.784,,,63314950
202607,ENGLAND,Enteral nutrition (0914),Tube feed 1.5 kcal/ml (0914011) (0914011H0),1599,738232.283915244,,,63314950
202607,ENGLAND,Enteral nutrition (0914),Tube feed 1.5 kcal/ml higher protein (0914011) (0914011I0),385,148847.797747343,,,63314950
202607,ENGLAND,Enteral nutrition (0914),Tube feed 1.5 kcal/ml with fibre (0914011) (0914011J0),3217,1603185.30931861,,,63314950
202607,ENGLAND,Enteral nutrition (0914),"Tube feed 1.5 kcal/ml with fibre, higher protein (0914011) (0914011K0)",369,179863.85922821,,,63314950
202607,ENGLAND,Enteral nutrition (0914),Tube feed 2 kcal/ml higher protein (0914011) (0914011M0),97,41245.2028,,,63314950
202607,ENGLAND,Enteral nutrition (0914),Tube feed 2 kcal/ml with fibre (0914011) (0914011N0),1233,763917.803989153,,,63314950
202607,ENGLAND,Enteral nutrition (0914),"Tube feed 2kcal/ml with fibre, higher protein (0914011)  (0914011P0)",59,28841.5597666765,,,63314950
202607,ENGLAND,Enteral nutrition (0914),Tube feed 1.3kcal/ml higher protein (0914011) (0914011Q0),224,89788.5776,,,63314950
202607,ENGLAND,Enteral nutrition (0914),Tube feed 2kcal/ml w fibre higher prot plant based (0914011) (0914011R0),488,255655.454701043,,,63314950
202607,ENGLAND,Enteral nutrition (0914),Tube feed 1.6kcal/ml higher protein (0914011) (0914011T0),97,28316.0984459845,,,63314950
202607,ENGLAND,Enteral nutrition (0914),Tube feed 1.5kcal/ml w fibre high prot plant based (0914011) (0914011U0),10,3064.72852219819,,,63314950
202607,ENGLAND,Enteral nutrition (0914),Tube feed 0.75 kcal/ml with fibre (0914021) (0914021A0),264,123443.1136,,,63314950
202607,ENGLAND,Enteral nutrition (0914),Tube feed 1 kcal/ml (0914021) (0914021B0),367,163509.562028214,,,63314950
202607,ENGLAND,Enteral nutrition (0914),Tube feed 1 kcal/ml with fibre (0914021) (0914021C0),762,426140.2488,,,63314950
202607,ENGLAND,Enteral nutrition (0914),Tube feed 1.2 kcal/ml with fibre (0914021) (0914021D0),1664,669228.612626199,,,63314950
202607,ENGLAND,Enteral nutrition (0914),Tube feed 1.5 kcal/ml (0914021) (0914021E0),487,256758.995623212,,,63314950
202607,ENGLAND,Enteral nutrition (0914),Tube feed 1.5 kcal/ml with fibre (0914021) (0914021F0),1186,696696.4064,,,63314950
202607,ENGLAND,Enteral nutrition (0914),Tube feed 1 kcal/ml peptide based (0914032) (0914032A0),388,245810.9612,,,63314950
202607,ENGLAND,Enteral nutrition (0914),Tube feed 1.3 kcal/ml peptide based (0914032) (0914032B0),610,331859.424984871,,,63314950
202607,ENGLAND,Enteral nutrition (0914),Tube feed 1.5 kcal/ml peptide based (0914032) (0914032C0),1558,1000089.21122499,,,63314950
202607,ENGLAND,Enteral nutrition (0914),Tube feed 1 kcal/ml soya based (0914033) (0914033A0),215,119011.666,,,63314950
202607,ENGLAND,Enteral nutrition (0914),Tube feed 1 kcal/ml soya based with fibre (0914033) (0914033B0),73,41293.2652,,,63314950
202607,ENGLAND,Enteral nutrition (0914),"Tube feed 1.5kcal/ml peptide  based, higher protein(0914034) (0914034A0)",118,64871.0133163613,,,63314950
202607,ENGLAND,Enteral nutrition (0914),Tube feed 1.8 kcal/ml (0914035) (0914035A0),16,8615.9484,,,63314950
202607,ENGLAND,Enteral nutrition (0914),Tube feed 0.6 kcal/ml peptide based (0914041) (0914041A0),78,46498.5372,,,63314950
202607,ENGLAND,Enteral nutrition (0914),Tube feed 1 kcal/ml peptide based (0914041) (0914041B0),684,530534.574432116,,,63314950
202607,ENGLAND,Enteral nutrition (0914),Tube feed 1.5 kcal/ml peptide based (0914041) (0914041C0),1158,763937.390293277,,,63314950
202607,ENGLAND,Enteral nutrition (0914),Tube feed 1.2 kcal/ml peptide based (0914041D0),81,33553.0344,,,63314950
202607,ENGLAND,Enteral nutrition (0914),Tube feed additive 1 kcal/ml higher protein liquid (0914051) (0914051A0),2349,193605.774314465,,,63314950
202607,ENGLAND,Enteral nutrition (0914),Tube feed additive 2kcal/ml h/prot plant based liq (0914051) (0914051B0),272,28527.8428,,,63314950
202607,ENGLAND,Enteral nutrition (0914),Tube feed additive 0.5 kcal/ml high fibre liquid (0914052) (0914052A0),3366,170957.139749915,,,63314950
202607,ENGLAND,Enteral nutrition (0914),Tube feed non ACBS 1kcal/ml higher protein (0914061) (0914061A0),38,16081.6912,,,63314950
202607,ENGLAND,Enteral nutrition (0914),Tube feed non ACBS 2kcal/ml higher protein(0914061) (0914061C0),638,416788.4912,,,63314950
202607,ENGLAND,Enteral nutrition (0914),Tube feed non ACBS 1.3kcal/ml h/prot for use in IC (0914071) (0914071A0),21,9126.91344670751,,,63314950
202607,ENGLAND,Enteral nutrition (0914),Tube feed non ACBS 1.5kcal/ml for use in diabetes (0914071) (0914071C0),48,26499.6126111269,,,63314950
202607,ENGLAND,Enteral nutrition (0914),Tube feed non ACBS 1kcal/ml for low sodium needs (0914071) (0914071D0),8,11191.7792,,,63314950